filename,parsed_type,parsed_number,parsed_year,match_status,source_path
Peraturan_OJK_3_2015.pdf,POJK,3,2015,COCOK,downloads/Peraturan_OJK_3_2015.pdf
Peraturan_OJK_27_2021.pdf,POJK,27,2021,COCOK,downloads/Peraturan_OJK_27_2021.pdf
POJK_203_20Tahun_202025_20Penatalaksanaan_20Lembaga_20Sertifikasi_20Profesi_20di_20Sektor_20Jasa_20Keuangan.pdf,POJK,3,2025,COCOK,downloads/POJK_203_20Tahun_202025_20Penatalaksanaan_20Lembaga_20Sertifikasi_20Profesi_20di_20Sektor_20Jasa_20Keuangan.pdf
Peraturan_ADK_19_Tahun_2015_PERUBAHAN_KEEMPAT_SURAT_EDARAN_DEWAN_KOMISIONER_OTORITAS_JASA_KEUANGAN_NOMOR_33_SEDK.02_2013_TENTANG_PEDOMAN_TATA_NASKAH_DINAS_OTORITAS_JASA_KEUANGAN.pdf,PADK,19,2015,TIDAK_COCOK,downloads/Peraturan_ADK_19_Tahun_2015_PERUBAHAN_KEEMPAT_SURAT_EDARAN_DEWAN_KOMISIONER_OTORITAS_JASA_KEUANGAN_NOMOR_33_SEDK.02_2013_TENTANG_PEDOMAN_TATA_NASKAH_DINAS_OTORITAS_JASA_KEUANGAN.pdf
Peraturan_ADK_4_Tahun_2022_PEDOMAN_PELAKSANAAN_PELAPORAN_DAN_PERMINTAAN_INFORMASI_DEBITUR_MELALUI_SISTEM_LAYANAN_INFORMASI_KEUANGAN.pdf,PADK,4,2022,TIDAK_COCOK,downloads/Peraturan_ADK_4_Tahun_2022_PEDOMAN_PELAKSANAAN_PELAPORAN_DAN_PERMINTAAN_INFORMASI_DEBITUR_MELALUI_SISTEM_LAYANAN_INFORMASI_KEUANGAN.pdf
Surat_Edaran_OJK_6_2016.pdf,SEOJK,6,2016,COCOK,downloads/Surat_Edaran_OJK_6_2016.pdf
Peraturan_OJK_56_2015.pdf,POJK,56,2015,COCOK,downloads/Peraturan_OJK_56_2015.pdf
FAQ_20SEOJK_2018-SEOJK.08-2024_20Penilaian_20Sendiri_20Terhadap_20Pemenuhan_20Ketentuan_20Pelindungan_20Konsumen_20dan_20Masyarakat_20di_20Sektor_20Jasa_20Keuangan.pdf,,18,2024,TIDAK_COCOK,downloads/FAQ_20SEOJK_2018-SEOJK.08-2024_20Penilaian_20Sendiri_20Terhadap_20Pemenuhan_20Ketentuan_20Pelindungan_20Konsumen_20dan_20Masyarakat_20di_20Sektor_20Jasa_20Keuangan.pdf
Peraturan_OJK_10_2021.pdf,POJK,10,2021,COCOK,downloads/Peraturan_OJK_10_2021.pdf
Peraturan_ADK_19_Tahun_2017_PEDOMAN_PELAKSANAAN_FORUM_PANEL_PENGAWASAN_BANK_PEMBIAYAAN_RAKYAT_SYARIAH_BERDASARKAN_RISIKO.pdf,PADK,19,2017,TIDAK_COCOK,downloads/Peraturan_ADK_19_Tahun_2017_PEDOMAN_PELAKSANAAN_FORUM_PANEL_PENGAWASAN_BANK_PEMBIAYAAN_RAKYAT_SYARIAH_BERDASARKAN_RISIKO.pdf
Peraturan_OJK_37_2016.pdf,POJK,37,2016,COCOK,downloads/Peraturan_OJK_37_2016.pdf
Peraturan_OJK_100_2020.pdf,POJK,100,2020,TIDAK_COCOK,downloads/Peraturan_OJK_100_2020.pdf
Peraturan_ADK_Tahun.pdf,PADK,,,TIDAK_COCOK,downloads/Peraturan_ADK_Tahun.pdf
Surat_Edaran_OJK_22_2023.pdf,SEOJK,22,2023,TIDAK_COCOK,downloads/Surat_Edaran_OJK_22_2023.pdf
Abstrak_20SEOJK_2019-SEOJK06-2025_20Penyelenggaraan_20Layanan_20Pendanaan_20Bersama_20Berbasis_20Teknologi_20Informasi.pdf,,19,2025,TIDAK_COCOK,downloads/Abstrak_20SEOJK_2019-SEOJK06-2025_20Penyelenggaraan_20Layanan_20Pendanaan_20Bersama_20Berbasis_20Teknologi_20Informasi.pdf
Peraturan_OJK_21_2014.pdf,POJK,21,2014,COCOK,downloads/Peraturan_OJK_21_2014.pdf
Tahun_izin_usaha_dan_pencabutan_izin_usaha_Manajer_Investasi_dan_Penasihat_Investasi_20_Perbaikan_Keputusan_OJK_tentang_izin_usaha_dan_pencabutan_izin_usaha_Reksa_Dana_berbentuk_Perseroan_serta_izin_usaha_dan_su.pdf,,20,,TIDAK_COCOK,downloads/Tahun_izin_usaha_dan_pencabutan_izin_usaha_Manajer_Investasi_dan_Penasihat_Investasi_20_Perbaikan_Keputusan_OJK_tentang_izin_usaha_dan_pencabutan_izin_usaha_Reksa_Dana_berbentuk_Perseroan_serta_izin_usaha_dan_su.pdf
708a41f0-9685-3a8d-9676-afa5fb2bee74.pdf,,9685,,TIDAK_COCOK,downloads/708a41f0-9685-3a8d-9676-afa5fb2bee74.pdf
Peraturan_ADK_48_2025.pdf,PADK,48,2025,COCOK,downloads/Peraturan_ADK_48_2025.pdf
POJK_2012_20Tahun_202025_20Penerapan_20Manajemen_20Risiko_20dan_20Penilaian_20Tingkat_20Kesehatan_20Manajer_20Investasi.pdf,POJK,12,2025,COCOK,downloads/POJK_2012_20Tahun_202025_20Penerapan_20Manajemen_20Risiko_20dan_20Penilaian_20Tingkat_20Kesehatan_20Manajer_20Investasi.pdf
Peraturan_ADK_1_Tahun_2024_CUTI_PEGAWAI_OTORITAS_JASA_KEUANGAN.pdf,PADK,1,2024,TIDAK_COCOK,downloads/Peraturan_ADK_1_Tahun_2024_CUTI_PEGAWAI_OTORITAS_JASA_KEUANGAN.pdf
Peraturan_OJK_1_2022.pdf,POJK,1,2022,COCOK,downloads/Peraturan_OJK_1_2022.pdf
Peraturan_ADK_1_Tahun_2025_PEDOMAN_PELAKSANAAN_PENGENDALIAN_KUALITAS_PENGAWASAN_KONGLOMERASI_KEUANGAN_YANG_WAJIB_MEMBENTUK_PERUSAHAAN_INDUK_KONGLOMERASI_KEUANGAN_MELALUI_FORUM_PANEL_PENGAWASAN_BERDASARKAN_RISIKO.pdf,PADK,1,2025,TIDAK_COCOK,downloads/Peraturan_ADK_1_Tahun_2025_PEDOMAN_PELAKSANAAN_PENGENDALIAN_KUALITAS_PENGAWASAN_KONGLOMERASI_KEUANGAN_YANG_WAJIB_MEMBENTUK_PERUSAHAAN_INDUK_KONGLOMERASI_KEUANGAN_MELALUI_FORUM_PANEL_PENGAWASAN_BERDASARKAN_RISIKO.pdf
FAQ_20PADK_202_20Tahun_202026_20Penyelenggaraan_20Beli_20Sekarang_20Bayar_20Nanti_20_28Buy_20Now_20Pay_20Later_29_20Bagi_20Perusahaan_20Pembiayaan_20dan_20Perusahaan_20Pembiayaan_20Syariah.pdf,,2,2026,TIDAK_COCOK,downloads/FAQ_20PADK_202_20Tahun_202026_20Penyelenggaraan_20Beli_20Sekarang_20Bayar_20Nanti_20_28Buy_20Now_20Pay_20Later_29_20Bagi_20Perusahaan_20Pembiayaan_20dan_20Perusahaan_20Pembiayaan_20Syariah.pdf
Abstrak_20POJK_2016_20Tahun_202024_20Pengawasan_20PT_20Sarana_20Multi_20Infrastruktur_20_Persero_.pdf,,16,2024,TIDAK_COCOK,downloads/Abstrak_20POJK_2016_20Tahun_202024_20Pengawasan_20PT_20Sarana_20Multi_20Infrastruktur_20_Persero_.pdf
Peraturan_OJK_5_2024.pdf,POJK,5,2024,COCOK,downloads/Peraturan_OJK_5_2024.pdf
Abstrak_20POJK_209_20Tahun_202024_20Penerapan_20Tata_20Kelola_20bagi_20BPR_20dan_20BPRS.pdf,,9,2024,TIDAK_COCOK,downloads/Abstrak_20POJK_209_20Tahun_202024_20Penerapan_20Tata_20Kelola_20bagi_20BPR_20dan_20BPRS.pdf
Tahun_FASILITAS_DAN_TARIF_FASILITAS_PERJALANAN_DINAS_PEGAWAI_OTORITAS_JASA_KEUANGAN.pdf,,,,TIDAK_COCOK,downloads/Tahun_FASILITAS_DAN_TARIF_FASILITAS_PERJALANAN_DINAS_PEGAWAI_OTORITAS_JASA_KEUANGAN.pdf
Peraturan_ADK_7_Tahun_2014_PERUBAHAN_ATAS_PERATURAN_DEWAN_KOMISIONER_OTORITAS_JASA_KEUANGAN_NOMOR_31_PDK.02_2013_TENTANG_CUTI_PEGAWAI_OTORITAS_JASA_KEUANGAN.pdf,PADK,7,2014,TIDAK_COCOK,downloads/Peraturan_ADK_7_Tahun_2014_PERUBAHAN_ATAS_PERATURAN_DEWAN_KOMISIONER_OTORITAS_JASA_KEUANGAN_NOMOR_31_PDK.02_2013_TENTANG_CUTI_PEGAWAI_OTORITAS_JASA_KEUANGAN.pdf
Peraturan_OJK_25_2014.pdf,POJK,25,2014,COCOK,downloads/Peraturan_OJK_25_2014.pdf
Surat_Edaran_OJK_31_2016.pdf,SEOJK,31,2016,COCOK,downloads/Surat_Edaran_OJK_31_2016.pdf
Peraturan_OJK_24_2022.pdf,POJK,24,2022,COCOK,downloads/Peraturan_OJK_24_2022.pdf
Peraturan_ADK_9_Tahun_2020_PEDOMAN_PENGAWASAN_BANK_BERDASARKAN_RISIKO_UNTUK_TAHAPAN_PEMERIKSAAN_BERDASARKAN_RISIKO.pdf,PADK,9,2020,TIDAK_COCOK,downloads/Peraturan_ADK_9_Tahun_2020_PEDOMAN_PENGAWASAN_BANK_BERDASARKAN_RISIKO_UNTUK_TAHAPAN_PEMERIKSAAN_BERDASARKAN_RISIKO.pdf
Peraturan_OJK_4_2014.pdf,POJK,4,2014,COCOK,downloads/Peraturan_OJK_4_2014.pdf
Surat_Edaran_OJK_21_2017.pdf,SEOJK,21,2017,COCOK,downloads/Surat_Edaran_OJK_21_2017.pdf
Peraturan_ADK_9_Tahun_2025_TATA_CARA_PENGELOLAAN_RENCANA_KERJA_DAN_ANGGARAN_OTORITAS_JASA_KEUANGAN.pdf,PADK,9,2025,TIDAK_COCOK,downloads/Peraturan_ADK_9_Tahun_2025_TATA_CARA_PENGELOLAAN_RENCANA_KERJA_DAN_ANGGARAN_OTORITAS_JASA_KEUANGAN.pdf
Peraturan_OJK_55_2015.pdf,POJK,55,2015,COCOK,downloads/Peraturan_OJK_55_2015.pdf
SEOJK_207-SEOJK.07-2024_20Pelaporan_20Penyelenggara_20Inovasi_20Teknologi_20Sektor_20Keuangan_20yang_20Terdaftar_20di_20Otoritas_20Jasa_20Keuangan.pdf,SEOJK,7,2024,COCOK,downloads/SEOJK_207-SEOJK.07-2024_20Pelaporan_20Penyelenggara_20Inovasi_20Teknologi_20Sektor_20Keuangan_20yang_20Terdaftar_20di_20Otoritas_20Jasa_20Keuangan.pdf
Peraturan_ADK_02_Tahun_2021_PETUNJUK_PROTOKOL_MANAJEMEN_KRISIS_BIDANG_PENGAWASAN_SEKTOR_PASAR_MODAL.pdf,PADK,2,2021,TIDAK_COCOK,downloads/Peraturan_ADK_02_Tahun_2021_PETUNJUK_PROTOKOL_MANAJEMEN_KRISIS_BIDANG_PENGAWASAN_SEKTOR_PASAR_MODAL.pdf
Peraturan_ADK_45_Tahun_2013_PERUBAHAN_KELIMA_ATAS_KEPUTUSAN_DEWAN_KOMISIONER_OTORITAS_JASA_KEUANGAN_NOMOR_01_15_KDK_XII_2012_TENTANG_PENDELEGASIAN_WEWENANG_DEWAN_KOMISIONER_OTORITAS_JASA_KEUANGAN.pdf,PADK,45,2013,TIDAK_COCOK,downloads/Peraturan_ADK_45_Tahun_2013_PERUBAHAN_KELIMA_ATAS_KEPUTUSAN_DEWAN_KOMISIONER_OTORITAS_JASA_KEUANGAN_NOMOR_01_15_KDK_XII_2012_TENTANG_PENDELEGASIAN_WEWENANG_DEWAN_KOMISIONER_OTORITAS_JASA_KEUANGAN.pdf
FAQ_20PADK_2042-PADK03-2025_20Perintah_20Tertulis_20untuk_20Penanganan_20Permasalahan_20Bank_20melalui_20Penggabungan_20Peleburan_20Pengambilalihan_20Integrasi_20dan_20atau_20Konversi.pdf,,42,2025,TIDAK_COCOK,downloads/FAQ_20PADK_2042-PADK03-2025_20Perintah_20Tertulis_20untuk_20Penanganan_20Permasalahan_20Bank_20melalui_20Penggabungan_20Peleburan_20Pengambilalihan_20Integrasi_20dan_20atau_20Konversi.pdf
Peraturan_ADK_46_2025.pdf,PADK,46,2025,COCOK,downloads/Peraturan_ADK_46_2025.pdf
Surat_Edaran_OJK_32_2022.pdf,SEOJK,32,2022,COCOK,downloads/Surat_Edaran_OJK_32_2022.pdf
Abstrak_20PADK_2044-PADK01-2025_20Tata_20Cara_20Penggunaan_20Profesi_20Penunjang_20di_20SJK.pdf,,44,2025,TIDAK_COCOK,downloads/Abstrak_20PADK_2044-PADK01-2025_20Tata_20Cara_20Penggunaan_20Profesi_20Penunjang_20di_20SJK.pdf
Peraturan_OJK_10_2017.pdf,POJK,10,2017,COCOK,downloads/Peraturan_OJK_10_2017.pdf
Peraturan_ADK_20_Tahun_2013_PEDOMAN_PENYUSUNAN_STANDAR_PROSEDUR_OPERASIONAL_STANDARD_OPERATIONAL_PROCEDURES_DI_LINGKUNGAN_OTORITAS_JASA_KEUANGAN.pdf,PADK,20,2013,TIDAK_COCOK,downloads/Peraturan_ADK_20_Tahun_2013_PEDOMAN_PENYUSUNAN_STANDAR_PROSEDUR_OPERASIONAL_STANDARD_OPERATIONAL_PROCEDURES_DI_LINGKUNGAN_OTORITAS_JASA_KEUANGAN.pdf
Surat_Edaran_OJK_6_2019.pdf,SEOJK,6,2019,COCOK,downloads/Surat_Edaran_OJK_6_2019.pdf
Peraturan_ADK_16_Tahun_2016_PERUBAHAN_KEDUA_ATAS_SURAT_EDARAN_DEWAN_KOMISIONER_OTORITAS_JASA_KEUANGAN_NOMOR_15_SEDK.02_2014_TENTANG_NAMA_SATUAN_KERJA_UNIT_KERJA_DAN_JABATAN_DI_OTORITAS_JASA_KEUANGAN_DALAM_BAHASA_INGGRIS.pdf,PADK,16,2016,TIDAK_COCOK,downloads/Peraturan_ADK_16_Tahun_2016_PERUBAHAN_KEDUA_ATAS_SURAT_EDARAN_DEWAN_KOMISIONER_OTORITAS_JASA_KEUANGAN_NOMOR_15_SEDK.02_2014_TENTANG_NAMA_SATUAN_KERJA_UNIT_KERJA_DAN_JABATAN_DI_OTORITAS_JASA_KEUANGAN_DALAM_BAHASA_INGGRIS.pdf
Abstrak_20POJK_2024_20Tahun_202025_20Pengelolaan_20Rekening_20pada_20Bank_20Umum.pdf,,24,2025,TIDAK_COCOK,downloads/Abstrak_20POJK_2024_20Tahun_202025_20Pengelolaan_20Rekening_20pada_20Bank_20Umum.pdf
Surat_Edaran_OJK_9_2013.pdf,SEOJK,9,2013,COCOK,downloads/Surat_Edaran_OJK_9_2013.pdf
Peraturan_ADK_2_Tahun_2020_PERUBAHAN_ATAS_KEPUTUSAN_DEWAN_KOMISIONER_OTORITAS_JASA_KEUANGAN_NOMOR_1_KDK.02_2019_TENTANG_PENUNJUKAN_PEJABAT_DAN_ATAU_PEGAWAI_SEBAGAI_PELAKSANA_ANGGARAN_OTORITAS_JASA_KEUANGAN.pdf,PADK,2,2020,TIDAK_COCOK,downloads/Peraturan_ADK_2_Tahun_2020_PERUBAHAN_ATAS_KEPUTUSAN_DEWAN_KOMISIONER_OTORITAS_JASA_KEUANGAN_NOMOR_1_KDK.02_2019_TENTANG_PENUNJUKAN_PEJABAT_DAN_ATAU_PEGAWAI_SEBAGAI_PELAKSANA_ANGGARAN_OTORITAS_JASA_KEUANGAN.pdf
Peraturan_OJK_21_2011.pdf,POJK,21,2011,TIDAK_COCOK,downloads/Peraturan_OJK_21_2011.pdf
FAQ_20SEOJK_209-SEOJK03-2025_20Penerapan_20Fungsi_20Audit_20Intern_20Bagi_20Bank_20Perekonomian_20Rakyat_20dan_20Bank_20Perekonomian_20Rakyat_20Syariah.pdf,,9,2025,TIDAK_COCOK,downloads/FAQ_20SEOJK_209-SEOJK03-2025_20Penerapan_20Fungsi_20Audit_20Intern_20Bagi_20Bank_20Perekonomian_20Rakyat_20dan_20Bank_20Perekonomian_20Rakyat_20Syariah.pdf
Peraturan_OJK_39_2015.pdf,POJK,39,2015,COCOK,downloads/Peraturan_OJK_39_2015.pdf
Peraturan_OJK_64_2016.pdf,POJK,64,2016,TIDAK_COCOK,downloads/Peraturan_OJK_64_2016.pdf
Peraturan_OJK_26_2018.pdf,POJK,26,2018,COCOK,downloads/Peraturan_OJK_26_2018.pdf
Peraturan_ADK_22_Tahun_2016_PENGELOLAAN_KELANGSUNGAN_SISTEM_INFORMASI_OTORITAS_JASA_KEUANGAN.pdf,PADK,22,2016,TIDAK_COCOK,downloads/Peraturan_ADK_22_Tahun_2016_PENGELOLAAN_KELANGSUNGAN_SISTEM_INFORMASI_OTORITAS_JASA_KEUANGAN.pdf
FAQ_20SEOJK_2030-SEOJK06-2025_20Perizinan_20Persetujuan_20dan_20Pelaporan_20secara_20Elektronik_20Perusahaan_20Pergadaian_20dan_20Perusahaan_20Pergadaian_20Syariah.pdf,,30,2025,TIDAK_COCOK,downloads/FAQ_20SEOJK_2030-SEOJK06-2025_20Perizinan_20Persetujuan_20dan_20Pelaporan_20secara_20Elektronik_20Perusahaan_20Pergadaian_20dan_20Perusahaan_20Pergadaian_20Syariah.pdf
Peraturan_ADK_2_Tahun_2018_PERUBAHAN_ATAS_PERATURAN_DEWAN_KOMISIONER_OTORITAS_JASA_KEUANGAN_NOMOR_4_PDK.02_2015_TENTANG_DEWAN_AUDIT_OTORITAS_JASA_KEUANGAN.pdf,PADK,2,2018,TIDAK_COCOK,downloads/Peraturan_ADK_2_Tahun_2018_PERUBAHAN_ATAS_PERATURAN_DEWAN_KOMISIONER_OTORITAS_JASA_KEUANGAN_NOMOR_4_PDK.02_2015_TENTANG_DEWAN_AUDIT_OTORITAS_JASA_KEUANGAN.pdf
FAQ_20POJK_2021_20Tahun_202025_20Kewajiban_20Pemenuhan_20Rasio_20Pengungkit_20bagi_20Bank_20Umum_20Syariah.pdf,,21,2025,TIDAK_COCOK,downloads/FAQ_20POJK_2021_20Tahun_202025_20Kewajiban_20Pemenuhan_20Rasio_20Pengungkit_20bagi_20Bank_20Umum_20Syariah.pdf
Peraturan_OJK_23_2015.pdf,POJK,23,2015,TIDAK_COCOK,downloads/Peraturan_OJK_23_2015.pdf
Peraturan_OJK_5_2018.pdf,POJK,5,2018,COCOK,downloads/Peraturan_OJK_5_2018.pdf
POJK_204_20Tahun_202026_20Penyelenggaraan_20Produk_20Investasi_20Perbankan_20Syariah.pdf,POJK,4,2026,COCOK,downloads/POJK_204_20Tahun_202026_20Penyelenggaraan_20Produk_20Investasi_20Perbankan_20Syariah.pdf
a1c9c7c6-cf56-4ca3-06f9-d445a796e914.pdf,,,,TIDAK_COCOK,downloads/a1c9c7c6-cf56-4ca3-06f9-d445a796e914.pdf
Surat_Edaran_OJK_28_2019.pdf,SEOJK,28,2019,COCOK,downloads/Surat_Edaran_OJK_28_2019.pdf
Peraturan_ADK_11_Tahun_2014_STANDAR_DOKUMEN_PENGADAAN_BARANG_DAN_OTORITAS_JASA_KEUANGAN.pdf,PADK,11,2014,TIDAK_COCOK,downloads/Peraturan_ADK_11_Tahun_2014_STANDAR_DOKUMEN_PENGADAAN_BARANG_DAN_OTORITAS_JASA_KEUANGAN.pdf
Peraturan_ADK_2_Tahun_2015_PETUNJUK_PELAKSANAAN_PROTOKOL_MANAJEMEN_KRISIS_DI_OTORITAS_JASA_KEUANGAN.pdf,PADK,2,2015,TIDAK_COCOK,downloads/Peraturan_ADK_2_Tahun_2015_PETUNJUK_PELAKSANAAN_PROTOKOL_MANAJEMEN_KRISIS_DI_OTORITAS_JASA_KEUANGAN.pdf
Peraturan_OJK_3_2018.pdf,POJK,3,2018,COCOK,downloads/Peraturan_OJK_3_2018.pdf
Surat_Edaran_OJK_31_2017.pdf,SEOJK,31,2017,COCOK,downloads/Surat_Edaran_OJK_31_2017.pdf
Peraturan_OJK_8_2014.pdf,POJK,8,2014,COCOK,downloads/Peraturan_OJK_8_2014.pdf
POJK_2040_20Tahun_202024_20Layanan_20Pendanaan_20Bersama_20Berbasis_20Teknologi_20Informasi.pdf,POJK,40,2024,COCOK,downloads/POJK_2040_20Tahun_202024_20Layanan_20Pendanaan_20Bersama_20Berbasis_20Teknologi_20Informasi.pdf
Surat_Edaran_OJK_8_2016.pdf,SEOJK,8,2016,COCOK,downloads/Surat_Edaran_OJK_8_2016.pdf
Peraturan_ADK_21_Tahun_2011_SERAH_TERIMA_JABATAN_PEMIMPIN_SATUAN_KERJA_DI_OTORITAS_JASA_KEUANGAN.pdf,PADK,21,2011,TIDAK_COCOK,downloads/Peraturan_ADK_21_Tahun_2011_SERAH_TERIMA_JABATAN_PEMIMPIN_SATUAN_KERJA_DI_OTORITAS_JASA_KEUANGAN.pdf
Peraturan_ADK_21_Tahun_2013_PENYELENGGARAAN_PROGRAM_JAMINAN_SOSIAL_TENAGA_KERJA_JAMSOSTEK_DI_OTORITAS_JASA_KEUANGAN.pdf,PADK,21,2013,TIDAK_COCOK,downloads/Peraturan_ADK_21_Tahun_2013_PENYELENGGARAAN_PROGRAM_JAMINAN_SOSIAL_TENAGA_KERJA_JAMSOSTEK_DI_OTORITAS_JASA_KEUANGAN.pdf
Peraturan_ADK_12_Tahun_2015_ORGANISASI_OTORITAS_JASA_KEUANGAN.pdf,PADK,12,2015,TIDAK_COCOK,downloads/Peraturan_ADK_12_Tahun_2015_ORGANISASI_OTORITAS_JASA_KEUANGAN.pdf
Peraturan_ADK_9_Tahun_2013_PERUBAHAN_KETIGA_ATAS_PERATURAN_DEWAN_KOMISIONER_OTORITAS_JASA_KEUANGAN_NOMOR_01_08_PDK_IX_2012_TENTANG_ORGANISASI_OTORITAS_JASA_KEUANGAN.pdf,PADK,9,2013,TIDAK_COCOK,downloads/Peraturan_ADK_9_Tahun_2013_PERUBAHAN_KETIGA_ATAS_PERATURAN_DEWAN_KOMISIONER_OTORITAS_JASA_KEUANGAN_NOMOR_01_08_PDK_IX_2012_TENTANG_ORGANISASI_OTORITAS_JASA_KEUANGAN.pdf
Peraturan_ADK_11_Tahun_2017_PERUBAHAN_ATAS_PERATURAN_DEWAN_KOMISIONER_OTORITAS_JASA_KEUANGAN_NOMOR_10_PDK.02_2017_TENTANG_ORGANISASI_OTORITAS_JASA_KEUANGAN.pdf,PADK,11,2017,TIDAK_COCOK,downloads/Peraturan_ADK_11_Tahun_2017_PERUBAHAN_ATAS_PERATURAN_DEWAN_KOMISIONER_OTORITAS_JASA_KEUANGAN_NOMOR_10_PDK.02_2017_TENTANG_ORGANISASI_OTORITAS_JASA_KEUANGAN.pdf
FAQ_20POJK_2028_20Tahun_202024_20Pengelolaan_20Informasi_20Rekam_20Jejak_20Pelaku_20Melalui_20Sistem_20Informasi_20Pelaku.pdf,,28,2024,TIDAK_COCOK,downloads/FAQ_20POJK_2028_20Tahun_202024_20Pengelolaan_20Informasi_20Rekam_20Jejak_20Pelaku_20Melalui_20Sistem_20Informasi_20Pelaku.pdf
Peraturan_OJK_8_2016.pdf,POJK,8,2016,COCOK,downloads/Peraturan_OJK_8_2016.pdf
Peraturan_OJK_29_2017.pdf,POJK,29,2017,COCOK,downloads/Peraturan_OJK_29_2017.pdf
Peraturan_OJK_45_2016.pdf,POJK,45,2016,COCOK,downloads/Peraturan_OJK_45_2016.pdf
Abstrak_20POJK_207_20Tahun_202025_20Laporan_20Bank_20Umum_20Sebagai_20Kustodian.pdf,,7,2025,TIDAK_COCOK,downloads/Abstrak_20POJK_207_20Tahun_202025_20Laporan_20Bank_20Umum_20Sebagai_20Kustodian.pdf
Peraturan_ADK_2_Tahun_2016_PENGELOLAAN_PENGENDALIAN_GRATIFIKASI_DI_OTORITAS_JASA_KEUANGAN.pdf,PADK,2,2016,TIDAK_COCOK,downloads/Peraturan_ADK_2_Tahun_2016_PENGELOLAAN_PENGENDALIAN_GRATIFIKASI_DI_OTORITAS_JASA_KEUANGAN.pdf
Peraturan_OJK_19_2025.pdf,POJK,19,2025,COCOK,downloads/Peraturan_OJK_19_2025.pdf
Peraturan_ADK_11_Tahun_2015_PEDOMAN_PENGAWASAN_TERINTEGRASI_BERDASARKAN_RISIKO_TERHADAP_KONGLOMERASI_KEUANGAN_UNTUK_TAHAPAN_KOORDINASI_PEMERIKSAAN_BERDASARKAN_RISIKO.pdf,PADK,11,2015,TIDAK_COCOK,downloads/Peraturan_ADK_11_Tahun_2015_PEDOMAN_PENGAWASAN_TERINTEGRASI_BERDASARKAN_RISIKO_TERHADAP_KONGLOMERASI_KEUANGAN_UNTUK_TAHAPAN_KOORDINASI_PEMERIKSAAN_BERDASARKAN_RISIKO.pdf
Peraturan_OJK_20_2017.pdf,POJK,20,2017,COCOK,downloads/Peraturan_OJK_20_2017.pdf
Surat_Edaran_OJK_16_2020.pdf,SEOJK,16,2020,COCOK,downloads/Surat_Edaran_OJK_16_2020.pdf
Peraturan_ADK_21_Tahun_2011_FUNGSI_DAN_TUGAS_JABATAN_FUNGSIONAL_SPESIALIS_UTAMA_DAN_SPESIALIS_MADYA.pdf,PADK,21,2011,TIDAK_COCOK,downloads/Peraturan_ADK_21_Tahun_2011_FUNGSI_DAN_TUGAS_JABATAN_FUNGSIONAL_SPESIALIS_UTAMA_DAN_SPESIALIS_MADYA.pdf
Peraturan_ADK_36_Tahun_2013_PENETAPAN_INITIATIVE_OWNER_INITIATIVE_COORDINATOR_INITIATIVE_MEMBER_DAN_INITIATIVE_OFFICE_PROGRAM_IMPLEMENTASI_INISIATIF_PENATAAN_ORGANISASI_OTORITAS_JASA_KEUANGAN.pdf,PADK,36,2013,TIDAK_COCOK,downloads/Peraturan_ADK_36_Tahun_2013_PENETAPAN_INITIATIVE_OWNER_INITIATIVE_COORDINATOR_INITIATIVE_MEMBER_DAN_INITIATIVE_OFFICE_PROGRAM_IMPLEMENTASI_INISIATIF_PENATAAN_ORGANISASI_OTORITAS_JASA_KEUANGAN.pdf
Abstrak_20SEOJK_2011-SEOJK.01-2024_20Pelaporan_20dan_20Permintaan_20Informasi_20Debitur_20Melalui_20Sistem_20Layanan_20Informasi_20Keuangan.pdf,,11,2024,TIDAK_COCOK,downloads/Abstrak_20SEOJK_2011-SEOJK.01-2024_20Pelaporan_20dan_20Permintaan_20Informasi_20Debitur_20Melalui_20Sistem_20Layanan_20Informasi_20Keuangan.pdf
21_2011.pdf,,21,2011,TIDAK_COCOK,downloads/21_2011.pdf
Surat_Edaran_OJK_9_2025.pdf,SEOJK,9,2025,COCOK,downloads/Surat_Edaran_OJK_9_2025.pdf
Peraturan_ADK_1_Tahun_2024_PEDOMAN_PELAKSANAAN_PENGENDALIAN_KUALITAS_PENGAWASAN_LEMBAGA_PEMBIAYAAN_PERUSAHAAN_MODAL_VENTURA_LEMBAGA_KEUANGAN_MIKRO_DAN_LEMBAGA_JASA_KEUANGAN_LAINNYA.pdf,PADK,1,2024,TIDAK_COCOK,downloads/Peraturan_ADK_1_Tahun_2024_PEDOMAN_PELAKSANAAN_PENGENDALIAN_KUALITAS_PENGAWASAN_LEMBAGA_PEMBIAYAAN_PERUSAHAAN_MODAL_VENTURA_LEMBAGA_KEUANGAN_MIKRO_DAN_LEMBAGA_JASA_KEUANGAN_LAINNYA.pdf
Abstrak_20PADK_2041-PADK05-2025_20Penerapan_20Manajemen_20Risiko_20Bagi_20Lembaga_20Penjamin.pdf,,41,2025,TIDAK_COCOK,downloads/Abstrak_20PADK_2041-PADK05-2025_20Penerapan_20Manajemen_20Risiko_20Bagi_20Lembaga_20Penjamin.pdf
Peraturan_ADK_21_Tahun_2011_PENETAPAN_DAN_PENGANGKATAN_PEGAWAI_PROMOSI_KE_LEVEL_JABATAN_KEPALA_DEPARTEMEN_SERTA_PENUGASAN_KE_DANA_PENSIUN_OTORITAS_JASA_KEUANGAN.pdf,PADK,21,2011,TIDAK_COCOK,downloads/Peraturan_ADK_21_Tahun_2011_PENETAPAN_DAN_PENGANGKATAN_PEGAWAI_PROMOSI_KE_LEVEL_JABATAN_KEPALA_DEPARTEMEN_SERTA_PENUGASAN_KE_DANA_PENSIUN_OTORITAS_JASA_KEUANGAN.pdf
Peraturan_ADK_29_Tahun_2013_PEDOMAN_PEMERIKSAAN_BERDASARKAN_RISIKO_UNTUK_PEMERIKSAAN_RISIKO_PASAR.pdf,PADK,29,2013,TIDAK_COCOK,downloads/Peraturan_ADK_29_Tahun_2013_PEDOMAN_PEMERIKSAAN_BERDASARKAN_RISIKO_UNTUK_PEMERIKSAAN_RISIKO_PASAR.pdf
Peraturan_OJK_8_1995.pdf,POJK,8,1995,TIDAK_COCOK,downloads/Peraturan_OJK_8_1995.pdf
SK_Dir_27-164-KEP-DIR-1995_Pedoman_Teknologi_Sistem_Informasi_Oleh_Bank_1995.pdf,KEPDIR,27,1995,TIDAK_COCOK,downloads/SK_Dir_27-164-KEP-DIR-1995_Pedoman_Teknologi_Sistem_Informasi_Oleh_Bank_1995.pdf
POJK_2026_20Tahun_202024_20Perluasan_20Kegiatan_20Usaha_20Perbankan.pdf,POJK,26,2024,COCOK,downloads/POJK_2026_20Tahun_202024_20Perluasan_20Kegiatan_20Usaha_20Perbankan.pdf
FAQ_20POJK_2027_20Tahun_202025_20Pengelolaan_20Aset_20dan_20Liabilitas_20Perusahaan_20Asuransi_20dan_20Perusahaan_20Reasuransi_20dengan_20Prinsip_20Syariah.pdf,,27,2025,TIDAK_COCOK,downloads/FAQ_20POJK_2027_20Tahun_202025_20Pengelolaan_20Aset_20dan_20Liabilitas_20Perusahaan_20Asuransi_20dan_20Perusahaan_20Reasuransi_20dengan_20Prinsip_20Syariah.pdf
Surat_Edaran_OJK_11_2014.pdf,SEOJK,11,2014,COCOK,downloads/Surat_Edaran_OJK_11_2014.pdf
SK_Dir_26-68-KEP-DIR-1993_Saham_Sebagai_Agunan_Tambahan_Kredit_1993.pdf,KEPDIR,26,1993,TIDAK_COCOK,downloads/SK_Dir_26-68-KEP-DIR-1993_Saham_Sebagai_Agunan_Tambahan_Kredit_1993.pdf
Peraturan_ADK_2_Tahun_2015_PEDOMAN_PEMANTAUAN_DAN_ANALISIS_PERLINDUNGAN_KONSUMEN_DI_SEKTOR_JASA_KEUANGAN.pdf,PADK,2,2015,TIDAK_COCOK,downloads/Peraturan_ADK_2_Tahun_2015_PEDOMAN_PEMANTAUAN_DAN_ANALISIS_PERLINDUNGAN_KONSUMEN_DI_SEKTOR_JASA_KEUANGAN.pdf
Peraturan_ADK_1_Tahun_2017_PERUBAHAN_KEDUA_ATAS_SURAT_EDARAN_DEWAN_KOMISIONER_OTORITAS_JASA_KEUANGAN_NOMOR_1_SEDK.01_2015_TENTANG_PEDOMAN_MANAJEMEN_KINERJA_OTORITAS_JASA_KEUANGAN.pdf,PADK,1,2017,TIDAK_COCOK,downloads/Peraturan_ADK_1_Tahun_2017_PERUBAHAN_KEDUA_ATAS_SURAT_EDARAN_DEWAN_KOMISIONER_OTORITAS_JASA_KEUANGAN_NOMOR_1_SEDK.01_2015_TENTANG_PEDOMAN_MANAJEMEN_KINERJA_OTORITAS_JASA_KEUANGAN.pdf
Peraturan_ADK_9_Tahun_2014_PELAKSANAAN_KERJA_LEMBUR_DI_OTORITAS_JASA_KEUANGAN.pdf,PADK,9,2014,TIDAK_COCOK,downloads/Peraturan_ADK_9_Tahun_2014_PELAKSANAAN_KERJA_LEMBUR_DI_OTORITAS_JASA_KEUANGAN.pdf
Peraturan_OJK_37_2025.pdf,POJK,37,2025,COCOK,downloads/Peraturan_OJK_37_2025.pdf
Abstrak_20POJK_2025_20Tahun_202023_20Penyelenggaraan_20Usaha_20Perusahaan_20Modal_20Ventura_20dan_20Perusahaan_20Modal_20Ventura_20Syariah.pdf,,25,2023,TIDAK_COCOK,downloads/Abstrak_20POJK_2025_20Tahun_202023_20Penyelenggaraan_20Usaha_20Perusahaan_20Modal_20Ventura_20dan_20Perusahaan_20Modal_20Ventura_20Syariah.pdf
FAQ_20POJK_2010_20Tahun_202025_20Perubahan_20POJK_20Perizinan_20Usaha_20dan_20Kelembagaan_20Lembaga_20Penjamin.pdf,,10,2025,TIDAK_COCOK,downloads/FAQ_20POJK_2010_20Tahun_202025_20Perubahan_20POJK_20Perizinan_20Usaha_20dan_20Kelembagaan_20Lembaga_20Penjamin.pdf
Surat_Edaran_OJK_12_2025.pdf,SEOJK,12,2025,COCOK,downloads/Surat_Edaran_OJK_12_2025.pdf
Peraturan_OJK_17_2017.pdf,POJK,17,2017,COCOK,downloads/Peraturan_OJK_17_2017.pdf
Peraturan_ADK_1_Tahun_2015_PERUBAHAN_ATAS_PERATURAN_DEWAN_KOMISIONER_OTORITAS_JASA_KEUANGAN_NOMOR_12_PDK.02_2015_TENTANG_ORGANISASI_OTORITAS_JASA_KEUANGAN.pdf,PADK,1,2015,TIDAK_COCOK,downloads/Peraturan_ADK_1_Tahun_2015_PERUBAHAN_ATAS_PERATURAN_DEWAN_KOMISIONER_OTORITAS_JASA_KEUANGAN_NOMOR_12_PDK.02_2015_TENTANG_ORGANISASI_OTORITAS_JASA_KEUANGAN.pdf
SEOJK_2032-SEOJK03-2025_20Transparansi_20dan_20Publikasi_20Laporan_20Bank_20Umum_20Syariah_20dan_20Unit_20Usaha_20Syariah.pdf,SEOJK,32,2025,COCOK,downloads/SEOJK_2032-SEOJK03-2025_20Transparansi_20dan_20Publikasi_20Laporan_20Bank_20Umum_20Syariah_20dan_20Unit_20Usaha_20Syariah.pdf
Peraturan_ADK_7_Tahun_2022_PEDOMAN_PEMERIKSAAN_BERBASIS_RISIKO_BAGI_NOTARIS_DI_PASAR_MODAL.pdf,PADK,7,2022,TIDAK_COCOK,downloads/Peraturan_ADK_7_Tahun_2022_PEDOMAN_PEMERIKSAAN_BERBASIS_RISIKO_BAGI_NOTARIS_DI_PASAR_MODAL.pdf
FAQ_20SEOJK_2020-SEOJK08-2025_20Publikasi_20Penanganan_20Pengaduan_20dan_20Laporan_20Layanan_20Pengaduan.pdf,,20,2025,TIDAK_COCOK,downloads/FAQ_20SEOJK_2020-SEOJK08-2025_20Publikasi_20Penanganan_20Pengaduan_20dan_20Laporan_20Layanan_20Pengaduan.pdf
Peraturan_OJK_24_2025.pdf,POJK,24,2025,COCOK,downloads/Peraturan_OJK_24_2025.pdf
Peraturan_ADK_14_Tahun_2014_PERUBAHAN_KEDUA_ATAS_PERATURAN_DEWAN_KOMISIONER_OTORITAS_JASA_KEUANGAN_NOMOR_01_13_PDK_XII_2012_TENTANG_STANDAR_DAN_KEBIJAKAN_AKUNTANSI_OTORITAS_JASA_KEUANGAN.pdf,PADK,14,2014,TIDAK_COCOK,downloads/Peraturan_ADK_14_Tahun_2014_PERUBAHAN_KEDUA_ATAS_PERATURAN_DEWAN_KOMISIONER_OTORITAS_JASA_KEUANGAN_NOMOR_01_13_PDK_XII_2012_TENTANG_STANDAR_DAN_KEBIJAKAN_AKUNTANSI_OTORITAS_JASA_KEUANGAN.pdf
Peraturan_OJK_22_2019.pdf,POJK,22,2019,COCOK,downloads/Peraturan_OJK_22_2019.pdf
Peraturan_OJK_58_2020.pdf,POJK,58,2020,COCOK,downloads/Peraturan_OJK_58_2020.pdf
Peraturan_ADK_1_Tahun_2016_SINGKATAN_AKRONIM_DAN_KODERING_TATA_NASKAH_DINAS_SATUAN_DAN_ATAU_UNIT_KERJA_DI_LINGKUNGAN_OTORITAS_JASA_KEUANGAN.pdf,PADK,1,2016,TIDAK_COCOK,downloads/Peraturan_ADK_1_Tahun_2016_SINGKATAN_AKRONIM_DAN_KODERING_TATA_NASKAH_DINAS_SATUAN_DAN_ATAU_UNIT_KERJA_DI_LINGKUNGAN_OTORITAS_JASA_KEUANGAN.pdf
Peraturan_OJK_9_2020.pdf,POJK,9,2020,COCOK,downloads/Peraturan_OJK_9_2020.pdf
Peraturan_OJK_61_2017.pdf,POJK,61,2017,COCOK,downloads/Peraturan_OJK_61_2017.pdf
Peraturan_ADK_2_Tahun_2025_PENGENDALIAN_KUALITAS_PENGAWASAN_PERILAKU_PELAKU_USAHA_JASA_KEUANGAN_MARKET_CONDUCT_SEKTOR_JASA_KEUANGAN.pdf,PADK,2,2025,TIDAK_COCOK,downloads/Peraturan_ADK_2_Tahun_2025_PENGENDALIAN_KUALITAS_PENGAWASAN_PERILAKU_PELAKU_USAHA_JASA_KEUANGAN_MARKET_CONDUCT_SEKTOR_JASA_KEUANGAN.pdf
Salinan_20POJK_20Nomor_204_20Tahun_202025.pdf,,4,2025,TIDAK_COCOK,downloads/Salinan_20POJK_20Nomor_204_20Tahun_202025.pdf
Peraturan_ADK_21_Tahun_2011_BATAS_USIA_PENSIUN_PEGAWAI_OTORITAS_JASA_KEUANGAN.pdf,PADK,21,2011,TIDAK_COCOK,downloads/Peraturan_ADK_21_Tahun_2011_BATAS_USIA_PENSIUN_PEGAWAI_OTORITAS_JASA_KEUANGAN.pdf
Peraturan_ADK_1_Tahun_2020_PEDOMAN_TINDAK_LANJUT_LAPORAN_BULANAN_BANK_PERKREDITAN_RAKYAT_DAN_BANK_PEMBIAYAAN_RAKYAT_SYARIAH.pdf,PADK,1,2020,TIDAK_COCOK,downloads/Peraturan_ADK_1_Tahun_2020_PEDOMAN_TINDAK_LANJUT_LAPORAN_BULANAN_BANK_PERKREDITAN_RAKYAT_DAN_BANK_PEMBIAYAAN_RAKYAT_SYARIAH.pdf
Peraturan_ADK_7_Tahun_2023_PEMBENTUKAN_PERATURAN_DI_OTORITAS_JASA_KEUANGAN.pdf,PADK,7,2023,TIDAK_COCOK,downloads/Peraturan_ADK_7_Tahun_2023_PEMBENTUKAN_PERATURAN_DI_OTORITAS_JASA_KEUANGAN.pdf
aef4a68b-dffb-d577-0ad5-987ffe9230b6.pdf,,,,TIDAK_COCOK,downloads/aef4a68b-dffb-d577-0ad5-987ffe9230b6.pdf
Abstrak_20PADK_20Nomor_203_20Tahun_202026_20Penyelenggaraan_20Perdagangan_20Aset_20Keuangan_20Digital_20termasuk_20Aset_20Kripto.pdf,,3,2026,TIDAK_COCOK,downloads/Abstrak_20PADK_20Nomor_203_20Tahun_202026_20Penyelenggaraan_20Perdagangan_20Aset_20Keuangan_20Digital_20termasuk_20Aset_20Kripto.pdf
Peraturan_ADK_5_Tahun_2017_MANAJEMEN_PERSEDIAN_BARANG_MILIK_OTORITAS_JASA_KEUANGAN.pdf,PADK,5,2017,TIDAK_COCOK,downloads/Peraturan_ADK_5_Tahun_2017_MANAJEMEN_PERSEDIAN_BARANG_MILIK_OTORITAS_JASA_KEUANGAN.pdf
Peraturan_OJK_17_2024.pdf,POJK,17,2024,COCOK,downloads/Peraturan_OJK_17_2024.pdf
Peraturan_ADK_1_Tahun_2018_PEDOMAN_PEMERIKSAAN_KEPATUHAN_LEMBAGA_PENYIMPANAN_DAN_PENYELESAIAN.pdf,PADK,1,2018,TIDAK_COCOK,downloads/Peraturan_ADK_1_Tahun_2018_PEDOMAN_PEMERIKSAAN_KEPATUHAN_LEMBAGA_PENYIMPANAN_DAN_PENYELESAIAN.pdf
Peraturan_ADK_9_Tahun_2023_PERUBAHAN_ATAS_SURAT_EDARAN_DEWAN_KOMISIONER_NOMOR_6_SEDK.02_2023_TENTANG_ORGANISASI_BIDANG_AUDIT_INTERNAL_DAN_MANAJEMEN_RISIKO.pdf,PADK,9,2023,TIDAK_COCOK,downloads/Peraturan_ADK_9_Tahun_2023_PERUBAHAN_ATAS_SURAT_EDARAN_DEWAN_KOMISIONER_NOMOR_6_SEDK.02_2023_TENTANG_ORGANISASI_BIDANG_AUDIT_INTERNAL_DAN_MANAJEMEN_RISIKO.pdf
Peraturan_ADK_8_Tahun_2016_PEDOMAN_PENGAWASAN_BANK_PERKREDITAN_RAKYAT_BERDASARKAN_RISIKO_UNTUK_TAHAPAN_PEMAHAMAN_TERHADAP_BANK_PERKREDITAN_RAKYAT.pdf,PADK,8,2016,TIDAK_COCOK,downloads/Peraturan_ADK_8_Tahun_2016_PEDOMAN_PENGAWASAN_BANK_PERKREDITAN_RAKYAT_BERDASARKAN_RISIKO_UNTUK_TAHAPAN_PEMAHAMAN_TERHADAP_BANK_PERKREDITAN_RAKYAT.pdf
Surat_Edaran_OJK_27_2019.pdf,SEOJK,27,2019,COCOK,downloads/Surat_Edaran_OJK_27_2019.pdf
Surat_Edaran_OJK_2_2020.pdf,SEOJK,2,2020,COCOK,downloads/Surat_Edaran_OJK_2_2020.pdf
Peraturan_OJK_23_2016.pdf,POJK,23,2016,COCOK,downloads/Peraturan_OJK_23_2016.pdf
Surat_Edaran_OJK_24_2019.pdf,SEOJK,24,2019,COCOK,downloads/Surat_Edaran_OJK_24_2019.pdf
Peraturan_Bank_Indonesia_7_1992.pdf,PBI,7,1992,TIDAK_COCOK,downloads/Peraturan_Bank_Indonesia_7_1992.pdf
Peraturan_OJK_25_1992.pdf,POJK,25,1992,TIDAK_COCOK,downloads/Peraturan_OJK_25_1992.pdf
FAQ_20POJK_20Nomor_204_20Tahun_202025.pdf,,4,2025,TIDAK_COCOK,downloads/FAQ_20POJK_20Nomor_204_20Tahun_202025.pdf
Surat_Edaran_OJK_39_2024.pdf,SEOJK,39,2024,TIDAK_COCOK,downloads/Surat_Edaran_OJK_39_2024.pdf
Abstrak_20POJK_206_20Tahun_202025_20Laporan_20Agen_20Penjual_20Efek_20Reksa_20Dana.pdf,,6,2025,TIDAK_COCOK,downloads/Abstrak_20POJK_206_20Tahun_202025_20Laporan_20Agen_20Penjual_20Efek_20Reksa_20Dana.pdf
Peraturan_ADK_13_Tahun_2014_PERUBAHAN_ATAS_PERATURAN_DEWAN_KOMISIONER_OTORITAS_JASA_KEUANGAN_NOMOR_29_PDK.02_2014_TENTANG_ORGANISASI_BIDANG_PENGAWASAN_SEKTOR_PERBANKAN_KANTOR_REGIONAL_DAN_KANTOR_OTORITAS_JASA_KEUANGAN.pdf,PADK,13,2014,TIDAK_COCOK,downloads/Peraturan_ADK_13_Tahun_2014_PERUBAHAN_ATAS_PERATURAN_DEWAN_KOMISIONER_OTORITAS_JASA_KEUANGAN_NOMOR_29_PDK.02_2014_TENTANG_ORGANISASI_BIDANG_PENGAWASAN_SEKTOR_PERBANKAN_KANTOR_REGIONAL_DAN_KANTOR_OTORITAS_JASA_KEUANGAN.pdf
FAQ_20POJK_2039_20Tahun_202025_20Tata_20Cara_20Penagihan_20Sanksi_20Administratif_20Berupa_20Denda_20di_20SJK.pdf,,39,2025,TIDAK_COCOK,downloads/FAQ_20POJK_2039_20Tahun_202025_20Tata_20Cara_20Penagihan_20Sanksi_20Administratif_20Berupa_20Denda_20di_20SJK.pdf
Peraturan_ADK_2_Tahun_2023_ORGANISASI_BIDANG_MANAJEMEN_STRATEGIS_II.pdf,PADK,2,2023,TIDAK_COCOK,downloads/Peraturan_ADK_2_Tahun_2023_ORGANISASI_BIDANG_MANAJEMEN_STRATEGIS_II.pdf
Peraturan_ADK_11_Tahun_2013_PENETAPAN_DAN_PENGANGKATAN_PEGAWAI_TETAP_OTORITAS_JASA_KEUANGAN.pdf,PADK,11,2013,TIDAK_COCOK,downloads/Peraturan_ADK_11_Tahun_2013_PENETAPAN_DAN_PENGANGKATAN_PEGAWAI_TETAP_OTORITAS_JASA_KEUANGAN.pdf
Surat_Edaran_OJK_52_2016.pdf,SEOJK,52,2016,COCOK,downloads/Surat_Edaran_OJK_52_2016.pdf
Peraturan_ADK_34_Tahun_2013_RUMAH_JABATAN_RUMAH_DINAS_DAN_BANTUAN_SEWA_RUMAH_BAGI_PEGAWAI_OTORITAS_JASA_KEUANGAN.pdf,PADK,34,2013,TIDAK_COCOK,downloads/Peraturan_ADK_34_Tahun_2013_RUMAH_JABATAN_RUMAH_DINAS_DAN_BANTUAN_SEWA_RUMAH_BAGI_PEGAWAI_OTORITAS_JASA_KEUANGAN.pdf
Peraturan_ADK_11_Tahun_2014_STANDAR_DOKUMEN_PENGADAAN_BARANG_DAN_JASA_SECARA_ELEKTRONIK_OTORITAS_JASA_KEUANGAN.pdf,PADK,11,2014,TIDAK_COCOK,downloads/Peraturan_ADK_11_Tahun_2014_STANDAR_DOKUMEN_PENGADAAN_BARANG_DAN_JASA_SECARA_ELEKTRONIK_OTORITAS_JASA_KEUANGAN.pdf
Peraturan_ADK_12_Tahun_2018_PERUBAHAN_ATAS_SURAT_EDARAN_DEWAN_KOMISIONER_OTORITAS_JASA_KEUANGAN_NOMOR_12_SEDK.01_2018_TENTANG_PEDOMAN_PENGGUNAAN_TENDER_MANAGEMENT_OTORITAS_JASA_KEUANGAN.pdf,PADK,12,2018,TIDAK_COCOK,downloads/Peraturan_ADK_12_Tahun_2018_PERUBAHAN_ATAS_SURAT_EDARAN_DEWAN_KOMISIONER_OTORITAS_JASA_KEUANGAN_NOMOR_12_SEDK.01_2018_TENTANG_PEDOMAN_PENGGUNAAN_TENDER_MANAGEMENT_OTORITAS_JASA_KEUANGAN.pdf
FAQ_20POJK_2018_20Tahun_202025_20Transparansi_20dan_20Publikasi_20Laporan_20Bank.pdf,,18,2025,TIDAK_COCOK,downloads/FAQ_20POJK_2018_20Tahun_202025_20Transparansi_20dan_20Publikasi_20Laporan_20Bank.pdf
POJK_20Tahun_2014_202024_20Satuan_20Tugas_20Penanganan_20Kegiatan_20Usaha_20Tanpa_20Izin_20di_20Sektor_20Keuangan.pdf,POJK,14,2024,COCOK,downloads/POJK_20Tahun_2014_202024_20Satuan_20Tugas_20Penanganan_20Kegiatan_20Usaha_20Tanpa_20Izin_20di_20Sektor_20Keuangan.pdf
Peraturan_ADK_22_Tahun_2015_PELAKSANAAN_PENYIDIKAN_TINDAK_PIDANA_DI_SEKTOR_JASA_KEUANGAN.pdf,PADK,22,2015,TIDAK_COCOK,downloads/Peraturan_ADK_22_Tahun_2015_PELAKSANAAN_PENYIDIKAN_TINDAK_PIDANA_DI_SEKTOR_JASA_KEUANGAN.pdf
Peraturan_ADK_4_Tahun_2018_DEWAN_AUDIT_OTORITAS_JASA_KEUANGAN.pdf,PADK,4,2018,TIDAK_COCOK,downloads/Peraturan_ADK_4_Tahun_2018_DEWAN_AUDIT_OTORITAS_JASA_KEUANGAN.pdf
Peraturan_ADK_2_Tahun_2021_SISTEM_PENGELOLAAN_PENGAMANAN_OTORITAS_JASA_KEUANGAN.pdf,PADK,2,2021,TIDAK_COCOK,downloads/Peraturan_ADK_2_Tahun_2021_SISTEM_PENGELOLAAN_PENGAMANAN_OTORITAS_JASA_KEUANGAN.pdf
POJK_2018_20Tahun_202025_20Transparansi_20dan_20Publikasi_20Laporan_20Bank.pdf,POJK,18,2025,COCOK,downloads/POJK_2018_20Tahun_202025_20Transparansi_20dan_20Publikasi_20Laporan_20Bank.pdf
Peraturan_ADK_21_Tahun_2011_PENUNJUKAN_PEJABAT_PENGGANTI_DI_OTORITAS_JASA_KEUANGAN.pdf,PADK,21,2011,TIDAK_COCOK,downloads/Peraturan_ADK_21_Tahun_2011_PENUNJUKAN_PEJABAT_PENGGANTI_DI_OTORITAS_JASA_KEUANGAN.pdf
Peraturan_ADK_13_Tahun_2024_PERUBAHAN_KEDUA_ATAS_SURAT_EDARAN_DEWAN_KOMISIONER_OTORITAS_JASA_KEUANGAN_NOMOR_15_SEDK.01_2020_TENTANG_PETUNJUK_TEKNIS_PELAKSANAAN_PENGADAAN_BARANG_JASA_OTORITAS_JASA_KEUANGAN.pdf,PADK,13,2024,TIDAK_COCOK,downloads/Peraturan_ADK_13_Tahun_2024_PERUBAHAN_KEDUA_ATAS_SURAT_EDARAN_DEWAN_KOMISIONER_OTORITAS_JASA_KEUANGAN_NOMOR_15_SEDK.01_2020_TENTANG_PETUNJUK_TEKNIS_PELAKSANAAN_PENGADAAN_BARANG_JASA_OTORITAS_JASA_KEUANGAN.pdf
Peraturan_OJK_18_Tahun_2014_Pedoman_Pembentukan_Perubahan_dan_Pembubaran_Konglomerasi_Keuangan.pdf,POJK,18,2014,COCOK,downloads/Peraturan_OJK_18_Tahun_2014_Pedoman_Pembentukan_Perubahan_dan_Pembubaran_Konglomerasi_Keuangan.pdf
Peraturan_OJK_7_2022.pdf,POJK,7,2022,COCOK,downloads/Peraturan_OJK_7_2022.pdf
Peraturan_ADK_37_Tahun_2013_PERUBAHAN_KEDUA_ATAS_PERATURAN_DEWAN_KOMISIONER_OTORITAS_JASA_KEUANGAN_NOMOR_01_05_PDK_VIII_2012_TENTANG_PENAMPILAN_PEGAWAI_OTORITAS_JASA_KEUANGAN.pdf,PADK,37,2013,TIDAK_COCOK,downloads/Peraturan_ADK_37_Tahun_2013_PERUBAHAN_KEDUA_ATAS_PERATURAN_DEWAN_KOMISIONER_OTORITAS_JASA_KEUANGAN_NOMOR_01_05_PDK_VIII_2012_TENTANG_PENAMPILAN_PEGAWAI_OTORITAS_JASA_KEUANGAN.pdf
Peraturan_OJK_29_2014.pdf,POJK,29,2014,COCOK,downloads/Peraturan_OJK_29_2014.pdf
Peraturan_ADK_32_Tahun_2013_PEMBERHENTIAN_PEGAWAI_OTORITAS_JASA_KEUANGAN.pdf,PADK,32,2013,TIDAK_COCOK,downloads/Peraturan_ADK_32_Tahun_2013_PEMBERHENTIAN_PEGAWAI_OTORITAS_JASA_KEUANGAN.pdf
d0aaa023-7fa8-c9e5-a999-20e85674920c.pdf,,,,TIDAK_COCOK,downloads/d0aaa023-7fa8-c9e5-a999-20e85674920c.pdf
Peraturan_ADK_8_Tahun_2020_PEDOMAN_BEKERJA_DALAM_MASA_ADAPTASI_KEBIASAAN_BARU_BAGI_PEGAWAI_DI_LINGKUNGAN_OTORITAS_JASA_KEUANGAN.pdf,PADK,8,2020,TIDAK_COCOK,downloads/Peraturan_ADK_8_Tahun_2020_PEDOMAN_BEKERJA_DALAM_MASA_ADAPTASI_KEBIASAAN_BARU_BAGI_PEGAWAI_DI_LINGKUNGAN_OTORITAS_JASA_KEUANGAN.pdf
FAQ_20POJK_201_20Tahun_202026_20Penggunaan_20Tenaga_20Kerja_20Asing_20dan_20Program_20Alih_20Pengetahuan_20oleh_20Bank_20Umum.pdf,,1,2026,TIDAK_COCOK,downloads/FAQ_20POJK_201_20Tahun_202026_20Penggunaan_20Tenaga_20Kerja_20Asing_20dan_20Program_20Alih_20Pengetahuan_20oleh_20Bank_20Umum.pdf
Peraturan_ADK_7_Tahun_2024_KEBIJAKAN_AKUNTANSI_OTORITAS_JASA_KEUANGAN.pdf,PADK,7,2024,TIDAK_COCOK,downloads/Peraturan_ADK_7_Tahun_2024_KEBIJAKAN_AKUNTANSI_OTORITAS_JASA_KEUANGAN.pdf
Abstrak_20SEOJK_2033-SEOJK03-2025_20Pelaporan_20Bank_20Umum_20Syariah_20dan_20Unit_20Usaha_20Syariah_20melalui_20Sistem_20Pelaporan_20Otoritas_20Jasa_20Keuangan.pdf,,33,2025,TIDAK_COCOK,downloads/Abstrak_20SEOJK_2033-SEOJK03-2025_20Pelaporan_20Bank_20Umum_20Syariah_20dan_20Unit_20Usaha_20Syariah_20melalui_20Sistem_20Pelaporan_20Otoritas_20Jasa_20Keuangan.pdf
Peraturan_ADK_3_Tahun_2016_PEDOMAN_SISTEM_INFORMASI_PENGAWASAN_TERINTEGRASI.pdf,PADK,3,2016,TIDAK_COCOK,downloads/Peraturan_ADK_3_Tahun_2016_PEDOMAN_SISTEM_INFORMASI_PENGAWASAN_TERINTEGRASI.pdf
Peraturan_OJK_27_2014.pdf,POJK,27,2014,COCOK,downloads/Peraturan_OJK_27_2014.pdf
Peraturan_ADK_19_Tahun_2014_PEDOMAN_PENYUSUNAN_RENCANA_KERJA_DAN_ANGGARAN_OTORITAS_JASA_KEUANGAN.pdf,PADK,19,2014,TIDAK_COCOK,downloads/Peraturan_ADK_19_Tahun_2014_PEDOMAN_PENYUSUNAN_RENCANA_KERJA_DAN_ANGGARAN_OTORITAS_JASA_KEUANGAN.pdf
Peraturan_OJK_13_2025.pdf,POJK,13,2025,COCOK,downloads/Peraturan_OJK_13_2025.pdf
Peraturan_OJK_23_2022.pdf,POJK,23,2022,COCOK,downloads/Peraturan_OJK_23_2022.pdf
Peraturan_ADK_16_Tahun_2017_PEDOMAN_PENATAUSAHAAN_BARANG_MILIK_OTORITAS_JASA_KEUANGAN_DAN_BARANG_MILIK_PIHAK_LAINNYA_DI_OTORITAS_JASA_KEUANGAN.pdf,PADK,16,2017,TIDAK_COCOK,downloads/Peraturan_ADK_16_Tahun_2017_PEDOMAN_PENATAUSAHAAN_BARANG_MILIK_OTORITAS_JASA_KEUANGAN_DAN_BARANG_MILIK_PIHAK_LAINNYA_DI_OTORITAS_JASA_KEUANGAN.pdf
Peraturan_ADK_11_Tahun_2022_PEDOMAN_PENILAIAN_PENERAPAN_MANAJEMEN_RISIKO_BANK_PERKREDITAN_RAKYAT_DAN_BANK_PEMBIAYAAN_RAKYAT_SYARIAH.pdf,PADK,11,2022,TIDAK_COCOK,downloads/Peraturan_ADK_11_Tahun_2022_PEDOMAN_PENILAIAN_PENERAPAN_MANAJEMEN_RISIKO_BANK_PERKREDITAN_RAKYAT_DAN_BANK_PEMBIAYAAN_RAKYAT_SYARIAH.pdf
Peraturan_OJK_3_Tahun_2014_PEMBENTUKAN_KOMITE_PENYESUAIAN_KEWAJIBAN_PEMBAYARAN_PUNGUTAN_DI_OTORITAS_JASA_KEUANGAN.pdf,POJK,3,2014,TIDAK_COCOK,downloads/Peraturan_OJK_3_Tahun_2014_PEMBENTUKAN_KOMITE_PENYESUAIAN_KEWAJIBAN_PEMBAYARAN_PUNGUTAN_DI_OTORITAS_JASA_KEUANGAN.pdf
Surat_Edaran_OJK_10_2020.pdf,SEOJK,10,2020,COCOK,downloads/Surat_Edaran_OJK_10_2020.pdf
Peraturan_OJK_2_2020.pdf,POJK,2,2020,COCOK,downloads/Peraturan_OJK_2_2020.pdf
Peraturan_ADK_31_2024.pdf,PADK,31,2024,TIDAK_COCOK,downloads/Peraturan_ADK_31_2024.pdf
SEOJK_2017-SEOJK06-2025_20Laporan_20Bulanan_20Perusahaan_20Pergadaian_20dan_20Perusahaan_20Pergadaian_20Syariah.pdf,SEOJK,17,2025,COCOK,downloads/SEOJK_2017-SEOJK06-2025_20Laporan_20Bulanan_20Perusahaan_20Pergadaian_20dan_20Perusahaan_20Pergadaian_20Syariah.pdf
Surat_Edaran_OJK_15_2017.pdf,SEOJK,15,2017,COCOK,downloads/Surat_Edaran_OJK_15_2017.pdf
Undang-Undang_17_2012.pdf,UU,17,2012,TIDAK_COCOK,downloads/Undang-Undang_17_2012.pdf
Surat_Edaran_OJK_13_2013.pdf,SEOJK,13,2013,COCOK,downloads/Surat_Edaran_OJK_13_2013.pdf
Peraturan_ADK_1_Tahun_2024_PENERAPAN_ASURANS_TERKOMBINASI_COMBINED_ASSURANCE_DI_OTORITAS_JASA_KEUANGAN.pdf,PADK,1,2024,TIDAK_COCOK,downloads/Peraturan_ADK_1_Tahun_2024_PENERAPAN_ASURANS_TERKOMBINASI_COMBINED_ASSURANCE_DI_OTORITAS_JASA_KEUANGAN.pdf
FAQ_20POJK_2019_20Tahun_202024_20Perubahan_20Atas_20Peraturan_20Otoritas_20Jasa_20Keuangan_20Nomor_2042POJK032015_20tentang_20Kewajiban_20Pemenuhan_20Rasio_20Kecukupan_20Likuiditas_20_Liquidity_20Coverage_20Ratio_20Bagi_20Bank_20Umum.pdf,POJK,19,2024,COCOK,downloads/FAQ_20POJK_2019_20Tahun_202024_20Perubahan_20Atas_20Peraturan_20Otoritas_20Jasa_20Keuangan_20Nomor_2042POJK032015_20tentang_20Kewajiban_20Pemenuhan_20Rasio_20Kecukupan_20Likuiditas_20_Liquidity_20Coverage_20Ratio_20Bagi_20Bank_20Umum.pdf
Surat_Edaran_OJK_11_2022.pdf,SEOJK,11,2022,COCOK,downloads/Surat_Edaran_OJK_11_2022.pdf
Peraturan_OJK_24_Tahun_2018_Pedoman_Penilaian_Penerapan_Tata_Kelola_Bank_Pembiayaan_Rakyat_Syariah.pdf,POJK,24,2018,COCOK,downloads/Peraturan_OJK_24_Tahun_2018_Pedoman_Penilaian_Penerapan_Tata_Kelola_Bank_Pembiayaan_Rakyat_Syariah.pdf
Peraturan_ADK_3_Tahun_2022_PERUBAHAN_KEDUA_ATAS_SURAT_EDARAN_DEWAN_KOMISIONER_OTORITAS_JASA_KEUANGAN_NOMOR_26_SEDK.02_2017_TENTANG_SISTEM_PEMENUHAN_SUMBER_DAYA_MANUSIA_OTORITAS_JASA_KEUANGAN.pdf,PADK,3,2022,TIDAK_COCOK,downloads/Peraturan_ADK_3_Tahun_2022_PERUBAHAN_KEDUA_ATAS_SURAT_EDARAN_DEWAN_KOMISIONER_OTORITAS_JASA_KEUANGAN_NOMOR_26_SEDK.02_2017_TENTANG_SISTEM_PEMENUHAN_SUMBER_DAYA_MANUSIA_OTORITAS_JASA_KEUANGAN.pdf
Peraturan_OJK_18_2025.pdf,POJK,18,2025,COCOK,downloads/Peraturan_OJK_18_2025.pdf
Abstrak_20SEOJK_203-SEOJK.06-2024_20Laporan_20Bulanan_20Perusahaan_20Pembiayaan_20Sekunder_20Perumahan.pdf,,3,2024,TIDAK_COCOK,downloads/Abstrak_20SEOJK_203-SEOJK.06-2024_20Laporan_20Bulanan_20Perusahaan_20Pembiayaan_20Sekunder_20Perumahan.pdf
Peraturan_OJK_11_2022.pdf,POJK,11,2022,COCOK,downloads/Peraturan_OJK_11_2022.pdf
Peraturan_ADK_7_Tahun_2025_PEMBENTUKAN_PERATURAN_DI_OTORITAS_JASA_KEUANGAN.pdf,PADK,7,2025,TIDAK_COCOK,downloads/Peraturan_ADK_7_Tahun_2025_PEMBENTUKAN_PERATURAN_DI_OTORITAS_JASA_KEUANGAN.pdf
Peraturan_ADK_22_Tahun_2013_PENILAIAN_KOMPETENSI_DAN_POTENSI_PEGAWAI.pdf,PADK,22,2013,TIDAK_COCOK,downloads/Peraturan_ADK_22_Tahun_2013_PENILAIAN_KOMPETENSI_DAN_POTENSI_PEGAWAI.pdf
SEOJK_2018-SEOJK03-2025_20Penilaian_20Kemampuan_20dan_20Kepatutan_20Pihak_20Utama_20Perusahaan_20Induk_20Konglomerasi_20Keuangan_20Nonoperasional.pdf,SEOJK,18,2025,COCOK,downloads/SEOJK_2018-SEOJK03-2025_20Penilaian_20Kemampuan_20dan_20Kepatutan_20Pihak_20Utama_20Perusahaan_20Induk_20Konglomerasi_20Keuangan_20Nonoperasional.pdf
FAQ_20POJK_2020_20Tahun_202024_20Perubahan_20Atas_20POJK_2050POJK032017_20tentang_20Kewajiban_20Pemenuhan_20Net_20Stable_20Funding_20Ratio_20Bagi_20Bank_20Umum.pdf,,20,2024,TIDAK_COCOK,downloads/FAQ_20POJK_2020_20Tahun_202024_20Perubahan_20Atas_20POJK_2050POJK032017_20tentang_20Kewajiban_20Pemenuhan_20Net_20Stable_20Funding_20Ratio_20Bagi_20Bank_20Umum.pdf
Peraturan_OJK_34_2015.pdf,POJK,34,2015,COCOK,downloads/Peraturan_OJK_34_2015.pdf
Peraturan_ADK_2_Tahun_2021_PEDOMAN_PELAKSANAAN_PENETAPAN_STATUS_DAN_TINDAK_LANJUT_PENGAWASAN_BANK_PERKREDITAN_RAKYAT_DAN_BANK_PEMBIAYAAN_RAKYAT_SYARIAH.pdf,PADK,2,2021,TIDAK_COCOK,downloads/Peraturan_ADK_2_Tahun_2021_PEDOMAN_PELAKSANAAN_PENETAPAN_STATUS_DAN_TINDAK_LANJUT_PENGAWASAN_BANK_PERKREDITAN_RAKYAT_DAN_BANK_PEMBIAYAAN_RAKYAT_SYARIAH.pdf
Peraturan_ADK_1_Tahun_2026_NAMA_SATUAN_KERJA_UNIT_KERJA_DAN_JABATAN_DI_OTORITAS_JASA_KEUANGAN_DALAM_BAHASA_INGGRIS.pdf,PADK,1,2026,COCOK,downloads/Peraturan_ADK_1_Tahun_2026_NAMA_SATUAN_KERJA_UNIT_KERJA_DAN_JABATAN_DI_OTORITAS_JASA_KEUANGAN_DALAM_BAHASA_INGGRIS.pdf
Peraturan_OJK_15_2017.pdf,POJK,15,2017,COCOK,downloads/Peraturan_OJK_15_2017.pdf
Peraturan_OJK_5_2021.pdf,POJK,5,2021,COCOK,downloads/Peraturan_OJK_5_2021.pdf
Peraturan_OJK_8_2020.pdf,POJK,8,2020,COCOK,downloads/Peraturan_OJK_8_2020.pdf
Peraturan_OJK_52_2015.pdf,POJK,52,2015,COCOK,downloads/Peraturan_OJK_52_2015.pdf
Peraturan_OJK_30_2019.pdf,POJK,30,2019,COCOK,downloads/Peraturan_OJK_30_2019.pdf
Peraturan_ADK_1_Tahun_2017_PERUBAHAN_SURAT_EDARAN_DEWAN_KOMISIONER_OTORITAS_JASA_KEUANGAN_NOMOR_2_SEDK.07_2016_TENTANG_PROSEDUR_BANTUAN_DANA_OPERASIONAL_KEPADA_LEMBAGA_ALTERNATIF_PENYELESAIAN_SENGKETA_DI_SEKTOR_JASA_KEUANGAN.pdf,PADK,1,2017,TIDAK_COCOK,downloads/Peraturan_ADK_1_Tahun_2017_PERUBAHAN_SURAT_EDARAN_DEWAN_KOMISIONER_OTORITAS_JASA_KEUANGAN_NOMOR_2_SEDK.07_2016_TENTANG_PROSEDUR_BANTUAN_DANA_OPERASIONAL_KEPADA_LEMBAGA_ALTERNATIF_PENYELESAIAN_SENGKETA_DI_SEKTOR_JASA_KEUANGAN.pdf
Peraturan_ADK_10_Tahun_2023_ORGANISASI_BIDANG_PENGAWASAN_PERILAKU_PELAKU_USAHA_JASA_KEUANGAN_EDUKASI_DAN_PELINDUNGAN_KONSUMEN_Sehubungan.pdf,PADK,10,2023,TIDAK_COCOK,downloads/Peraturan_ADK_10_Tahun_2023_ORGANISASI_BIDANG_PENGAWASAN_PERILAKU_PELAKU_USAHA_JASA_KEUANGAN_EDUKASI_DAN_PELINDUNGAN_KONSUMEN_Sehubungan.pdf
POJK_2035_20Tahun_202025_20Perubahan_20POJK_2046_20Tahun_202024_20Pengembangan_20dan_20Penguatan_20Perusahaan_20Pembiayaan_20Perusahaan_20Pembiayaan_20Infrastruktur_20dan_20PMV.pdf,POJK,35,2025,COCOK,downloads/POJK_2035_20Tahun_202025_20Perubahan_20POJK_2046_20Tahun_202024_20Pengembangan_20dan_20Penguatan_20Perusahaan_20Pembiayaan_20Perusahaan_20Pembiayaan_20Infrastruktur_20dan_20PMV.pdf
Peraturan_ADK_32_Tahun_2017_PERUBAHAN_KETIGA_ATAS_SURAT_EDARAN_DEWAN_KOMISIONER_OTORITAS_JASA_KEUANGAN_NOMOR_22_SEDK.02_2014_TENTANG_PEDOMAN_AKUNTANSI_OTORITAS_JASA_KEUANGAN.pdf,PADK,32,2017,TIDAK_COCOK,downloads/Peraturan_ADK_32_Tahun_2017_PERUBAHAN_KETIGA_ATAS_SURAT_EDARAN_DEWAN_KOMISIONER_OTORITAS_JASA_KEUANGAN_NOMOR_22_SEDK.02_2014_TENTANG_PEDOMAN_AKUNTANSI_OTORITAS_JASA_KEUANGAN.pdf
Surat_Edaran_OJK_29_2016.pdf,SEOJK,29,2016,COCOK,downloads/Surat_Edaran_OJK_29_2016.pdf
Surat_Edaran_OJK_28_2015.pdf,SEOJK,28,2015,COCOK,downloads/Surat_Edaran_OJK_28_2015.pdf
Abstrak_20POJK_2034_20Tahun_202025_20Penyelenggaraan_20Teknologi_20Informasi_20oleh_20Bank_20Perekonomian_20Rakyat_20dan_20Bank_20Perekonomian_20Rakyat_20Syariah.pdf,,34,2025,TIDAK_COCOK,downloads/Abstrak_20POJK_2034_20Tahun_202025_20Penyelenggaraan_20Teknologi_20Informasi_20oleh_20Bank_20Perekonomian_20Rakyat_20dan_20Bank_20Perekonomian_20Rakyat_20Syariah.pdf
POJK_2017_20Tahun_202024_20Penyelenggaraan_20Kegiatan_20Usaha_20Bulion.pdf,POJK,17,2024,COCOK,downloads/POJK_2017_20Tahun_202024_20Penyelenggaraan_20Kegiatan_20Usaha_20Bulion.pdf
Peraturan_OJK_38_2015.pdf,POJK,38,2015,COCOK,downloads/Peraturan_OJK_38_2015.pdf
Peraturan_ADK_14_Tahun_2015_PEDOMAN_PEMERIKSAAN_BERDASARKAN_RISIKO_UNTUK_PEMERIKSAAN_RISIKO_HUKUM.pdf,PADK,14,2015,TIDAK_COCOK,downloads/Peraturan_ADK_14_Tahun_2015_PEDOMAN_PEMERIKSAAN_BERDASARKAN_RISIKO_UNTUK_PEMERIKSAAN_RISIKO_HUKUM.pdf
Surat_Edaran_OJK_22_2020.pdf,SEOJK,22,2020,COCOK,downloads/Surat_Edaran_OJK_22_2020.pdf
SEOJK_207-SEOJK05-2025_20Penyelenggaraan_20Produk_20Asuransi_20Kesehatan.pdf,SEOJK,7,2025,COCOK,downloads/SEOJK_207-SEOJK05-2025_20Penyelenggaraan_20Produk_20Asuransi_20Kesehatan.pdf
Peraturan_ADK_4_Tahun_2015_TATA_CARA_PEMBERIAN_KETERANGAN_SAKSI_DAN_AHLI_SERTA_PENDAMPINGAN_HUKUM_BAGI_PELAKSANA_TUGAS_KEDINASAN_OTORITAS_JASA_KEUANGAN.pdf,PADK,4,2015,TIDAK_COCOK,downloads/Peraturan_ADK_4_Tahun_2015_TATA_CARA_PEMBERIAN_KETERANGAN_SAKSI_DAN_AHLI_SERTA_PENDAMPINGAN_HUKUM_BAGI_PELAKSANA_TUGAS_KEDINASAN_OTORITAS_JASA_KEUANGAN.pdf
Peraturan_ADK_2_Tahun_2020_NAMA_SATUAN_KERJA_UNIT_KERJA_DAN_JABATAN_DI_OTORITAS_JASA_KEUANGAN_DALAM_BAHASA_INGGRIS.pdf,PADK,2,2020,TIDAK_COCOK,downloads/Peraturan_ADK_2_Tahun_2020_NAMA_SATUAN_KERJA_UNIT_KERJA_DAN_JABATAN_DI_OTORITAS_JASA_KEUANGAN_DALAM_BAHASA_INGGRIS.pdf
Peraturan_OJK_15_Tahun_2021_Pedoman_Pengawasan_Rencana_Bisnis_Bank_Perkreditan_Rakyat_dan_Bank_Pembiayaan_Rakyat_Syariah.pdf,POJK,15,2021,COCOK,downloads/Peraturan_OJK_15_Tahun_2021_Pedoman_Pengawasan_Rencana_Bisnis_Bank_Perkreditan_Rakyat_dan_Bank_Pembiayaan_Rakyat_Syariah.pdf
Surat_Edaran_OJK_2_2024.pdf,SEOJK,2,2024,COCOK,downloads/Surat_Edaran_OJK_2_2024.pdf
FAQ_20POJK_206_20Tahun_202025_20Laporan_20Agen_20Penjual_20Efek_20Reksa_20Dana.pdf,,6,2025,TIDAK_COCOK,downloads/FAQ_20POJK_206_20Tahun_202025_20Laporan_20Agen_20Penjual_20Efek_20Reksa_20Dana.pdf
Peraturan_OJK_35_2020.pdf,POJK,35,2020,COCOK,downloads/Peraturan_OJK_35_2020.pdf
Tahun_penetapan_dimulainya_dihentikannya_penyidikan_di_sektor_jasa_keuangan_Penyidikan_Page_3_of_15.pdf,,3,,TIDAK_COCOK,downloads/Tahun_penetapan_dimulainya_dihentikannya_penyidikan_di_sektor_jasa_keuangan_Penyidikan_Page_3_of_15.pdf
Peraturan_ADK_1_Tahun_2015_QUALITY_ASSURANCE_PENGAWASAN_LEMBAGA_JASA_KEUANGAN_NON-BANK_BERBASIS_RISIKO.pdf,PADK,1,2015,TIDAK_COCOK,downloads/Peraturan_ADK_1_Tahun_2015_QUALITY_ASSURANCE_PENGAWASAN_LEMBAGA_JASA_KEUANGAN_NON-BANK_BERBASIS_RISIKO.pdf
POJK_208_20Tahun_202025_20Penerbitan_20Daftar_20Efek_20Syariah_20dan_20Daftar_20Efek_20Syariah_20Luar_20Negeri.pdf,POJK,8,2025,COCOK,downloads/POJK_208_20Tahun_202025_20Penerbitan_20Daftar_20Efek_20Syariah_20dan_20Daftar_20Efek_20Syariah_20Luar_20Negeri.pdf
Peraturan_OJK_39_2020.pdf,POJK,39,2020,COCOK,downloads/Peraturan_OJK_39_2020.pdf
Peraturan_ADK_5_Tahun_2013_PENGELOLAAN_DAN_PEMANFAATAN_REPRESENTASI_ANGGOTA_DEWAN_KOMISIONER_DAN_PEGAWAI_OTORITAS_JASA_KEUANGAN.pdf,PADK,5,2013,TIDAK_COCOK,downloads/Peraturan_ADK_5_Tahun_2013_PENGELOLAAN_DAN_PEMANFAATAN_REPRESENTASI_ANGGOTA_DEWAN_KOMISIONER_DAN_PEGAWAI_OTORITAS_JASA_KEUANGAN.pdf
Peraturan_OJK_1_Tahun_2021_Surat_Edaran_Dewan_Komisioner_Otoritas_Jasa_Keuangan_tentang_Pedoman_Teknis_Tata_Cara_Pemeriksaan_Langsung_Lembaga_Jasa_Keuangan_Nonbank_SEDK_Pemeriksaan_Langsung_LJKNB.pdf,POJK,1,2021,COCOK,downloads/Peraturan_OJK_1_Tahun_2021_Surat_Edaran_Dewan_Komisioner_Otoritas_Jasa_Keuangan_tentang_Pedoman_Teknis_Tata_Cara_Pemeriksaan_Langsung_Lembaga_Jasa_Keuangan_Nonbank_SEDK_Pemeriksaan_Langsung_LJKNB.pdf
Abstrak_20POJK_2031_20Tahun_202025_20Penerapan_20Tata_20Kelola_20Bursa_20Efek_20Lembaga_20Kliring_20dan_20Penjaminan_20serta_20Lembaga_20Penyimpanan_20dan_20Penyelesaian.pdf,,31,2025,TIDAK_COCOK,downloads/Abstrak_20POJK_2031_20Tahun_202025_20Penerapan_20Tata_20Kelola_20Bursa_20Efek_20Lembaga_20Kliring_20dan_20Penjaminan_20serta_20Lembaga_20Penyimpanan_20dan_20Penyelesaian.pdf
POJK_2035_20Tahun_202024_20Perizinan_20dan_20Kelembagaan_20Dana_20Pensiun.pdf,POJK,35,2024,COCOK,downloads/POJK_2035_20Tahun_202024_20Perizinan_20dan_20Kelembagaan_20Dana_20Pensiun.pdf
7378797e-ca66-8d2a-93c6-237751767052.pdf,,,,TIDAK_COCOK,downloads/7378797e-ca66-8d2a-93c6-237751767052.pdf
Peraturan_OJK_15_2014.pdf,POJK,15,2014,COCOK,downloads/Peraturan_OJK_15_2014.pdf
Abstrak_20SEOJK_2023-SEOJK06-2025_20Laporan_20Bulanan_20Perusahaan_20Modal_20Ventura_20dan_20Perusahaan_20Modal_20Ventura_20Syariah.pdf,,23,2025,TIDAK_COCOK,downloads/Abstrak_20SEOJK_2023-SEOJK06-2025_20Laporan_20Bulanan_20Perusahaan_20Modal_20Ventura_20dan_20Perusahaan_20Modal_20Ventura_20Syariah.pdf
Peraturan_OJK_9_2018.pdf,POJK,9,2018,COCOK,downloads/Peraturan_OJK_9_2018.pdf
Peraturan_ADK_25_Tahun_2024_PEDOMAN_PENILAIAN_KEMAMPUAN_DAN_KEPATUTAN_BAGI_CALON_ANGGOTA_DEWAN_PENGAWAS_SYARIAH_BANK_PEREKONOMIAN_RAKYAT_SYARIAH.pdf,PADK,25,2024,TIDAK_COCOK,downloads/Peraturan_ADK_25_Tahun_2024_PEDOMAN_PENILAIAN_KEMAMPUAN_DAN_KEPATUTAN_BAGI_CALON_ANGGOTA_DEWAN_PENGAWAS_SYARIAH_BANK_PEREKONOMIAN_RAKYAT_SYARIAH.pdf
Abstrak_20POJK_2020_20Tahun_202024_20Perubahan_20Atas_20POJK_2050POJK032017_20tentang_20Kewajiban_20Pemenuhan_20Net_20Stable_20Funding_20Ratio_20Bagi_20Bank_20Umum.pdf,,20,2024,TIDAK_COCOK,downloads/Abstrak_20POJK_2020_20Tahun_202024_20Perubahan_20Atas_20POJK_2050POJK032017_20tentang_20Kewajiban_20Pemenuhan_20Net_20Stable_20Funding_20Ratio_20Bagi_20Bank_20Umum.pdf
Peraturan_OJK_53_2016.pdf,POJK,53,2016,COCOK,downloads/Peraturan_OJK_53_2016.pdf
FAQ_20POJK_2035_20Tahun_202024_20Perizinan_20dan_20Kelembagaan_20Dana_20Pensiun.pdf,,35,2024,TIDAK_COCOK,downloads/FAQ_20POJK_2035_20Tahun_202024_20Perizinan_20dan_20Kelembagaan_20Dana_20Pensiun.pdf
Peraturan_OJK_1_Tahun_2014_PEMBENTUKAN_TIM_PENGUJI_LEMBAGA_ALTERNATIF_PENYELESAIAN_SENGKETA.pdf,POJK,1,2014,COCOK,downloads/Peraturan_OJK_1_Tahun_2014_PEMBENTUKAN_TIM_PENGUJI_LEMBAGA_ALTERNATIF_PENYELESAIAN_SENGKETA.pdf
Peraturan_ADK_8_Tahun_2021_PEDOMAN_PELAKSANAAN_PENILAIAN_KEMAMPUAN_DAN_KEPATUTAN_CALON_PEMEGANG_SAHAM_PENGENDALI_CALON_ANGGOTA_DIREKSI_DAN_CALON_ANGGOTA_DEWAN_KOMISARIS_BANK_UMUM.pdf,PADK,8,2021,TIDAK_COCOK,downloads/Peraturan_ADK_8_Tahun_2021_PEDOMAN_PELAKSANAAN_PENILAIAN_KEMAMPUAN_DAN_KEPATUTAN_CALON_PEMEGANG_SAHAM_PENGENDALI_CALON_ANGGOTA_DIREKSI_DAN_CALON_ANGGOTA_DEWAN_KOMISARIS_BANK_UMUM.pdf
Peraturan_OJK_1_Tahun_2014_PEMBENTUKAN_TIM_PENGUJI_..._nama_Lembaga_Alternatif_Penyelesaian_Sengketa_yang_dinilai.pdf,POJK,1,2014,COCOK,downloads/Peraturan_OJK_1_Tahun_2014_PEMBENTUKAN_TIM_PENGUJI_..._nama_Lembaga_Alternatif_Penyelesaian_Sengketa_yang_dinilai.pdf
Peraturan_ADK_1_Tahun_2022_PERUBAHAN_ATAS_PERATURAN_DEWAN_KOMISIONER_OTORITAS_JASA_KEUANGAN_NOMOR_1_PDK.02_2021_TENTANG_PEMBENTUKAN_PERATURAN_DI_OTORITAS_JASA_KEUANGAN.pdf,PADK,1,2022,TIDAK_COCOK,downloads/Peraturan_ADK_1_Tahun_2022_PERUBAHAN_ATAS_PERATURAN_DEWAN_KOMISIONER_OTORITAS_JASA_KEUANGAN_NOMOR_1_PDK.02_2021_TENTANG_PEMBENTUKAN_PERATURAN_DI_OTORITAS_JASA_KEUANGAN.pdf
Peraturan_OJK_31_2014.pdf,POJK,31,2014,COCOK,downloads/Peraturan_OJK_31_2014.pdf
Peraturan_ADK_5_Tahun_2018_PEDOMAN_SISTEM_INFORMASI_PROGRAM_ANTI_PENCUCIAN_UANG_DAN_PENCEGAHAN_PENDANAAN_TERORISME.pdf,PADK,5,2018,TIDAK_COCOK,downloads/Peraturan_ADK_5_Tahun_2018_PEDOMAN_SISTEM_INFORMASI_PROGRAM_ANTI_PENCUCIAN_UANG_DAN_PENCEGAHAN_PENDANAAN_TERORISME.pdf
Tahun_PENETAPAN_DAN_PENGANGKATAN_PEGAWAI.pdf,,,,TIDAK_COCOK,downloads/Tahun_PENETAPAN_DAN_PENGANGKATAN_PEGAWAI.pdf
Tahun_PENDELEGASIAN_WEWENANG_KEGIATAN_OPERASIONAL_OTORITAS_JASA_KEUANGAN.pdf,,,,TIDAK_COCOK,downloads/Tahun_PENDELEGASIAN_WEWENANG_KEGIATAN_OPERASIONAL_OTORITAS_JASA_KEUANGAN.pdf
Surat_Edaran_OJK_28_2025.pdf,SEOJK,28,2025,COCOK,downloads/Surat_Edaran_OJK_28_2025.pdf
Peraturan_ADK_7_Tahun_2021_PEDOMAN_PENGAWASAN_DANA_PENSIUN_BERBASIS_RISIKO.pdf,PADK,7,2021,TIDAK_COCOK,downloads/Peraturan_ADK_7_Tahun_2021_PEDOMAN_PENGAWASAN_DANA_PENSIUN_BERBASIS_RISIKO.pdf
FAQ_20SEOJK_2035-SEOJK05-2025_20Penilaian_20Tingkat_20Kesehatan_20Perusahaan_20Pergadaian_20dan_20Perusahaan_20Pergadaian_20Syariah.pdf,,35,2025,TIDAK_COCOK,downloads/FAQ_20SEOJK_2035-SEOJK05-2025_20Penilaian_20Tingkat_20Kesehatan_20Perusahaan_20Pergadaian_20dan_20Perusahaan_20Pergadaian_20Syariah.pdf
Peraturan_ADK_3_Tahun_2015_PELAKSANAAN_PENYIDIKAN_TINDAK_PIDANA_DI_SEKTOR_JASA_KEUANGAN.pdf,PADK,3,2015,TIDAK_COCOK,downloads/Peraturan_ADK_3_Tahun_2015_PELAKSANAAN_PENYIDIKAN_TINDAK_PIDANA_DI_SEKTOR_JASA_KEUANGAN.pdf
Abstrak_20POJK_2035_20Tahun_202024_20Perizinan_20dan_20Kelembagaan_20Dana_20Pensiun.pdf,,35,2024,TIDAK_COCOK,downloads/Abstrak_20POJK_2035_20Tahun_202024_20Perizinan_20dan_20Kelembagaan_20Dana_20Pensiun.pdf
Peraturan_ADK_4_Tahun_2022_PEDOMAN_PENGAWASAN_BERBASIS_RISIKO_BAGI_WALI_AMANAT.pdf,PADK,4,2022,TIDAK_COCOK,downloads/Peraturan_ADK_4_Tahun_2022_PEDOMAN_PENGAWASAN_BERBASIS_RISIKO_BAGI_WALI_AMANAT.pdf
Peraturan_ADK_11_Tahun_2015_PEMBERIAN_REMUNERASI_BAGI_PEGAWAI_OTORITAS_JASA_KEUANGAN.pdf,PADK,11,2015,TIDAK_COCOK,downloads/Peraturan_ADK_11_Tahun_2015_PEMBERIAN_REMUNERASI_BAGI_PEGAWAI_OTORITAS_JASA_KEUANGAN.pdf
Peraturan_OJK_10_2016.pdf,POJK,10,2016,COCOK,downloads/Peraturan_OJK_10_2016.pdf
Peraturan_OJK.pdf,POJK,,,TIDAK_COCOK,downloads/Peraturan_OJK.pdf
21_Tahun_2011_PENETAPAN_DAN_PENGANGKATAN_PEGAWAI_TETAP_OTORITAS_JASA_KEUANGAN.pdf,,21,2011,TIDAK_COCOK,downloads/21_Tahun_2011_PENETAPAN_DAN_PENGANGKATAN_PEGAWAI_TETAP_OTORITAS_JASA_KEUANGAN.pdf
Peraturan_ADK_20_Tahun_2015_SISTEM_INFORMASI_SUMBER_DAYA_MANUSIA_OTORITAS_JASA_KEUANGAN.pdf,PADK,20,2015,TIDAK_COCOK,downloads/Peraturan_ADK_20_Tahun_2015_SISTEM_INFORMASI_SUMBER_DAYA_MANUSIA_OTORITAS_JASA_KEUANGAN.pdf
Surat_Edaran_OJK_29_2025.pdf,SEOJK,29,2025,COCOK,downloads/Surat_Edaran_OJK_29_2025.pdf
Tahun_Pedoman_Pemeriksaan_Kepatuhan_Bursa_Efek_Lembaga_Kliring_dan_Penjaminan_serta_Lembaga_Penyimpanan_dan_Penyelesaian_SE_DK_Pedoman_Pemeriksaan_Lembaga_Efek.PDF,,,,TIDAK_COCOK,downloads/Tahun_Pedoman_Pemeriksaan_Kepatuhan_Bursa_Efek_Lembaga_Kliring_dan_Penjaminan_serta_Lembaga_Penyimpanan_dan_Penyelesaian_SE_DK_Pedoman_Pemeriksaan_Lembaga_Efek.PDF
Peraturan_OJK_1_2018.pdf,POJK,1,2018,COCOK,downloads/Peraturan_OJK_1_2018.pdf
SK_Dir_31-60-KEP-DIR-1998_Rencana_Kerja_dan_Laporan_Pelaksanaan_Rencana_Kerja_BPR_1998.pdf,KEPDIR,31,1998,TIDAK_COCOK,downloads/SK_Dir_31-60-KEP-DIR-1998_Rencana_Kerja_dan_Laporan_Pelaksanaan_Rencana_Kerja_BPR_1998.pdf
Peraturan_ADK_4_Tahun_2015_PEMBENTUKAN_DEWAN_AUDIT_OTORITAS_JASA_KEUANGAN_PERIODE_TAHUN_2015-2017.pdf,PADK,4,2015,TIDAK_COCOK,downloads/Peraturan_ADK_4_Tahun_2015_PEMBENTUKAN_DEWAN_AUDIT_OTORITAS_JASA_KEUANGAN_PERIODE_TAHUN_2015-2017.pdf
Surat_Edaran_OJK_38_2017.pdf,SEOJK,38,2017,TIDAK_COCOK,downloads/Surat_Edaran_OJK_38_2017.pdf
Surat_Edaran_OJK_4_2017.pdf,SEOJK,4,2017,COCOK,downloads/Surat_Edaran_OJK_4_2017.pdf
PADK_20Nomor_203_20Tahun_202026_20Penyelenggaraan_20Perdagangan_20Aset_20Keuangan_20Digital_20termasuk_20Aset_20Kripto.pdf,PADK,3,2026,COCOK,downloads/PADK_20Nomor_203_20Tahun_202026_20Penyelenggaraan_20Perdagangan_20Aset_20Keuangan_20Digital_20termasuk_20Aset_20Kripto.pdf
Peraturan_OJK_8_2025.pdf,POJK,8,2025,COCOK,downloads/Peraturan_OJK_8_2025.pdf
SEOJK_2010-SEOJK.05-2024_20Mekanisme_20dan_20Tata_20Cara_20Pemisahan_20Unit_20Syariah_20Perusahaan_20Asuransi_20dan_20Perusahaan_20Reasuransi.pdf,SEOJK,10,2024,COCOK,downloads/SEOJK_2010-SEOJK.05-2024_20Mekanisme_20dan_20Tata_20Cara_20Pemisahan_20Unit_20Syariah_20Perusahaan_20Asuransi_20dan_20Perusahaan_20Reasuransi.pdf
Peraturan_ADK_8_Tahun_2014_CUTI_PEGAWAI_OTORITAS_JASA_KEUANGAN.pdf,PADK,8,2014,TIDAK_COCOK,downloads/Peraturan_ADK_8_Tahun_2014_CUTI_PEGAWAI_OTORITAS_JASA_KEUANGAN.pdf
Peraturan_ADK_5_Tahun_2014_PENGELOLAAN_DANA_PUNGUTAN_OTORITAS_JASA_KEUANGAN.pdf,PADK,5,2014,TIDAK_COCOK,downloads/Peraturan_ADK_5_Tahun_2014_PENGELOLAAN_DANA_PUNGUTAN_OTORITAS_JASA_KEUANGAN.pdf
Peraturan_ADK_4_Tahun_2020_PERUBAHAN_ATAS_SURAT_EDARAN_OTORITAS_JASA_KEUANGAN_NOMOR_3_SEDK.03_2017_TENTANG_PEDOMAN_PERIZINAN_DAN_PENGAWASAN_PRODUK_DAN_AKTIVITAS_BANK_UMUM_SYARIAH_DAN_UNIT_USAHA_SYARIAH.pdf,PADK,4,2020,TIDAK_COCOK,downloads/Peraturan_ADK_4_Tahun_2020_PERUBAHAN_ATAS_SURAT_EDARAN_OTORITAS_JASA_KEUANGAN_NOMOR_3_SEDK.03_2017_TENTANG_PEDOMAN_PERIZINAN_DAN_PENGAWASAN_PRODUK_DAN_AKTIVITAS_BANK_UMUM_SYARIAH_DAN_UNIT_USAHA_SYARIAH.pdf
Abstrak_20SEOJK_208-SEOJK.07-2024_20Asosiasi_20Penyelenggara_20Inovasi_20Teknologi_20Sektor_20Keuangan.pdf,,8,2024,TIDAK_COCOK,downloads/Abstrak_20SEOJK_208-SEOJK.07-2024_20Asosiasi_20Penyelenggara_20Inovasi_20Teknologi_20Sektor_20Keuangan.pdf
Peraturan_OJK_7_2020.pdf,POJK,7,2020,COCOK,downloads/Peraturan_OJK_7_2020.pdf
Peraturan_ADK_16_Tahun_2014_PERUBAHAN_KEDUA_ATAS_SURAT_EDARAN_DEWAN_KOMISIONER_OTORITAS_JASA_KEUANGAN_NOMOR_33_SEDK.02_2013_TENTANG_PEDOMAN_TATA_NASKAH_DINAS_OTORITAS_JASA_KEUANGAN.pdf,PADK,16,2014,TIDAK_COCOK,downloads/Peraturan_ADK_16_Tahun_2014_PERUBAHAN_KEDUA_ATAS_SURAT_EDARAN_DEWAN_KOMISIONER_OTORITAS_JASA_KEUANGAN_NOMOR_33_SEDK.02_2013_TENTANG_PEDOMAN_TATA_NASKAH_DINAS_OTORITAS_JASA_KEUANGAN.pdf
Peraturan_ADK_Tahun_PEDOMAN_MANAJEMEN_PEMERIKSAAN_BPJS_KETENAGAKERJAAN.pdf,PADK,,,TIDAK_COCOK,downloads/Peraturan_ADK_Tahun_PEDOMAN_MANAJEMEN_PEMERIKSAAN_BPJS_KETENAGAKERJAAN.pdf
Peraturan_ADK_9_Tahun_2015_PEDOMAN_PEMERIKSAAN_BERDASARKAN_RISIKO_UNTUK_PEMERIKSAAN_RISIKO_OPERASIONAL.pdf,PADK,9,2015,TIDAK_COCOK,downloads/Peraturan_ADK_9_Tahun_2015_PEDOMAN_PEMERIKSAAN_BERDASARKAN_RISIKO_UNTUK_PEMERIKSAAN_RISIKO_OPERASIONAL.pdf
Peraturan_OJK_25_2015.pdf,POJK,25,2015,COCOK,downloads/Peraturan_OJK_25_2015.pdf
Peraturan_OJK_18_2018.pdf,POJK,18,2018,COCOK,downloads/Peraturan_OJK_18_2018.pdf
Surat_Edaran_OJK_33_2017.pdf,SEOJK,33,2017,COCOK,downloads/Surat_Edaran_OJK_33_2017.pdf
Surat_Edaran_OJK_8_2021.pdf,SEOJK,8,2021,COCOK,downloads/Surat_Edaran_OJK_8_2021.pdf
PADK_2043-PADK03-2025_20Penyelenggaraan_20Teknologi_20Informasi_20oleh_20BPR_20BPRS.pdf,PADK,43,2025,COCOK,downloads/PADK_2043-PADK03-2025_20Penyelenggaraan_20Teknologi_20Informasi_20oleh_20BPR_20BPRS.pdf
1_Tahun_2026_ORGANISASI_OTORITAS_JASA_KEUANGAN.pdf,,1,2026,TIDAK_COCOK,downloads/1_Tahun_2026_ORGANISASI_OTORITAS_JASA_KEUANGAN.pdf
Peraturan_ADK_Tahun_SISTEM_DAN_MEKANISME_PELAYANAN_KONSUMEN_TERINTEGRASI_SEKTOR_JASA_KEUANGAN.pdf,PADK,,,TIDAK_COCOK,downloads/Peraturan_ADK_Tahun_SISTEM_DAN_MEKANISME_PELAYANAN_KONSUMEN_TERINTEGRASI_SEKTOR_JASA_KEUANGAN.pdf
Surat_Edaran_OJK_9_2023.pdf,SEOJK,9,2023,COCOK,downloads/Surat_Edaran_OJK_9_2023.pdf
Surat_Edaran_OJK_42_2017.pdf,SEOJK,42,2017,COCOK,downloads/Surat_Edaran_OJK_42_2017.pdf
Peraturan_ADK_4_Tahun_2024_PEDOMAN_PERENCANAAN_PENGAWASAN_SUPERVISORY_PLAN_TERHADAP_BANK_PEREKONOMIAN_RAKYAT_DAN_BANK_PEREKONOMIAN_RAKYAT_SYARIAH.pdf,PADK,4,2024,TIDAK_COCOK,downloads/Peraturan_ADK_4_Tahun_2024_PEDOMAN_PERENCANAAN_PENGAWASAN_SUPERVISORY_PLAN_TERHADAP_BANK_PEREKONOMIAN_RAKYAT_DAN_BANK_PEREKONOMIAN_RAKYAT_SYARIAH.pdf
Peraturan_ADK_18_Tahun_2013_PERUBAHAN_KEDUA_ATAS_PERATURAN_DEWAN_KOMISIONER_OTORITAS_JASA_KEUANGAN_NOMOR_01_11_PDK_XII_2012_TENTANG_TATA_NASKAH_DINAS_OTORITAS_JASA_KEUANGAN.pdf,PADK,18,2013,TIDAK_COCOK,downloads/Peraturan_ADK_18_Tahun_2013_PERUBAHAN_KEDUA_ATAS_PERATURAN_DEWAN_KOMISIONER_OTORITAS_JASA_KEUANGAN_NOMOR_01_11_PDK_XII_2012_TENTANG_TATA_NASKAH_DINAS_OTORITAS_JASA_KEUANGAN.pdf
Tahun_PEDOMAN_PEMERIKSAAN_KEPATUHAN_DAN_PEMERIKSAAN_TEKNIS_PENYELENGGARA_LAYANAN_URUN_DANA_BERBASIS_TEKNOLOGI_INFORMASI.pdf,,,,TIDAK_COCOK,downloads/Tahun_PEDOMAN_PEMERIKSAAN_KEPATUHAN_DAN_PEMERIKSAAN_TEKNIS_PENYELENGGARA_LAYANAN_URUN_DANA_BERBASIS_TEKNOLOGI_INFORMASI.pdf
POJK_2031_20Tahun_202024_20Perintah_20Tertulis.pdf,POJK,31,2024,COCOK,downloads/POJK_2031_20Tahun_202024_20Perintah_20Tertulis.pdf
Peraturan_ADK_2_Tahun_2020_PEDOMAN_MEKANISME_KOORDINASI_PENANGANAN_PENYIMPANGAN_KETENTUAN_PERBANKAN_YANG_BERINDIKASI_TINDAK_PIDANA_PERBANKAN.pdf,PADK,2,2020,TIDAK_COCOK,downloads/Peraturan_ADK_2_Tahun_2020_PEDOMAN_MEKANISME_KOORDINASI_PENANGANAN_PENYIMPANGAN_KETENTUAN_PERBANKAN_YANG_BERINDIKASI_TINDAK_PIDANA_PERBANKAN.pdf
Surat_Edaran_OJK_27_2021.pdf,SEOJK,27,2021,COCOK,downloads/Surat_Edaran_OJK_27_2021.pdf
Abstrak_20SEOJK_2015-SEOJK.03-2024_20Penerapan_20Tata_20Kelola_20Syariah_20bagi_20Bank_20Umum_20Syariah_20dan_20Unit_20Usaha_20Syariah.pdf,,15,2024,TIDAK_COCOK,downloads/Abstrak_20SEOJK_2015-SEOJK.03-2024_20Penerapan_20Tata_20Kelola_20Syariah_20bagi_20Bank_20Umum_20Syariah_20dan_20Unit_20Usaha_20Syariah.pdf
Peraturan_OJK_4_2019.pdf,POJK,4,2019,COCOK,downloads/Peraturan_OJK_4_2019.pdf
Peraturan_ADK_4_Tahun_2021_MANAJEMEN_LAYANAN_SISTEM_INFORMASI_OTORITAS_JASA_KEUANGAN.pdf,PADK,4,2021,TIDAK_COCOK,downloads/Peraturan_ADK_4_Tahun_2021_MANAJEMEN_LAYANAN_SISTEM_INFORMASI_OTORITAS_JASA_KEUANGAN.pdf
Peraturan_ADK_48_Tahun_2013_PERATURAN_TATA_TERTIB_DAN_DISIPLIN_PEGAWAI_OTORITAS_JASA_KEUANGAN.pdf,PADK,48,2013,TIDAK_COCOK,downloads/Peraturan_ADK_48_Tahun_2013_PERATURAN_TATA_TERTIB_DAN_DISIPLIN_PEGAWAI_OTORITAS_JASA_KEUANGAN.pdf
Peraturan_ADK_21_Tahun_2011_PERUBAHAN_ATAS_PERATURAN_DEWAN_KOMISIONER_NOMOR_01_16_PDK_XII_2012_TENTANG_PELAKSANAAN_TUGAS_DAN_WEWENANG_DEWAN_KOMISIONER_OTORITAS_JASA_KEUANGAN.pdf,PADK,21,2011,TIDAK_COCOK,downloads/Peraturan_ADK_21_Tahun_2011_PERUBAHAN_ATAS_PERATURAN_DEWAN_KOMISIONER_NOMOR_01_16_PDK_XII_2012_TENTANG_PELAKSANAAN_TUGAS_DAN_WEWENANG_DEWAN_KOMISIONER_OTORITAS_JASA_KEUANGAN.pdf
Peraturan_ADK_15_Tahun_2016_PERUBAHAN_KEDUA_ATAS_SURAT_EDARAN_DEWAN_KOMISIONER_OTORITAS_JASA_KEUANGAN_NOMOR_10_SEDK.02_2014_TENTANG_PENGELOLAAN_TENAGA_KERJA_PERJANJIAN_KERJA_WAKTU_TERTENTU.pdf,PADK,15,2016,TIDAK_COCOK,downloads/Peraturan_ADK_15_Tahun_2016_PERUBAHAN_KEDUA_ATAS_SURAT_EDARAN_DEWAN_KOMISIONER_OTORITAS_JASA_KEUANGAN_NOMOR_10_SEDK.02_2014_TENTANG_PENGELOLAAN_TENAGA_KERJA_PERJANJIAN_KERJA_WAKTU_TERTENTU.pdf
Surat_Edaran_OJK_21_2020.pdf,SEOJK,21,2020,COCOK,downloads/Surat_Edaran_OJK_21_2020.pdf
Peraturan_ADK_3_Tahun_2017_PERUBAHAN_KEDUA_ATAS_PERATURAN_DEWAN_KOMISIONER_OTORITAS_JASA_KEUANGAN_NOMOR_4_PDK.02_2014_TENTANG_PENGELOLAAN_TENAGA_KERJA_PERJANJIAN_KERJA_WAKTU_TERTENTU.pdf,PADK,3,2017,TIDAK_COCOK,downloads/Peraturan_ADK_3_Tahun_2017_PERUBAHAN_KEDUA_ATAS_PERATURAN_DEWAN_KOMISIONER_OTORITAS_JASA_KEUANGAN_NOMOR_4_PDK.02_2014_TENTANG_PENGELOLAAN_TENAGA_KERJA_PERJANJIAN_KERJA_WAKTU_TERTENTU.pdf
Peraturan_OJK_33_2017.pdf,POJK,33,2017,COCOK,downloads/Peraturan_OJK_33_2017.pdf
Peraturan_OJK_23_2020.pdf,POJK,23,2020,COCOK,downloads/Peraturan_OJK_23_2020.pdf
Peraturan_ADK_14_Tahun_2013.pdf,PADK,14,2013,TIDAK_COCOK,downloads/Peraturan_ADK_14_Tahun_2013.pdf
Peraturan_ADK_2_Tahun_2014_SUMBER_DAYA_MANUSIA_PENDUKUNG_ANGGOTA_DEWAN_KOMISIONER_OTORITAS_JASA_KEUANGAN.pdf,PADK,2,2014,TIDAK_COCOK,downloads/Peraturan_ADK_2_Tahun_2014_SUMBER_DAYA_MANUSIA_PENDUKUNG_ANGGOTA_DEWAN_KOMISIONER_OTORITAS_JASA_KEUANGAN.pdf
POJK_2013_20Tahun_202024_20Transparansi_20dan_20Publikasi_20Suku_20Bunga_20Dasar_20Kredit_20bagi_20Bank_20Umum_20Konvensional.pdf,POJK,13,2024,COCOK,downloads/POJK_2013_20Tahun_202024_20Transparansi_20dan_20Publikasi_20Suku_20Bunga_20Dasar_20Kredit_20bagi_20Bank_20Umum_20Konvensional.pdf
Peraturan_ADK_1_Tahun_2019_PENETAPAN_LEMBAGA_JASA_KEUANGAN_NONBANK_UTAMA.pdf,PADK,1,2019,TIDAK_COCOK,downloads/Peraturan_ADK_1_Tahun_2019_PENETAPAN_LEMBAGA_JASA_KEUANGAN_NONBANK_UTAMA.pdf
Surat_Edaran_OJK_23_2016.pdf,SEOJK,23,2016,COCOK,downloads/Surat_Edaran_OJK_23_2016.pdf
Peraturan_ADK_21_Tahun_2011_PEMBENTUKAN_DEWAN_AUDIT_OTORITAS_JASA_KEUANGAN.pdf,PADK,21,2011,TIDAK_COCOK,downloads/Peraturan_ADK_21_Tahun_2011_PEMBENTUKAN_DEWAN_AUDIT_OTORITAS_JASA_KEUANGAN.pdf
Surat_Edaran_OJK_26_2025.pdf,SEOJK,26,2025,COCOK,downloads/Surat_Edaran_OJK_26_2025.pdf
Surat_Edaran_OJK_1_2016.pdf,SEOJK,1,2016,COCOK,downloads/Surat_Edaran_OJK_1_2016.pdf
Peraturan_OJK_18_2014.pdf,POJK,18,2014,COCOK,downloads/Peraturan_OJK_18_2014.pdf
Peraturan_ADK_3_Tahun_2025_PEDOMAN_PERSETUJUAN_PRODUK_AKTIVITAS_DAN_KEGIATAN_LAIN_DI_SEKTOR_INOVASI_TEKNOLOGI_SEKTOR_KEUANGAN_ASET_KEUANGAN_DIGITAL_DAN_ASET_KRIPTO.pdf,PADK,3,2025,TIDAK_COCOK,downloads/Peraturan_ADK_3_Tahun_2025_PEDOMAN_PERSETUJUAN_PRODUK_AKTIVITAS_DAN_KEGIATAN_LAIN_DI_SEKTOR_INOVASI_TEKNOLOGI_SEKTOR_KEUANGAN_ASET_KEUANGAN_DIGITAL_DAN_ASET_KRIPTO.pdf
Abstrak_20SEOJK_206-SEOJK.07-2024_20Pendaftaran_20Penyelenggara_20Inovasi_20Teknologi_20Sektor_20Keuangan.pdf,,6,2024,TIDAK_COCOK,downloads/Abstrak_20SEOJK_206-SEOJK.07-2024_20Pendaftaran_20Penyelenggara_20Inovasi_20Teknologi_20Sektor_20Keuangan.pdf
Peraturan_OJK_29_2015.pdf,POJK,29,2015,COCOK,downloads/Peraturan_OJK_29_2015.pdf
Peraturan_OJK_47_2020.pdf,POJK,47,2020,COCOK,downloads/Peraturan_OJK_47_2020.pdf
SEOJK_2010-SEOJK04-2025_20Penyampaian_20Laporan_20Kepemilikan_20atau_20Setiap_20Perubahan_20Kepemilikan_20Saham_20Perusahaan_20Terbuka_20dan_20Laporan_20Aktivitas_20Menjaminkan_20Saham_20Perusahaan_20Terbuka.pdf,SEOJK,10,2025,COCOK,downloads/SEOJK_2010-SEOJK04-2025_20Penyampaian_20Laporan_20Kepemilikan_20atau_20Setiap_20Perubahan_20Kepemilikan_20Saham_20Perusahaan_20Terbuka_20dan_20Laporan_20Aktivitas_20Menjaminkan_20Saham_20Perusahaan_20Terbuka.pdf
Peraturan_OJK_24_2015.pdf,POJK,24,2015,COCOK,downloads/Peraturan_OJK_24_2015.pdf
Peraturan_ADK_19_Tahun_2013_PERUBAHAN_ATAS_KEPUTUSAN_DEWAN_KOMISIONER_NOMOR_15_KDK.02_2013_TENTANG_PEMBENTUKAN_KOMITE_ETIK_DI_OTORITAS_JASA_KEUANGAN.pdf,PADK,19,2013,TIDAK_COCOK,downloads/Peraturan_ADK_19_Tahun_2013_PERUBAHAN_ATAS_KEPUTUSAN_DEWAN_KOMISIONER_NOMOR_15_KDK.02_2013_TENTANG_PEMBENTUKAN_KOMITE_ETIK_DI_OTORITAS_JASA_KEUANGAN.pdf
Peraturan_OJK_24_2014.pdf,POJK,24,2014,COCOK,downloads/Peraturan_OJK_24_2014.pdf
Abstrak_2022-SEOJK.05-2023._20Laporan_20Keuangan_20Bulanan_20Badan_20Penyelenggara_20Jaminan_20Sosial_20Dan_20Laporan_20Keuangan_20Bulanan_20Dana_20Jaminan_20Sosial.pdf,,22,2023,TIDAK_COCOK,downloads/Abstrak_2022-SEOJK.05-2023._20Laporan_20Keuangan_20Bulanan_20Badan_20Penyelenggara_20Jaminan_20Sosial_20Dan_20Laporan_20Keuangan_20Bulanan_20Dana_20Jaminan_20Sosial.pdf
Abstrak_20POJK_20Nomor_2030_20Tahun_202023.pdf,,30,2023,TIDAK_COCOK,downloads/Abstrak_20POJK_20Nomor_2030_20Tahun_202023.pdf
POJK_2028_20Tahun_202024_20Pengelolaan_20Informasi_20Rekam_20Jejak_20Pelaku_20Melalui_20Sistem_20Informasi_20Pelaku.pdf,POJK,28,2024,COCOK,downloads/POJK_2028_20Tahun_202024_20Pengelolaan_20Informasi_20Rekam_20Jejak_20Pelaku_20Melalui_20Sistem_20Informasi_20Pelaku.pdf
Peraturan_OJK_13_2016.pdf,POJK,13,2016,COCOK,downloads/Peraturan_OJK_13_2016.pdf
Peraturan_OJK_5_2014.pdf,POJK,5,2014,COCOK,downloads/Peraturan_OJK_5_2014.pdf
FAQ_20PADK_2044-PADK01-2025_20Tata_20Cara_20Penggunaan_20Profesi_20Penunjang_20di_20SJK.pdf,,44,2025,TIDAK_COCOK,downloads/FAQ_20PADK_2044-PADK01-2025_20Tata_20Cara_20Penggunaan_20Profesi_20Penunjang_20di_20SJK.pdf
Surat_Edaran_OJK_20_2017.pdf,SEOJK,20,2017,COCOK,downloads/Surat_Edaran_OJK_20_2017.pdf
Peraturan_OJK_10_2020.pdf,POJK,10,2020,COCOK,downloads/Peraturan_OJK_10_2020.pdf
Peraturan_ADK_17_Tahun_2015_PENYUSUNAN_LAPORAN_KEUANGAN_OTORITAS_JASA_KEUANGAN.pdf,PADK,17,2015,TIDAK_COCOK,downloads/Peraturan_ADK_17_Tahun_2015_PENYUSUNAN_LAPORAN_KEUANGAN_OTORITAS_JASA_KEUANGAN.pdf
Surat_Edaran_OJK_22_2016.pdf,SEOJK,22,2016,COCOK,downloads/Surat_Edaran_OJK_22_2016.pdf
Peraturan_ADK_3_Tahun_2013_PERJALANAN_DINAS_PEGAWAI_OTORITAS_JASA_KEUANGAN.pdf,PADK,3,2013,TIDAK_COCOK,downloads/Peraturan_ADK_3_Tahun_2013_PERJALANAN_DINAS_PEGAWAI_OTORITAS_JASA_KEUANGAN.pdf
Peraturan_ADK_18_Tahun_2013_SISTEMATIKA_AKUN_OTORITAS_JASA_KEUANGAN.pdf,PADK,18,2013,TIDAK_COCOK,downloads/Peraturan_ADK_18_Tahun_2013_SISTEMATIKA_AKUN_OTORITAS_JASA_KEUANGAN.pdf
Surat_Edaran_OJK_6_2023.pdf,SEOJK,6,2023,COCOK,downloads/Surat_Edaran_OJK_6_2023.pdf
b353ba52-7c31-e896-2588-cfb0899c7c7d.pdf,,2588,,TIDAK_COCOK,downloads/b353ba52-7c31-e896-2588-cfb0899c7c7d.pdf
Peraturan_ADK_1_Tahun_2018_PEDOMAN_PELAKSANAAN_PELAPORAN_DAN_PERMINTAAN_INFORMASI_DEBITUR_MELALUI_SISTEM_LAYANAN_INFORMASI_KEUANGAN.pdf,PADK,1,2018,TIDAK_COCOK,downloads/Peraturan_ADK_1_Tahun_2018_PEDOMAN_PELAKSANAAN_PELAPORAN_DAN_PERMINTAAN_INFORMASI_DEBITUR_MELALUI_SISTEM_LAYANAN_INFORMASI_KEUANGAN.pdf
Peraturan_OJK_42_2015.pdf,POJK,42,2015,COCOK,downloads/Peraturan_OJK_42_2015.pdf
Peraturan_ADK_8_Tahun_2015_AKUNTANSI_ASET_TETAP_DAN_ASET_TAKBERWUJUD.pdf,PADK,8,2015,TIDAK_COCOK,downloads/Peraturan_ADK_8_Tahun_2015_AKUNTANSI_ASET_TETAP_DAN_ASET_TAKBERWUJUD.pdf
Surat_Edaran_OJK_3_2018.pdf,SEOJK,3,2018,COCOK,downloads/Surat_Edaran_OJK_3_2018.pdf
Peraturan_ADK_26_Tahun_2023_PEDOMAN_SISTEM_PENGELOLAAN_PENGAMANAN_OTORITAS_JASA_KEUANGAN.pdf,PADK,26,2023,TIDAK_COCOK,downloads/Peraturan_ADK_26_Tahun_2023_PEDOMAN_SISTEM_PENGELOLAAN_PENGAMANAN_OTORITAS_JASA_KEUANGAN.pdf
Surat_Edaran_OJK_7_2013.pdf,SEOJK,7,2013,COCOK,downloads/Surat_Edaran_OJK_7_2013.pdf
Abstrak_20SEOJK_2010-SEOJK04-2025_20Penyampaian_20Laporan_20Kepemilikan_20atau_20Setiap_20Perubahan_20Kepemilikan_20Saham_20Perusahaan_20Terbuka_20dan_20Laporan_20Aktivitas_20Menjaminkan_20Saham_20Perusahaan_20Terbuka.pdf,,10,2025,TIDAK_COCOK,downloads/Abstrak_20SEOJK_2010-SEOJK04-2025_20Penyampaian_20Laporan_20Kepemilikan_20atau_20Setiap_20Perubahan_20Kepemilikan_20Saham_20Perusahaan_20Terbuka_20dan_20Laporan_20Aktivitas_20Menjaminkan_20Saham_20Perusahaan_20Terbuka.pdf
Peraturan_OJK_38_2020.pdf,POJK,38,2020,COCOK,downloads/Peraturan_OJK_38_2020.pdf
Peraturan_ADK_4_Tahun_2025_PEDOMAN_PENGAWASAN_ASET_KEUANGAN_DIGITAL_TERMASUK_ASET_KRIPTO.pdf,PADK,4,2025,TIDAK_COCOK,downloads/Peraturan_ADK_4_Tahun_2025_PEDOMAN_PENGAWASAN_ASET_KEUANGAN_DIGITAL_TERMASUK_ASET_KRIPTO.pdf
Peraturan_OJK_5_2019.pdf,POJK,5,2019,COCOK,downloads/Peraturan_OJK_5_2019.pdf
Peraturan_ADK_1_Tahun_2021_PROSEDUR_PENGEMBANGAN_APLIKASI_OTORITAS_JASA_KEUANGAN.pdf,PADK,1,2021,TIDAK_COCOK,downloads/Peraturan_ADK_1_Tahun_2021_PROSEDUR_PENGEMBANGAN_APLIKASI_OTORITAS_JASA_KEUANGAN.pdf
Surat_Edaran_OJK_41_2024.pdf,SEOJK,41,2024,TIDAK_COCOK,downloads/Surat_Edaran_OJK_41_2024.pdf
Surat_Edaran_OJK_11_2020.pdf,SEOJK,11,2020,COCOK,downloads/Surat_Edaran_OJK_11_2020.pdf
Peraturan_ADK_3_Tahun_2022_PERUBAHAN_KEEMPAT_PERATURAN_DEWAN_KOMISIONER_OTORITAS_JASA_KEUANGAN_NOMOR_5_PDK.01_2018_TENTANG_ORGANISASI_OTORITAS_JASA_KEUANGAN.pdf,PADK,3,2022,TIDAK_COCOK,downloads/Peraturan_ADK_3_Tahun_2022_PERUBAHAN_KEEMPAT_PERATURAN_DEWAN_KOMISIONER_OTORITAS_JASA_KEUANGAN_NOMOR_5_PDK.01_2018_TENTANG_ORGANISASI_OTORITAS_JASA_KEUANGAN.pdf
94bfc6ed-a4c3-4ad0-09e6-3058a329d41d.pdf,,,,TIDAK_COCOK,downloads/94bfc6ed-a4c3-4ad0-09e6-3058a329d41d.pdf
Peraturan_ADK_5_Tahun_2021_PEDOMAN_BANK_PERFORMANCE_REPORT_BPER_BANK_PERKREDITAN_RAKYAT_DAN_BANK_PEMBIAYAAN_RAKYAT_SYARIAH.pdf,PADK,5,2021,TIDAK_COCOK,downloads/Peraturan_ADK_5_Tahun_2021_PEDOMAN_BANK_PERFORMANCE_REPORT_BPER_BANK_PERKREDITAN_RAKYAT_DAN_BANK_PEMBIAYAAN_RAKYAT_SYARIAH.pdf
Peraturan_ADK_5_Tahun_2024_PERUBAHAN_ATAS_SURAT_EDARAN_DEWAN_KOMISIONER_OTORITAS_JASA_KEUANGAN_NOMOR_10_SEDK.02_2016_TENTANG_TATA_CARA_PERJALANAN_PINDAH_PEGAWAI_OTORITAS_JASA_KEUANGAN.pdf,PADK,5,2024,TIDAK_COCOK,downloads/Peraturan_ADK_5_Tahun_2024_PERUBAHAN_ATAS_SURAT_EDARAN_DEWAN_KOMISIONER_OTORITAS_JASA_KEUANGAN_NOMOR_10_SEDK.02_2016_TENTANG_TATA_CARA_PERJALANAN_PINDAH_PEGAWAI_OTORITAS_JASA_KEUANGAN.pdf
Peraturan_OJK_73_2016.pdf,POJK,73,2016,COCOK,downloads/Peraturan_OJK_73_2016.pdf
Peraturan_ADK_12_Tahun_2016_PEDOMAN_AKUNTANSI_OTORITAS_JASA_KEUANGAN.pdf,PADK,12,2016,TIDAK_COCOK,downloads/Peraturan_ADK_12_Tahun_2016_PEDOMAN_AKUNTANSI_OTORITAS_JASA_KEUANGAN.pdf
Surat_Edaran_OJK_11_2018.pdf,SEOJK,11,2018,COCOK,downloads/Surat_Edaran_OJK_11_2018.pdf
POJK_2039_20Tahun_202024_20Pergadaian.pdf,POJK,39,2024,COCOK,downloads/POJK_2039_20Tahun_202024_20Pergadaian.pdf
Peraturan_Bank_Indonesia.pdf,PBI,,,TIDAK_COCOK,downloads/Peraturan_Bank_Indonesia.pdf
PADK_2038-PADK06-2025_20Penilaian_20Tingkat_20Kesehatan_20Penyelenggara_20Layanan_20Pendanaan_20Bersama_20Berbasis_20Teknologi_20Informasi.pdf,PADK,38,2025,COCOK,downloads/PADK_2038-PADK06-2025_20Penilaian_20Tingkat_20Kesehatan_20Penyelenggara_20Layanan_20Pendanaan_20Bersama_20Berbasis_20Teknologi_20Informasi.pdf
Peraturan_ADK_1_Tahun_2024_PEDOMAN_PENANGANAN_ISU_PENGAWASAN_LINTAS_SEKTOR_DI_SEKTOR_JASA_KEUANGAN.pdf,PADK,1,2024,TIDAK_COCOK,downloads/Peraturan_ADK_1_Tahun_2024_PEDOMAN_PENANGANAN_ISU_PENGAWASAN_LINTAS_SEKTOR_DI_SEKTOR_JASA_KEUANGAN.pdf
Surat_Edaran_OJK_4_2022.pdf,SEOJK,4,2022,COCOK,downloads/Surat_Edaran_OJK_4_2022.pdf
Peraturan_OJK_50_2020.pdf,POJK,50,2020,COCOK,downloads/Peraturan_OJK_50_2020.pdf
Peraturan_OJK_16_2016.pdf,POJK,16,2016,COCOK,downloads/Peraturan_OJK_16_2016.pdf
Peraturan_OJK_41_2020.pdf,POJK,41,2020,COCOK,downloads/Peraturan_OJK_41_2020.pdf
Peraturan_OJK_15_2024.pdf,POJK,15,2024,COCOK,downloads/Peraturan_OJK_15_2024.pdf
Peraturan_OJK_32_2016.pdf,POJK,32,2016,COCOK,downloads/Peraturan_OJK_32_2016.pdf
Abstrak_20PADK_2047-PADK05-2025_20Penilaian_20Tingkat_20Kesehatan_20Lembaga_20Penjamin.pdf,,47,2025,TIDAK_COCOK,downloads/Abstrak_20PADK_2047-PADK05-2025_20Penilaian_20Tingkat_20Kesehatan_20Lembaga_20Penjamin.pdf
Peraturan_ADK_2_Tahun_2019_PENGAWASAN_LEMBAGA_JASA_KEUANGAN_NONBANK_BERBASIS_RISIKO.pdf,PADK,2,2019,TIDAK_COCOK,downloads/Peraturan_ADK_2_Tahun_2019_PENGAWASAN_LEMBAGA_JASA_KEUANGAN_NONBANK_BERBASIS_RISIKO.pdf
Peraturan_ADK_17_Tahun_2015_PEDOMAN_PEMERIKSAAN_BERDASARKAN_RISIKO_UNTUK_PEMERIKSAAN_RISIKO_PASAR.pdf,PADK,17,2015,TIDAK_COCOK,downloads/Peraturan_ADK_17_Tahun_2015_PEDOMAN_PEMERIKSAAN_BERDASARKAN_RISIKO_UNTUK_PEMERIKSAAN_RISIKO_PASAR.pdf
Peraturan_OJK_31_2025.pdf,POJK,31,2025,COCOK,downloads/Peraturan_OJK_31_2025.pdf
Surat_Edaran_OJK_19_2021.pdf,SEOJK,19,2021,COCOK,downloads/Surat_Edaran_OJK_19_2021.pdf
FAQ_20SEOJK_2017-SEOJK03-2024_20Pelaporan_20Melalui_20Sistem_20Pelaporan_20OJK_20dan_20Transparansi_20Kondisi_20Keuangan_20bagi_20Bank_20Perekonomian_20Rakyat_20Syariah.pdf,,17,2024,TIDAK_COCOK,downloads/FAQ_20SEOJK_2017-SEOJK03-2024_20Pelaporan_20Melalui_20Sistem_20Pelaporan_20OJK_20dan_20Transparansi_20Kondisi_20Keuangan_20bagi_20Bank_20Perekonomian_20Rakyat_20Syariah.pdf
Peraturan_ADK_1_Tahun_2020_PENGELOLAAN_DAN_PENGENDALIAN_GRATIFIKASI_DI_OTORITAS_JASA_KEUANGAN.pdf,PADK,1,2020,TIDAK_COCOK,downloads/Peraturan_ADK_1_Tahun_2020_PENGELOLAAN_DAN_PENGENDALIAN_GRATIFIKASI_DI_OTORITAS_JASA_KEUANGAN.pdf
Surat_Edaran_OJK_1_2024.pdf,SEOJK,1,2024,COCOK,downloads/Surat_Edaran_OJK_1_2024.pdf
Abstrak_20POJK_2040_20Tahun_202024_20Layanan_20Pendanaan_20Bersama_20Berbasis_20Teknologi_20Informasi.pdf,,40,2024,TIDAK_COCOK,downloads/Abstrak_20POJK_2040_20Tahun_202024_20Layanan_20Pendanaan_20Bersama_20Berbasis_20Teknologi_20Informasi.pdf
Peraturan_OJK_3_2022.pdf,POJK,3,2022,COCOK,downloads/Peraturan_OJK_3_2022.pdf
Undang-Undang_11_1992.PDF,UU,11,1992,COCOK,downloads/Undang-Undang_11_1992.PDF
Peraturan_OJK_7_2021.pdf,POJK,7,2021,COCOK,downloads/Peraturan_OJK_7_2021.pdf
Abstrak_20SEOJK_2017-SEOJK06-2025_20Laporan_20Bulanan_20Perusahaan_20Pergadaian_20dan_20Perusahaan_20Pergadaian_20Syariah.pdf,,17,2025,TIDAK_COCOK,downloads/Abstrak_20SEOJK_2017-SEOJK06-2025_20Laporan_20Bulanan_20Perusahaan_20Pergadaian_20dan_20Perusahaan_20Pergadaian_20Syariah.pdf
Peraturan_OJK_36_2017.pdf,POJK,36,2017,TIDAK_COCOK,downloads/Peraturan_OJK_36_2017.pdf
Peraturan_OJK_52_2017.pdf,POJK,52,2017,COCOK,downloads/Peraturan_OJK_52_2017.pdf
Peraturan_ADK_2_Tahun_2013_MEKANISME_PENGAJUAN_GUGATAN_PERDATA_OLEH_OTORITAS_JASA_KEUANGAN_UNTUK_PERLINDUNGAN_KONSUMEN.pdf,PADK,2,2013,TIDAK_COCOK,downloads/Peraturan_ADK_2_Tahun_2013_MEKANISME_PENGAJUAN_GUGATAN_PERDATA_OLEH_OTORITAS_JASA_KEUANGAN_UNTUK_PERLINDUNGAN_KONSUMEN.pdf
Peraturan_ADK_1_Tahun_2021_MANAJEMEN_KELANGSUNGAN_BISNIS_OTORITAS_JASA_KEUANGAN.pdf,PADK,1,2021,TIDAK_COCOK,downloads/Peraturan_ADK_1_Tahun_2021_MANAJEMEN_KELANGSUNGAN_BISNIS_OTORITAS_JASA_KEUANGAN.pdf
Peraturan_ADK_22_Tahun_2017_PEDOMAN_PENGAWASAN_PRINSIP_KEHATI-HATIAN_DALAM_KEGIATAN_PENYERTAAN_MODAL.pdf,PADK,22,2017,TIDAK_COCOK,downloads/Peraturan_ADK_22_Tahun_2017_PEDOMAN_PENGAWASAN_PRINSIP_KEHATI-HATIAN_DALAM_KEGIATAN_PENYERTAAN_MODAL.pdf
Peraturan_ADK_5_Tahun_2023_ORGANISASI_SEKTOR_INOVASI_TEKNOLOGI_SEKTOR_KEUANGAN_ASET_KEUANGAN_DIGITAL_DAN_ASET_KRIPTO.pdf,PADK,5,2023,TIDAK_COCOK,downloads/Peraturan_ADK_5_Tahun_2023_ORGANISASI_SEKTOR_INOVASI_TEKNOLOGI_SEKTOR_KEUANGAN_ASET_KEUANGAN_DIGITAL_DAN_ASET_KRIPTO.pdf
0144fd7c-5741-78ca-37a2-a4a25f2464a2.pdf,,5741,,TIDAK_COCOK,downloads/0144fd7c-5741-78ca-37a2-a4a25f2464a2.pdf
Peraturan_ADK_45_Tahun_2013_PEMBAGIAN_TUGAS_ANGGOTA_DEWAN_KOMISIONER_OTORITAS_JASA_KEUANGAN.pdf,PADK,45,2013,TIDAK_COCOK,downloads/Peraturan_ADK_45_Tahun_2013_PEMBAGIAN_TUGAS_ANGGOTA_DEWAN_KOMISIONER_OTORITAS_JASA_KEUANGAN.pdf
Peraturan_OJK_56_2020.pdf,POJK,56,2020,COCOK,downloads/Peraturan_OJK_56_2020.pdf
Surat_Edaran_OJK_18_2018.pdf,SEOJK,18,2018,COCOK,downloads/Surat_Edaran_OJK_18_2018.pdf
Peraturan_OJK_21_Tahun_2019_PEDOMAN_PERIZINAN_PENGGABUNGAN_PELEBURAN_DAN_PENGAMBILALIHAN_BPR_DAN_BPRS.pdf,POJK,21,2019,COCOK,downloads/Peraturan_OJK_21_Tahun_2019_PEDOMAN_PERIZINAN_PENGGABUNGAN_PELEBURAN_DAN_PENGAMBILALIHAN_BPR_DAN_BPRS.pdf
Peraturan_OJK_23_2014.pdf,POJK,23,2014,COCOK,downloads/Peraturan_OJK_23_2014.pdf
Surat_Edaran_OJK_15_2023.pdf,SEOJK,15,2023,COCOK,downloads/Surat_Edaran_OJK_15_2023.pdf
Peraturan_OJK_27_2016.pdf,POJK,27,2016,COCOK,downloads/Peraturan_OJK_27_2016.pdf
Abstrak_20POJK_202_20Tahun_202026_20Reksa_20Dana_20Berbentuk_20Kontrak_20Investasi_20Kolektif_20Yang_20Unit_20Penyertaannya_20Diperdagangkan_20Di_20Bursa_20Efek_20Dengan_20Aset_20Yang_20Mendasari_20Berupa_20Emas.pdf,,2,2026,TIDAK_COCOK,downloads/Abstrak_20POJK_202_20Tahun_202026_20Reksa_20Dana_20Berbentuk_20Kontrak_20Investasi_20Kolektif_20Yang_20Unit_20Penyertaannya_20Diperdagangkan_20Di_20Bursa_20Efek_20Dengan_20Aset_20Yang_20Mendasari_20Berupa_20Emas.pdf
Peraturan_OJK_28_2019.pdf,POJK,28,2019,COCOK,downloads/Peraturan_OJK_28_2019.pdf
Peraturan_Bank_Indonesia_20_2008.pdf,PBI,20,2008,TIDAK_COCOK,downloads/Peraturan_Bank_Indonesia_20_2008.pdf
43_-_Rijksblaad_dari_Daerah_Paku_Alaman_Tahun_1937_Nomor_9.pdf,,9,1937,TIDAK_COCOK,downloads/43_-_Rijksblaad_dari_Daerah_Paku_Alaman_Tahun_1937_Nomor_9.pdf
POJK_201_20Tahun_202026_20Penggunaan_20Tenaga_20Kerja_20Asing_20dan_20Program_20Alih_20Pengetahuan_20oleh_20Bank_20Umum.pdf,POJK,1,2026,COCOK,downloads/POJK_201_20Tahun_202026_20Penggunaan_20Tenaga_20Kerja_20Asing_20dan_20Program_20Alih_20Pengetahuan_20oleh_20Bank_20Umum.pdf
Surat_Edaran_OJK_25_2015.pdf,SEOJK,25,2015,COCOK,downloads/Surat_Edaran_OJK_25_2015.pdf
bcc2cc05-b45e-7c1c-736e-05891de7510a.pdf,,,,TIDAK_COCOK,downloads/bcc2cc05-b45e-7c1c-736e-05891de7510a.pdf
Undang-Undang_2_2009.pdf,UU,2,2009,COCOK,downloads/Undang-Undang_2_2009.pdf
Abstrak_20SEOJK_2023-SEOJK05-2024_20Bentuk_20dan_20Susunan_20Laporan_20Berkala_20Perusahaan_20Asuransi_20dan_20Perusahaan_20Reasuransi.pdf,,23,2024,TIDAK_COCOK,downloads/Abstrak_20SEOJK_2023-SEOJK05-2024_20Bentuk_20dan_20Susunan_20Laporan_20Berkala_20Perusahaan_20Asuransi_20dan_20Perusahaan_20Reasuransi.pdf
Peraturan_ADK_16_Tahun_2015_PEDOMAN_PEMERIKSAAN_BERDASARKAN_RISIKO_UNTUK_PEMERIKSAAN_RISIKO_REPUTASI.pdf,PADK,16,2015,TIDAK_COCOK,downloads/Peraturan_ADK_16_Tahun_2015_PEDOMAN_PEMERIKSAAN_BERDASARKAN_RISIKO_UNTUK_PEMERIKSAAN_RISIKO_REPUTASI.pdf
POJK_2037_20Tahun_202024_20Perubahan_20Atas_20POJK_20172017_20tentang_20Prosedur_20dan_20Tata_20Cara_20Pengenaan_20Sanksi_20Administratif_20di_20Bidang_20Perasuransian_20dan_20Pemblokiran_20Kekayaan_20Perusahaan_20Asuransi_20Perusahaa.pdf,POJK,37,2024,COCOK,downloads/POJK_2037_20Tahun_202024_20Perubahan_20Atas_20POJK_20172017_20tentang_20Prosedur_20dan_20Tata_20Cara_20Pengenaan_20Sanksi_20Administratif_20di_20Bidang_20Perasuransian_20dan_20Pemblokiran_20Kekayaan_20Perusahaan_20Asuransi_20Perusahaa.pdf
Surat_Edaran_OJK_2_2021.pdf,SEOJK,2,2021,COCOK,downloads/Surat_Edaran_OJK_2_2021.pdf
FAQ_20SEOJK_2013-SEOJK05-2025_20Bentuk_20dan_20Susunan_20Laporan_20Berkala_20Perusahaan_20Pialang_20Asuransi_20Perusahaan_20Pialang_20Reasuransi_20dan_20Perusahaan_20Penilaian_20Kerugian_20Asuransi.pdf,,13,2025,TIDAK_COCOK,downloads/FAQ_20SEOJK_2013-SEOJK05-2025_20Bentuk_20dan_20Susunan_20Laporan_20Berkala_20Perusahaan_20Pialang_20Asuransi_20Perusahaan_20Pialang_20Reasuransi_20dan_20Perusahaan_20Penilaian_20Kerugian_20Asuransi.pdf
Abstrak_20PADK_2042-PADK03-2025_20Perintah_20Tertulis_20untuk_20Penanganan_20Permasalahan_20Bank_20melalui_20Penggabungan_20Peleburan_20Pengambilalihan_20Integrasi_20dan_20atau_20Konversi.pdf,,42,2025,TIDAK_COCOK,downloads/Abstrak_20PADK_2042-PADK03-2025_20Perintah_20Tertulis_20untuk_20Penanganan_20Permasalahan_20Bank_20melalui_20Penggabungan_20Peleburan_20Pengambilalihan_20Integrasi_20dan_20atau_20Konversi.pdf
Peraturan_ADK_4_Tahun_2015_PEDOMAN_PEMERIKSAAN_BERDASARKAN_RISIKO_UNTUK_PEMERIKSAAN_RISIKO_KREDIT.pdf,PADK,4,2015,TIDAK_COCOK,downloads/Peraturan_ADK_4_Tahun_2015_PEDOMAN_PEMERIKSAAN_BERDASARKAN_RISIKO_UNTUK_PEMERIKSAAN_RISIKO_KREDIT.pdf
Peraturan_ADK_8_Tahun_2014_PERUBAHAN_KEDUA_ATAS_PERATURAN_DEWAN_KOMISIONER_OTORITAS_JASA_KEUANGAN_NOMOR_36_PDK.02_2013_TENTANG_ORGANISASI_OTORITAS_JASA_KEUANGAN.pdf,PADK,8,2014,TIDAK_COCOK,downloads/Peraturan_ADK_8_Tahun_2014_PERUBAHAN_KEDUA_ATAS_PERATURAN_DEWAN_KOMISIONER_OTORITAS_JASA_KEUANGAN_NOMOR_36_PDK.02_2013_TENTANG_ORGANISASI_OTORITAS_JASA_KEUANGAN.pdf
Surat_Edaran_OJK_8_2022.pdf,SEOJK,8,2022,COCOK,downloads/Surat_Edaran_OJK_8_2022.pdf
Peraturan_ADK_1_Tahun_2018_PEDOMAN_UMUM_SISTEM_PENGENDALIAN_INTERNAL_OTORITAS_JASA_KEUANGAN.pdf,PADK,1,2018,TIDAK_COCOK,downloads/Peraturan_ADK_1_Tahun_2018_PEDOMAN_UMUM_SISTEM_PENGENDALIAN_INTERNAL_OTORITAS_JASA_KEUANGAN.pdf
Peraturan_ADK_28_Tahun_2013_ORGANISASI_DEPARTEMEN_PENGAWASAN_BANK_1_DEPARTEMEN_PENGAWASAN_BANK_2_DAN_DEPARTEMEN_PENGAWASAN_BANK_3.pdf,PADK,28,2013,TIDAK_COCOK,downloads/Peraturan_ADK_28_Tahun_2013_ORGANISASI_DEPARTEMEN_PENGAWASAN_BANK_1_DEPARTEMEN_PENGAWASAN_BANK_2_DAN_DEPARTEMEN_PENGAWASAN_BANK_3.pdf
Peraturan_OJK_4_2016.pdf,POJK,4,2016,COCOK,downloads/Peraturan_OJK_4_2016.pdf
Peraturan_ADK_Tahun_SISTEM_PENCATATAN_KEHADIRAN_PEGAWAI_DI_OTORITAS_JASA_KEUANGAN.pdf,PADK,,,TIDAK_COCOK,downloads/Peraturan_ADK_Tahun_SISTEM_PENCATATAN_KEHADIRAN_PEGAWAI_DI_OTORITAS_JASA_KEUANGAN.pdf
Surat_Edaran_OJK_19_2020.pdf,SEOJK,19,2020,COCOK,downloads/Surat_Edaran_OJK_19_2020.pdf
Peraturan_ADK_5_Tahun_2014_PENGENAAN_PUNGUTAN_TERHADAP_LEMBAGA_JASA_KEUANGAN_YANG_KHUSUS_DIBENTUK_UNDANG-UNDANG_ATAU_DIBENTUK_OLEH_PEMERINTAH.pdf,PADK,5,2014,TIDAK_COCOK,downloads/Peraturan_ADK_5_Tahun_2014_PENGENAAN_PUNGUTAN_TERHADAP_LEMBAGA_JASA_KEUANGAN_YANG_KHUSUS_DIBENTUK_UNDANG-UNDANG_ATAU_DIBENTUK_OLEH_PEMERINTAH.pdf
19_-_522DPNP.pdf,,,,TIDAK_COCOK,downloads/19_-_522DPNP.pdf
Peraturan_Bapepam_1_1995.pdf,,1,1995,TIDAK_COCOK,downloads/Peraturan_Bapepam_1_1995.pdf
Peraturan_ADK_1_Tahun_2017_TATA_CARA_PENYELENGGARAAN_RAPAT_DEWAN_KOMISIONER_OTORITAS_JASA_KEUANGAN.pdf,PADK,1,2017,TIDAK_COCOK,downloads/Peraturan_ADK_1_Tahun_2017_TATA_CARA_PENYELENGGARAAN_RAPAT_DEWAN_KOMISIONER_OTORITAS_JASA_KEUANGAN.pdf
FAQ_20POJK_206_20Tahun_202024_20Pembiayaan_20Transaksi_20Efek_20Oleh_20Perusahaan_20Efek_20Bagi_20Nasabah_20dan_20Transaksi_20Short_20Selling_20Oleh_20Perusahaan_20Efek.pdf,,6,2024,TIDAK_COCOK,downloads/FAQ_20POJK_206_20Tahun_202024_20Pembiayaan_20Transaksi_20Efek_20Oleh_20Perusahaan_20Efek_20Bagi_20Nasabah_20dan_20Transaksi_20Short_20Selling_20Oleh_20Perusahaan_20Efek.pdf
Peraturan_OJK_33_2016.pdf,POJK,33,2016,COCOK,downloads/Peraturan_OJK_33_2016.pdf
Surat_Edaran_OJK_10_2015.pdf,SEOJK,10,2015,COCOK,downloads/Surat_Edaran_OJK_10_2015.pdf
Peraturan_ADK_1_Tahun_2018_PERUBAHAN_SURAT_EDARAN_DEWAN_KOMISIONER_OTORITAS_JASA_KEUANGAN_NOMOR_3_SEDK.05_2015_TENTANG_PEDOMAN_PENGAWASAN_LEMBAGA_JASA_KEUANGAN_NON-BANK_BERBASIS_RISIKO.pdf,PADK,1,2018,TIDAK_COCOK,downloads/Peraturan_ADK_1_Tahun_2018_PERUBAHAN_SURAT_EDARAN_DEWAN_KOMISIONER_OTORITAS_JASA_KEUANGAN_NOMOR_3_SEDK.05_2015_TENTANG_PEDOMAN_PENGAWASAN_LEMBAGA_JASA_KEUANGAN_NON-BANK_BERBASIS_RISIKO.pdf
Peraturan_OJK_33_2018.pdf,POJK,33,2018,COCOK,downloads/Peraturan_OJK_33_2018.pdf
POJK_2024_20Tahun_202024_20Kualitas_20Aset_20Bank_20Perekonomian_20Rakyat_20Syariah.pdf,POJK,24,2024,COCOK,downloads/POJK_2024_20Tahun_202024_20Kualitas_20Aset_20Bank_20Perekonomian_20Rakyat_20Syariah.pdf
Abstrak_20POJK_2032_20Tahun_202024_20Pengembangan_20dan_20Penguatan_20Transaksi_20dan_20Lembaga_20Efek.pdf,,32,2024,TIDAK_COCOK,downloads/Abstrak_20POJK_2032_20Tahun_202024_20Pengembangan_20dan_20Penguatan_20Transaksi_20dan_20Lembaga_20Efek.pdf
Surat_Edaran_OJK_20_2014.pdf,SEOJK,20,2014,COCOK,downloads/Surat_Edaran_OJK_20_2014.pdf
Peraturan_ADK_10_Tahun_2020_PERUBAHAN_ATAS_SURAT_EDARAN_DEWAN_KOMISIONER_NOMOR_5_SEDK.03_2016_TENTANG_PEDOMAN_PENGAWASAN_TERHADAP_BADAN_KREDIT_DESA.pdf,PADK,10,2020,TIDAK_COCOK,downloads/Peraturan_ADK_10_Tahun_2020_PERUBAHAN_ATAS_SURAT_EDARAN_DEWAN_KOMISIONER_NOMOR_5_SEDK.03_2016_TENTANG_PEDOMAN_PENGAWASAN_TERHADAP_BADAN_KREDIT_DESA.pdf
Peraturan_ADK_2_Tahun_2017_TUNJANGAN_PERUMAHAN_HARI_TUA_ANGGOTA_DEWAN_KOMISIONER_OTORITAS_JASA_KEUANGAN.pdf,PADK,2,2017,TIDAK_COCOK,downloads/Peraturan_ADK_2_Tahun_2017_TUNJANGAN_PERUMAHAN_HARI_TUA_ANGGOTA_DEWAN_KOMISIONER_OTORITAS_JASA_KEUANGAN.pdf
Peraturan_ADK_2_Tahun_2022_PENGELOLAAN_INFORMASI_RAHASIA_DI_OTORITAS_JASA_KEUANGAN.pdf,PADK,2,2022,TIDAK_COCOK,downloads/Peraturan_ADK_2_Tahun_2022_PENGELOLAAN_INFORMASI_RAHASIA_DI_OTORITAS_JASA_KEUANGAN.pdf
Abstrak_20POJK_2031_20Tahun_202024_20Perintah_20Tertulis.pdf,,31,2024,TIDAK_COCOK,downloads/Abstrak_20POJK_2031_20Tahun_202024_20Perintah_20Tertulis.pdf
Surat_Edaran_OJK_31_2022.pdf,SEOJK,31,2022,COCOK,downloads/Surat_Edaran_OJK_31_2022.pdf
Peraturan_ADK_12_2014.pdf,PADK,12,2014,TIDAK_COCOK,downloads/Peraturan_ADK_12_2014.pdf
Peraturan_ADK_10_Tahun_2017_ORGANISASI_OTORITAS_JASA_KEUANGAN.pdf,PADK,10,2017,TIDAK_COCOK,downloads/Peraturan_ADK_10_Tahun_2017_ORGANISASI_OTORITAS_JASA_KEUANGAN.pdf
FAQ_20POJK_209_20Tahun_202025_20Dematerialisasi_20Efek_20Bersifat_20Ekuitas_20dan_20Pengelolaan_20Aset_20yang_20Tidak_20Diklaim_20di_20Pasar_20Modal.pdf,,9,2025,TIDAK_COCOK,downloads/FAQ_20POJK_209_20Tahun_202025_20Dematerialisasi_20Efek_20Bersifat_20Ekuitas_20dan_20Pengelolaan_20Aset_20yang_20Tidak_20Diklaim_20di_20Pasar_20Modal.pdf
Surat_Edaran_OJK_34_2017.pdf,SEOJK,34,2017,COCOK,downloads/Surat_Edaran_OJK_34_2017.pdf
Surat_Edaran_OJK_10_2017.pdf,SEOJK,10,2017,COCOK,downloads/Surat_Edaran_OJK_10_2017.pdf
Surat_Edaran_OJK_27_2017.pdf,SEOJK,27,2017,COCOK,downloads/Surat_Edaran_OJK_27_2017.pdf
674cd6e2-ab9a-e642-759d-6eeebf2d6d11.pdf,,,,TIDAK_COCOK,downloads/674cd6e2-ab9a-e642-759d-6eeebf2d6d11.pdf
Surat_Edaran_OJK_31_2021.pdf,SEOJK,31,2021,COCOK,downloads/Surat_Edaran_OJK_31_2021.pdf
Peraturan_OJK_6_2014.pdf,POJK,6,2014,COCOK,downloads/Peraturan_OJK_6_2014.pdf
Peraturan_OJK_24_2016.pdf,POJK,24,2016,COCOK,downloads/Peraturan_OJK_24_2016.pdf
Peraturan_OJK_21_2008.pdf,POJK,21,2008,TIDAK_COCOK,downloads/Peraturan_OJK_21_2008.pdf
Peraturan_ADK_21_Tahun_2023_ORGANISASI_BIDANG_PENGAWASAN_SEKTOR_PASAR_MODAL_KEUANGAN_DERIVATIF_DAN_BURSA_KARBON.pdf,PADK,21,2023,TIDAK_COCOK,downloads/Peraturan_ADK_21_Tahun_2023_ORGANISASI_BIDANG_PENGAWASAN_SEKTOR_PASAR_MODAL_KEUANGAN_DERIVATIF_DAN_BURSA_KARBON.pdf
Peraturan_OJK_37_2018.pdf,POJK,37,2018,COCOK,downloads/Peraturan_OJK_37_2018.pdf
Peraturan_ADK_Tahun_PERUBAHAN_ATAS_KEPUTUSAN_DEWAN_KOMISIONER_OTORITAS_JASA_KEUANGAN_NOMOR_17_KDK.02_2013_TENTANG_STANDAR_BIAYA_OTORITAS_JASA_KEUANGAN_TAHUN_2014.pdf,PADK,17,2013,TIDAK_COCOK,downloads/Peraturan_ADK_Tahun_PERUBAHAN_ATAS_KEPUTUSAN_DEWAN_KOMISIONER_OTORITAS_JASA_KEUANGAN_NOMOR_17_KDK.02_2013_TENTANG_STANDAR_BIAYA_OTORITAS_JASA_KEUANGAN_TAHUN_2014.pdf
Peraturan_ADK_4_Tahun_2018_PEDOMAN_AKUNTANSI_PERPAJAKAN_OTORITAS_JASA_KEUANGAN.pdf,PADK,4,2018,TIDAK_COCOK,downloads/Peraturan_ADK_4_Tahun_2018_PEDOMAN_AKUNTANSI_PERPAJAKAN_OTORITAS_JASA_KEUANGAN.pdf
FAQ_20POJK_2018_20Tahun_202024_20Penyedia_20Likuiditas.pdf,,18,2024,TIDAK_COCOK,downloads/FAQ_20POJK_2018_20Tahun_202024_20Penyedia_20Likuiditas.pdf
Peraturan_OJK_14_2018.pdf,POJK,14,2018,COCOK,downloads/Peraturan_OJK_14_2018.pdf
Peraturan_OJK_33_2014.pdf,POJK,33,2014,COCOK,downloads/Peraturan_OJK_33_2014.pdf
Surat_Edaran_OJK_20_2020.pdf,SEOJK,20,2020,COCOK,downloads/Surat_Edaran_OJK_20_2020.pdf
Peraturan_ADK_13_Tahun_2024_PEDOMAN_PELAKSANAAN_PENGENDALIAN_KUALITAS_PENGAWASAN_MELALUI_FORUM_PANEL_PENGAWASAN_BANK_PEREKONOMIAN_RAKYAT_DAN_BANK_PEREKONOMIAN_RAKYAT_SYARIAH_BERDASARKAN_RISIKO.pdf,PADK,13,2024,TIDAK_COCOK,downloads/Peraturan_ADK_13_Tahun_2024_PEDOMAN_PELAKSANAAN_PENGENDALIAN_KUALITAS_PENGAWASAN_MELALUI_FORUM_PANEL_PENGAWASAN_BANK_PEREKONOMIAN_RAKYAT_DAN_BANK_PEREKONOMIAN_RAKYAT_SYARIAH_BERDASARKAN_RISIKO.pdf
Surat_Edaran_OJK_3_2016.pdf,SEOJK,3,2016,COCOK,downloads/Surat_Edaran_OJK_3_2016.pdf
Surat_Edaran_OJK_24_2021.pdf,SEOJK,24,2021,COCOK,downloads/Surat_Edaran_OJK_24_2021.pdf
Peraturan_ADK_7_Tahun_2016_PERUBAHAN_ATAS_SURAT_EDARAN.pdf,PADK,7,2016,TIDAK_COCOK,downloads/Peraturan_ADK_7_Tahun_2016_PERUBAHAN_ATAS_SURAT_EDARAN.pdf
Peraturan_OJK_35_2017.pdf,POJK,35,2017,COCOK,downloads/Peraturan_OJK_35_2017.pdf
Surat_Edaran_OJK_4_2023.pdf,SEOJK,4,2023,COCOK,downloads/Surat_Edaran_OJK_4_2023.pdf
Peraturan_ADK_5_Tahun_2018_PENUNJUKAN_PEJABAT_DAN_ATAU_PEGAWAI_SEBAGAI_PELAKSANA_ANGGARAN_OTORITAS_JASA_KEUANGAN.pdf,PADK,5,2018,TIDAK_COCOK,downloads/Peraturan_ADK_5_Tahun_2018_PENUNJUKAN_PEJABAT_DAN_ATAU_PEGAWAI_SEBAGAI_PELAKSANA_ANGGARAN_OTORITAS_JASA_KEUANGAN.pdf
Peraturan_ADK_1_Tahun_2018_PENGAWASAN_BANK_BERDASARKAN_RISIKO.pdf,PADK,1,2018,TIDAK_COCOK,downloads/Peraturan_ADK_1_Tahun_2018_PENGAWASAN_BANK_BERDASARKAN_RISIKO.pdf
SEOJK_2031-SEOJK03-2025_20Pelaporan_20Bank_20Umum_20Konvensional_20Melalui_20Sistem_20Pelaporan_20Otoritas_20Jasa_20Keuangan.pdf,SEOJK,31,2025,COCOK,downloads/SEOJK_2031-SEOJK03-2025_20Pelaporan_20Bank_20Umum_20Konvensional_20Melalui_20Sistem_20Pelaporan_20Otoritas_20Jasa_20Keuangan.pdf
Peraturan_ADK_1_Tahun_2023_PEDOMAN_PENGAWASAN_PERUSAHAAN_MODAL_VENTURA_DAN_PERUSAHAAN_PERGADAIAN.pdf,PADK,1,2023,TIDAK_COCOK,downloads/Peraturan_ADK_1_Tahun_2023_PEDOMAN_PENGAWASAN_PERUSAHAAN_MODAL_VENTURA_DAN_PERUSAHAAN_PERGADAIAN.pdf
Peraturan_ADK_21_Tahun_2011_PELAKSANAAN_ANGGARAN_OTORITAS_JASA_KEUANGAN.pdf,PADK,21,2011,TIDAK_COCOK,downloads/Peraturan_ADK_21_Tahun_2011_PELAKSANAAN_ANGGARAN_OTORITAS_JASA_KEUANGAN.pdf
Peraturan_ADK_2_Tahun_2020_Pedoman_Singkatan_Akronim_dan_Kodering_Naskah_Dinas_Satuan_Kerja_dan_atau_Unit_Kerja_di_Lingkungan_OJK_dan_2._SEDK_tentang_Nama_Satuan_Kerja_Unit_Kerja_dan_Jabatan_di_OJK_dalam_Bahasa_Inggris.pdf,PADK,2,2020,TIDAK_COCOK,downloads/Peraturan_ADK_2_Tahun_2020_Pedoman_Singkatan_Akronim_dan_Kodering_Naskah_Dinas_Satuan_Kerja_dan_atau_Unit_Kerja_di_Lingkungan_OJK_dan_2._SEDK_tentang_Nama_Satuan_Kerja_Unit_Kerja_dan_Jabatan_di_OJK_dalam_Bahasa_Inggris.pdf
Peraturan_ADK_1_Tahun_2025_MEKANISME_KOORDINASI_PENGAWASAN_TERHADAP_LAPORAN_AGEN_PENJUAL_EFEK_REKSA_DANA_DAN_BANK_UMUM_SEBAGAI_KUSTODIAN.pdf,PADK,1,2025,TIDAK_COCOK,downloads/Peraturan_ADK_1_Tahun_2025_MEKANISME_KOORDINASI_PENGAWASAN_TERHADAP_LAPORAN_AGEN_PENJUAL_EFEK_REKSA_DANA_DAN_BANK_UMUM_SEBAGAI_KUSTODIAN.pdf
POJK_2034_20Tahun_202025_20Penyelenggaraan_20Teknologi_20Informasi_20oleh_20Bank_20Perekonomian_20Rakyat_20dan_20Bank_20Perekonomian_20Rakyat_20Syariah.pdf,POJK,34,2025,COCOK,downloads/POJK_2034_20Tahun_202025_20Penyelenggaraan_20Teknologi_20Informasi_20oleh_20Bank_20Perekonomian_20Rakyat_20dan_20Bank_20Perekonomian_20Rakyat_20Syariah.pdf
Peraturan_OJK_13_2020.pdf,POJK,13,2020,COCOK,downloads/Peraturan_OJK_13_2020.pdf
Peraturan_ADK_8_Tahun_2019_PERUBAHAN_SURAT_EDARAN_DEWAN_KOMISIONER_NOMOR_01_SEDK.02_2017_TENTANG_STANDAR_FASILITAS_DAN_PENGELOLAAN_KENDARAAN_DINAS_OPERASIONAL_BAGI_SATUAN_KERJA_OTORITAS_JASA_KEUANGAN.pdf,PADK,8,2019,TIDAK_COCOK,downloads/Peraturan_ADK_8_Tahun_2019_PERUBAHAN_SURAT_EDARAN_DEWAN_KOMISIONER_NOMOR_01_SEDK.02_2017_TENTANG_STANDAR_FASILITAS_DAN_PENGELOLAAN_KENDARAAN_DINAS_OPERASIONAL_BAGI_SATUAN_KERJA_OTORITAS_JASA_KEUANGAN.pdf
Peraturan_OJK_16_2015.pdf,POJK,16,2015,COCOK,downloads/Peraturan_OJK_16_2015.pdf
Peraturan_ADK_5_Tahun_2016_PEDOMAN_PENGAWASAN_TERHADAP_BADAN_KREDIT_DESA.pdf,PADK,5,2016,TIDAK_COCOK,downloads/Peraturan_ADK_5_Tahun_2016_PEDOMAN_PENGAWASAN_TERHADAP_BADAN_KREDIT_DESA.pdf
Peraturan_ADK_7_Tahun_2019_MEKANISME_KOORDINASI_DAN_KOMUNIKASI_PENGAWAS_LINTAS_SEKTOR.pdf,PADK,7,2019,TIDAK_COCOK,downloads/Peraturan_ADK_7_Tahun_2019_MEKANISME_KOORDINASI_DAN_KOMUNIKASI_PENGAWAS_LINTAS_SEKTOR.pdf
Peraturan_OJK_20_2018.pdf,POJK,20,2018,COCOK,downloads/Peraturan_OJK_20_2018.pdf
PADK_2041-PADK05-2025_20Penerapan_20Manajemen_20Risiko_20Bagi_20Lembaga_20Penjamin.pdf,PADK,41,2025,COCOK,downloads/PADK_2041-PADK05-2025_20Penerapan_20Manajemen_20Risiko_20Bagi_20Lembaga_20Penjamin.pdf
FAQ_20POJK_2017_20Tahun_202024_20Penyelenggaraan_20Kegiatan_20Usaha_20Bulion.pdf,,17,2024,TIDAK_COCOK,downloads/FAQ_20POJK_2017_20Tahun_202024_20Penyelenggaraan_20Kegiatan_20Usaha_20Bulion.pdf
Peraturan_ADK_26_Tahun_2013_ORGANISASI_DEPARTEMEN_PERIZINAN_DAN_INFORMASI_PERBANKAN.pdf,PADK,26,2013,TIDAK_COCOK,downloads/Peraturan_ADK_26_Tahun_2013_ORGANISASI_DEPARTEMEN_PERIZINAN_DAN_INFORMASI_PERBANKAN.pdf
Surat_Edaran_OJK_19_2024.pdf,SEOJK,19,2024,COCOK,downloads/Surat_Edaran_OJK_19_2024.pdf
Tahun_PENUNJUKAN_PEJABAT_DAN_ATAU_PEGAWAI_SEBAGAI_PENANGGUNGJAWAB_PELAKSANAAN_ANGGARAN_DI_LINGKUNGAN_OTORITAS_JASA_KEUANGAN.pdf,,,,TIDAK_COCOK,downloads/Tahun_PENUNJUKAN_PEJABAT_DAN_ATAU_PEGAWAI_SEBAGAI_PENANGGUNGJAWAB_PELAKSANAAN_ANGGARAN_DI_LINGKUNGAN_OTORITAS_JASA_KEUANGAN.pdf
Surat_Edaran_OJK_14_2017.pdf,SEOJK,14,2017,COCOK,downloads/Surat_Edaran_OJK_14_2017.pdf
Peraturan_ADK_4_Tahun_2017_PEDOMAN_PERIZINAN_DAN_PENGAWASAN_PRODUK_DAN_AKTIVITAS_BANK_PEMBIAYAAN_RAKYAT_SYARIAH.pdf,PADK,4,2017,TIDAK_COCOK,downloads/Peraturan_ADK_4_Tahun_2017_PEDOMAN_PERIZINAN_DAN_PENGAWASAN_PRODUK_DAN_AKTIVITAS_BANK_PEMBIAYAAN_RAKYAT_SYARIAH.pdf
Peraturan_ADK_14_Tahun_2017_TATA_CARA_PENILAIAN_TERHADAP_ANALISIS_POTENSI_DAN_KELAYAKAN_STUDI_KELAYAKAN_BANK_PERKREDITAN_RAKYAT.pdf,PADK,14,2017,TIDAK_COCOK,downloads/Peraturan_ADK_14_Tahun_2017_TATA_CARA_PENILAIAN_TERHADAP_ANALISIS_POTENSI_DAN_KELAYAKAN_STUDI_KELAYAKAN_BANK_PERKREDITAN_RAKYAT.pdf
Surat_Edaran_OJK_10_2023.pdf,SEOJK,10,2023,COCOK,downloads/Surat_Edaran_OJK_10_2023.pdf
Peraturan_ADK_32_Tahun_2017_PEDOMAN_AKUNTANSI_OTORITAS_JASA_KEUANGAN.pdf,PADK,32,2017,TIDAK_COCOK,downloads/Peraturan_ADK_32_Tahun_2017_PEDOMAN_AKUNTANSI_OTORITAS_JASA_KEUANGAN.pdf
Surat_Edaran_OJK_7_2015.pdf,SEOJK,7,2015,COCOK,downloads/Surat_Edaran_OJK_7_2015.pdf
Peraturan_ADK_14_Tahun_2014_PERUBAHAN_ATAS_SURAT_EDARAN_DEWAN_KOMISIONER_OTORITAS_JASA_KEUANGAN_NOMOR_28_SEDK.02_2013_TENTANG_ORGANISASI_DEPARTEMEN_PENGAWASAN_BANK_1_DEPARTEMEN_PENGAWASAN_BANK_2_DAN_DEPARTEMEN_PENGAWASAN_BANK_3.pdf,PADK,14,2014,TIDAK_COCOK,downloads/Peraturan_ADK_14_Tahun_2014_PERUBAHAN_ATAS_SURAT_EDARAN_DEWAN_KOMISIONER_OTORITAS_JASA_KEUANGAN_NOMOR_28_SEDK.02_2013_TENTANG_ORGANISASI_DEPARTEMEN_PENGAWASAN_BANK_1_DEPARTEMEN_PENGAWASAN_BANK_2_DAN_DEPARTEMEN_PENGAWASAN_BANK_3.pdf
FAQ_20POJK_2037_20Tahun_202024_20Perubahan_20Atas_20POJK_20172017_20tentang_20Prosedur_20dan_20Tata_20Cara_20Pengenaan_20Sanksi_20Administratif_20di_20Bidang_20Perasuransian_20dan_20Pemblokiran_20Kekayaan_20Perusahaan_20Asuransi_20Perus.pdf,,37,2024,TIDAK_COCOK,downloads/FAQ_20POJK_2037_20Tahun_202024_20Perubahan_20Atas_20POJK_20172017_20tentang_20Prosedur_20dan_20Tata_20Cara_20Pengenaan_20Sanksi_20Administratif_20di_20Bidang_20Perasuransian_20dan_20Pemblokiran_20Kekayaan_20Perusahaan_20Asuransi_20Perus.pdf
SEOJK_2018-SEOJK.08-2024_20Penilaian_20Sendiri_20Terhadap_20Pemenuhan_20Ketentuan_20Pelindungan_20Konsumen_20dan_20Masyarakat_20di_20Sektor_20Jasa_20Keuangan.pdf,SEOJK,18,2024,COCOK,downloads/SEOJK_2018-SEOJK.08-2024_20Penilaian_20Sendiri_20Terhadap_20Pemenuhan_20Ketentuan_20Pelindungan_20Konsumen_20dan_20Masyarakat_20di_20Sektor_20Jasa_20Keuangan.pdf
Peraturan_ADK_1_Tahun_2013_PERUBAHAN_ATAS_PERATURAN_DEWAN_KOMISIONER_OTORITAS_JASA_KEUANGAN_NOMOR_01_05_PDK_VIII_2012_TENTANG_PENAMPILAN_PEGAWAI_OTORITAS_JASA_KEUANGAN.pdf,PADK,1,2013,TIDAK_COCOK,downloads/Peraturan_ADK_1_Tahun_2013_PERUBAHAN_ATAS_PERATURAN_DEWAN_KOMISIONER_OTORITAS_JASA_KEUANGAN_NOMOR_01_05_PDK_VIII_2012_TENTANG_PENAMPILAN_PEGAWAI_OTORITAS_JASA_KEUANGAN.pdf
21_Tahun_2011_PERUBAHAN_ATAS_KEPUTUSAN_DEWAN_KOMISIONER_OTORITAS_JASA_KEUANGAN_NOMOR_22_KDK.02_2014_TENTANG_PENEMPATAN_PEGAWAI_BADAN_PENGAWASAN_KEUANGAN_DAN_PEMBANGUNAN_YANG_DIPEKERJAKAN_PADA_OTORITAS_JASA_KEUANGAN.pdf,KDK,21,2011,TIDAK_COCOK,downloads/21_Tahun_2011_PERUBAHAN_ATAS_KEPUTUSAN_DEWAN_KOMISIONER_OTORITAS_JASA_KEUANGAN_NOMOR_22_KDK.02_2014_TENTANG_PENEMPATAN_PEGAWAI_BADAN_PENGAWASAN_KEUANGAN_DAN_PEMBANGUNAN_YANG_DIPEKERJAKAN_PADA_OTORITAS_JASA_KEUANGAN.pdf
Peraturan_OJK_14_2022.pdf,POJK,14,2022,COCOK,downloads/Peraturan_OJK_14_2022.pdf
Surat_Edaran_OJK_26_2015.pdf,SEOJK,26,2015,COCOK,downloads/Surat_Edaran_OJK_26_2015.pdf
POJK_2029_20Tahun_202023_20Pembelian_20Kembali_20Saham_20Yang_20Dikeluarkan_20Oleh_20Perusahaan_20Terbuka.pdf,POJK,29,2023,COCOK,downloads/POJK_2029_20Tahun_202023_20Pembelian_20Kembali_20Saham_20Yang_20Dikeluarkan_20Oleh_20Perusahaan_20Terbuka.pdf
Peraturan_ADK_6_Tahun_2020_PERUBAHAN_KEDUA_ATAS_PERATURAN.pdf,PADK,6,2020,TIDAK_COCOK,downloads/Peraturan_ADK_6_Tahun_2020_PERUBAHAN_KEDUA_ATAS_PERATURAN.pdf
FAQ_20SEOJK_204-SEOJK.07-2025_20Pelaporan_20Penyelenggara_20Inovasi_20Teknologi_20Sektor_20Keuangan_20Yang_20Memiliki_20Izin_20Usaha_20di_20Otoritas_20Jasa_20Keuangan.pdf,,4,2025,TIDAK_COCOK,downloads/FAQ_20SEOJK_204-SEOJK.07-2025_20Pelaporan_20Penyelenggara_20Inovasi_20Teknologi_20Sektor_20Keuangan_20Yang_20Memiliki_20Izin_20Usaha_20di_20Otoritas_20Jasa_20Keuangan.pdf
Peraturan_OJK_45_Tahun_2017_PENETAPAN_BEBERAPA_DAERAH_DI_PROVINSI_NUSA_TENGGARA_TIMUR_SEBAGAI_DAERAH_YANG_MEMERLUKAN_PERLAKUAN_KHUSUS_TERHADAP_KREDIT_ATAU_PEMBIAYAAN_BANK.pdf,POJK,45,2017,COCOK,downloads/Peraturan_OJK_45_Tahun_2017_PENETAPAN_BEBERAPA_DAERAH_DI_PROVINSI_NUSA_TENGGARA_TIMUR_SEBAGAI_DAERAH_YANG_MEMERLUKAN_PERLAKUAN_KHUSUS_TERHADAP_KREDIT_ATAU_PEMBIAYAAN_BANK.pdf
21_Tahun_2011_PERUBAHAN_KEPUTUSAN_DEWAN_KOMISIONER_OTORITAS_JASA_KEUANGAN_NOMOR_01_03_KDK_VIII_2012_TANGGAL_15_AGUSTUS_2012_TENTANG_PEMBENTUKAN_TIM_TRANSISI_OTORITAS_JASA_KEUANGAN.pdf,KDK,21,2011,TIDAK_COCOK,downloads/21_Tahun_2011_PERUBAHAN_KEPUTUSAN_DEWAN_KOMISIONER_OTORITAS_JASA_KEUANGAN_NOMOR_01_03_KDK_VIII_2012_TANGGAL_15_AGUSTUS_2012_TENTANG_PEMBENTUKAN_TIM_TRANSISI_OTORITAS_JASA_KEUANGAN.pdf
Peraturan_OJK_67_2016.pdf,POJK,67,2016,COCOK,downloads/Peraturan_OJK_67_2016.pdf
FAQ_20PADK_2043-PADK03-2025_20Penyelenggaraan_20Teknologi_20Informasi_20oleh_20BPR_20BPRS.pdf,,43,2025,TIDAK_COCOK,downloads/FAQ_20PADK_2043-PADK03-2025_20Penyelenggaraan_20Teknologi_20Informasi_20oleh_20BPR_20BPRS.pdf
Surat_Edaran_OJK_69_2016.pdf,SEOJK,69,2016,TIDAK_COCOK,downloads/Surat_Edaran_OJK_69_2016.pdf
Peraturan_OJK_47_2024.pdf,POJK,47,2024,COCOK,downloads/Peraturan_OJK_47_2024.pdf
Peraturan_ADK_15_Tahun_2015_TATA_CARA_PENCAIRAN_DAN_PERTANGGUNGJAWABAN_DANA_OTORITAS_JASA_KEUANGAN.pdf,PADK,15,2015,TIDAK_COCOK,downloads/Peraturan_ADK_15_Tahun_2015_TATA_CARA_PENCAIRAN_DAN_PERTANGGUNGJAWABAN_DANA_OTORITAS_JASA_KEUANGAN.pdf
Peraturan_OJK_61_2020.pdf,POJK,61,2020,COCOK,downloads/Peraturan_OJK_61_2020.pdf
Abstrak_20POJK_2047_20Tahun_202024_20Koperasi_20di_20Sektor_20Jasa_20Keuangan.pdf,,47,2024,TIDAK_COCOK,downloads/Abstrak_20POJK_2047_20Tahun_202024_20Koperasi_20di_20Sektor_20Jasa_20Keuangan.pdf
Peraturan_OJK_22_2021.pdf,POJK,22,2021,COCOK,downloads/Peraturan_OJK_22_2021.pdf
Peraturan_OJK_22_2018.pdf,POJK,22,2018,COCOK,downloads/Peraturan_OJK_22_2018.pdf
Peraturan_OJK_4_2021.pdf,POJK,4,2021,COCOK,downloads/Peraturan_OJK_4_2021.pdf
Peraturan_OJK_50_2016.pdf,POJK,50,2016,COCOK,downloads/Peraturan_OJK_50_2016.pdf
Surat_Edaran_OJK_2_2025.pdf,SEOJK,2,2025,COCOK,downloads/Surat_Edaran_OJK_2_2025.pdf
Peraturan_ADK_1_Tahun_2022_STANDAR_AUDIT_INTERNAL_OTORITAS_JASA_KEUANGAN.pdf,PADK,1,2022,TIDAK_COCOK,downloads/Peraturan_ADK_1_Tahun_2022_STANDAR_AUDIT_INTERNAL_OTORITAS_JASA_KEUANGAN.pdf
Peraturan_ADK_Tahun_STANDAR_DOKUMEN_PENGADAAN_BARANG_DAN_JASA_OTORITAS_JASA_KEUANGAN.pdf,PADK,,,TIDAK_COCOK,downloads/Peraturan_ADK_Tahun_STANDAR_DOKUMEN_PENGADAAN_BARANG_DAN_JASA_OTORITAS_JASA_KEUANGAN.pdf
Surat_Edaran_OJK_18_2017.pdf,SEOJK,18,2017,TIDAK_COCOK,downloads/Surat_Edaran_OJK_18_2017.pdf
Abstrak_20SEOJK_2010-SEOJK.05-2024_20Mekanisme_20dan_20Tata_20Cara_20Pemisahan_20Unit_20Syariah_20Perusahaan_20Asuransi_20dan_20Perusahaan_20Reasuransi.pdf,,10,2024,TIDAK_COCOK,downloads/Abstrak_20SEOJK_2010-SEOJK.05-2024_20Mekanisme_20dan_20Tata_20Cara_20Pemisahan_20Unit_20Syariah_20Perusahaan_20Asuransi_20dan_20Perusahaan_20Reasuransi.pdf
Peraturan_ADK_7_Tahun_2016_PERUBAHAN_ATAS_PERATURAN_DEWAN_KOMISIONER_OTORITAS_JASA_KEUANGAN_NOMOR_5_PDK.02_2014_TENTANG_MANAJEMEN_PUNGUTAN.pdf,PADK,7,2016,TIDAK_COCOK,downloads/Peraturan_ADK_7_Tahun_2016_PERUBAHAN_ATAS_PERATURAN_DEWAN_KOMISIONER_OTORITAS_JASA_KEUANGAN_NOMOR_5_PDK.02_2014_TENTANG_MANAJEMEN_PUNGUTAN.pdf
Surat_Edaran_OJK_45_2017.pdf,SEOJK,45,2017,COCOK,downloads/Surat_Edaran_OJK_45_2017.pdf
Peraturan_OJK_8_2015.pdf,POJK,8,2015,COCOK,downloads/Peraturan_OJK_8_2015.pdf
Peraturan_ADK_3_Tahun_2018_PEDOMAN_PELAKSANAAN_PENGENDALIAN_KUALITAS_QUALITY_ASSURANCE_DALAM_RANGKA_PENGAWASAN_LEMBAGA_JASA_KEUANGAN_NON-BANK_BERDASARKAN_RISIKO.pdf,PADK,3,2018,TIDAK_COCOK,downloads/Peraturan_ADK_3_Tahun_2018_PEDOMAN_PELAKSANAAN_PENGENDALIAN_KUALITAS_QUALITY_ASSURANCE_DALAM_RANGKA_PENGAWASAN_LEMBAGA_JASA_KEUANGAN_NON-BANK_BERDASARKAN_RISIKO.pdf
Peraturan_OJK_26_2014.pdf,POJK,26,2014,COCOK,downloads/Peraturan_OJK_26_2014.pdf
Peraturan_OJK_20_2021.pdf,POJK,20,2021,COCOK,downloads/Peraturan_OJK_20_2021.pdf
Peraturan_OJK_17_2021.pdf,POJK,17,2021,COCOK,downloads/Peraturan_OJK_17_2021.pdf
Peraturan_ADK_3_Tahun_2019_KEBIJAKAN_AKUNTANSI_OTORITAS_JASA_KEUANGAN.pdf,PADK,3,2019,TIDAK_COCOK,downloads/Peraturan_ADK_3_Tahun_2019_KEBIJAKAN_AKUNTANSI_OTORITAS_JASA_KEUANGAN.pdf
Peraturan_OJK_61_2015.pdf,POJK,61,2015,COCOK,downloads/Peraturan_OJK_61_2015.pdf
Peraturan_ADK_15_2017.pdf,PADK,15,2017,TIDAK_COCOK,downloads/Peraturan_ADK_15_2017.pdf
Peraturan_ADK_7_Tahun_2022_PEDOMAN_MEKANISME_KOORDINASI_DAN_KOMUNIKASI_PENGAWASAN_TERINTEGRASI_BERDASARKAN_RISIKO_TERHADAP_KONGLOMERASI_KEUANGAN.pdf,PADK,7,2022,TIDAK_COCOK,downloads/Peraturan_ADK_7_Tahun_2022_PEDOMAN_MEKANISME_KOORDINASI_DAN_KOMUNIKASI_PENGAWASAN_TERINTEGRASI_BERDASARKAN_RISIKO_TERHADAP_KONGLOMERASI_KEUANGAN.pdf
Surat_Edaran_OJK_32_2016.pdf,SEOJK,32,2016,COCOK,downloads/Surat_Edaran_OJK_32_2016.pdf
Peraturan_OJK_7_2019.pdf,POJK,7,2019,COCOK,downloads/Peraturan_OJK_7_2019.pdf
Surat_Edaran_OJK_23_2021.pdf,SEOJK,23,2021,COCOK,downloads/Surat_Edaran_OJK_23_2021.pdf
Peraturan_ADK_26_Tahun_2013_PERUBAHAN_KEEMPAT_ATAS_PERATURAN_DEWAN_KOMISIONER_OTORITAS_JASA_KEUANGAN_NOMOR_01_08_PDK_IX_2012_TENTANG_ORGANISASI_OTORITAS_JASA_KEUANGAN.pdf,PADK,26,2013,TIDAK_COCOK,downloads/Peraturan_ADK_26_Tahun_2013_PERUBAHAN_KEEMPAT_ATAS_PERATURAN_DEWAN_KOMISIONER_OTORITAS_JASA_KEUANGAN_NOMOR_01_08_PDK_IX_2012_TENTANG_ORGANISASI_OTORITAS_JASA_KEUANGAN.pdf
Peraturan_ADK_1_Tahun_2022_STANDAR_KONTRAK_PENGADAAN_BARANG_JASA_OTORITAS_JASA_KEUANGAN.pdf,PADK,1,2022,TIDAK_COCOK,downloads/Peraturan_ADK_1_Tahun_2022_STANDAR_KONTRAK_PENGADAAN_BARANG_JASA_OTORITAS_JASA_KEUANGAN.pdf
Peraturan_ADK_4_Tahun_2016_PETUNJUK_TEKNIS_PENILAIAN_KEWAJIBAN_PENYEDIAAN_MODAL_MINIMUM_TERINTEGRASI_BAGI_KONGLOMERASI_KEUANGAN.pdf,PADK,4,2016,TIDAK_COCOK,downloads/Peraturan_ADK_4_Tahun_2016_PETUNJUK_TEKNIS_PENILAIAN_KEWAJIBAN_PENYEDIAAN_MODAL_MINIMUM_TERINTEGRASI_BAGI_KONGLOMERASI_KEUANGAN.pdf
Peraturan_ADK_4_Tahun_2025_PERUBAHAN_KEDELAPAN_SURAT_EDARAN_DEWAN_KOMISIONER_OTORITAS_JASA_KEUANGAN_NOMOR_33_SEDK.02_2013_TENTANG_PEDOMAN_TATA_NASKAH_DINAS_OTORITAS_JASA_KEUANGAN.pdf,PADK,4,2025,TIDAK_COCOK,downloads/Peraturan_ADK_4_Tahun_2025_PERUBAHAN_KEDELAPAN_SURAT_EDARAN_DEWAN_KOMISIONER_OTORITAS_JASA_KEUANGAN_NOMOR_33_SEDK.02_2013_TENTANG_PEDOMAN_TATA_NASKAH_DINAS_OTORITAS_JASA_KEUANGAN.pdf
Peraturan_ADK_4_Tahun_2023_PEDOMAN_PENANGANAN_ISU_PENGAWASAN_LINTAS_SEKTOR_DI_SEKTOR_JASA_KEUANGAN.pdf,PADK,4,2023,TIDAK_COCOK,downloads/Peraturan_ADK_4_Tahun_2023_PEDOMAN_PENANGANAN_ISU_PENGAWASAN_LINTAS_SEKTOR_DI_SEKTOR_JASA_KEUANGAN.pdf
FAQ_20POJK_2025_20Tahun_202025_20Perubahan_20Atas_20Peraturan_20Otoritas_20Jasa_20Keuangan_20Nomor_2049_20Tahun_202024_20tentang_20Pengawasan_20Penetapan_20Status_20Pengawasan_20dan_20Tindak_20Lanjut_20Pengawasan_20PVML.pdf,POJK,25,2025,COCOK,downloads/FAQ_20POJK_2025_20Tahun_202025_20Perubahan_20Atas_20Peraturan_20Otoritas_20Jasa_20Keuangan_20Nomor_2049_20Tahun_202024_20tentang_20Pengawasan_20Penetapan_20Status_20Pengawasan_20dan_20Tindak_20Lanjut_20Pengawasan_20PVML.pdf
Abstrak_20POJK_2038_20Tahun_202025_20Gugatan_20oleh_20OJK_20untuk_20Pelindungan_20Konsumen_20di_20Sektor_20Jasa_20Keuangan.pdf,,38,2025,TIDAK_COCOK,downloads/Abstrak_20POJK_2038_20Tahun_202025_20Gugatan_20oleh_20OJK_20untuk_20Pelindungan_20Konsumen_20di_20Sektor_20Jasa_20Keuangan.pdf
Peraturan_OJK_27_2017.pdf,POJK,27,2017,COCOK,downloads/Peraturan_OJK_27_2017.pdf
Abstrak_20SEOJK_2017-SEOJK03-2024_20Pelaporan_20Melalui_20Sistem_20Pelaporan_20OJK_20dan_20Transparansi_20Kondisi_20Keuangan_20bagi_20Bank_20Perekonomian_20Rakyat_20Syariah.pdf,,17,2024,TIDAK_COCOK,downloads/Abstrak_20SEOJK_2017-SEOJK03-2024_20Pelaporan_20Melalui_20Sistem_20Pelaporan_20OJK_20dan_20Transparansi_20Kondisi_20Keuangan_20bagi_20Bank_20Perekonomian_20Rakyat_20Syariah.pdf
Peraturan_ADK_46_Tahun_2009_PERUBAHAN_PERATURAN_DEWAN_KOMISIONER_OTORITAS_JASA_KEUANGAN_NOMOR_01_11_PDK_XII_2012_TENTANG_TATA_NASKAH_DINAS_OTORITAS_JASA_KEUANGAN.pdf,PADK,46,2009,TIDAK_COCOK,downloads/Peraturan_ADK_46_Tahun_2009_PERUBAHAN_PERATURAN_DEWAN_KOMISIONER_OTORITAS_JASA_KEUANGAN_NOMOR_01_11_PDK_XII_2012_TENTANG_TATA_NASKAH_DINAS_OTORITAS_JASA_KEUANGAN.pdf
Peraturan_ADK_11_Tahun_2018_PETUNJUK_TEKNIS_PELAKSANAAN_PENGADAAN_BARANG_JASA_OTORITAS_JASA_KEUANGAN.pdf,PADK,11,2018,TIDAK_COCOK,downloads/Peraturan_ADK_11_Tahun_2018_PETUNJUK_TEKNIS_PELAKSANAAN_PENGADAAN_BARANG_JASA_OTORITAS_JASA_KEUANGAN.pdf
Peraturan_ADK_4_Tahun_2025_PETUNJUK_PELAKSANAAN_PROTOKOL_MANAJEMEN_KRISIS_OTORITAS_JASA_KEUANGAN.pdf,PADK,4,2025,TIDAK_COCOK,downloads/Peraturan_ADK_4_Tahun_2025_PETUNJUK_PELAKSANAAN_PROTOKOL_MANAJEMEN_KRISIS_OTORITAS_JASA_KEUANGAN.pdf
Surat_Edaran_OJK_25_2020.pdf,SEOJK,25,2020,COCOK,downloads/Surat_Edaran_OJK_25_2020.pdf
39af8566-fa6d-c3dc-b760-81b9e4eec231.pdf,,,,TIDAK_COCOK,downloads/39af8566-fa6d-c3dc-b760-81b9e4eec231.pdf
Abstrak_20POJK_203_20Tahun_202026_20Penyelenggaraan_20Kegiatan_20Usaha_20Perusahaan_20Efek_20yang_20Melakukan_20Kegiatan_20Usaha_20sebagai_20Penjamin_20Emisi_20Efek_20dan_20Perantara_20Pedagang_20Efek.pdf,,3,2026,TIDAK_COCOK,downloads/Abstrak_20POJK_203_20Tahun_202026_20Penyelenggaraan_20Kegiatan_20Usaha_20Perusahaan_20Efek_20yang_20Melakukan_20Kegiatan_20Usaha_20sebagai_20Penjamin_20Emisi_20Efek_20dan_20Perantara_20Pedagang_20Efek.pdf
Abstrak_20POJK_2026_20Tahun_202024_20Perluasan_20Kegiatan_20Usaha_20Perbankan.pdf,,26,2024,TIDAK_COCOK,downloads/Abstrak_20POJK_2026_20Tahun_202024_20Perluasan_20Kegiatan_20Usaha_20Perbankan.pdf
Tahun_STANDAR_KONTRAK_PENGADAAN_BARANG_JASA_OTORITAS_JASA_KEUANGAN.pdf,,,,TIDAK_COCOK,downloads/Tahun_STANDAR_KONTRAK_PENGADAAN_BARANG_JASA_OTORITAS_JASA_KEUANGAN.pdf
Peraturan_ADK_1_Tahun_2021_PENGELOLAAN_DATA_DAN_INFORMASI_SEKTOR_JASA_KEUANGAN_TERINTEGRASI.pdf,PADK,1,2021,TIDAK_COCOK,downloads/Peraturan_ADK_1_Tahun_2021_PENGELOLAAN_DATA_DAN_INFORMASI_SEKTOR_JASA_KEUANGAN_TERINTEGRASI.pdf
Peraturan_ADK_6_Tahun_2024_PEDOMAN_PENETAPAN_BANK_SISTEMIK_DAN_CAPITAL_SURCHARGE.pdf,PADK,6,2024,TIDAK_COCOK,downloads/Peraturan_ADK_6_Tahun_2024_PEDOMAN_PENETAPAN_BANK_SISTEMIK_DAN_CAPITAL_SURCHARGE.pdf
Abstrak_20POJK_2029_20Tahun_202025_20Perubahan_20atas_20Peraturan_20Otoritas_20Jasa_20Keuangan_20Nomor_2039_20Tahun_202024_20tentang_20Pergadaian.pdf,POJK,29,2025,COCOK,downloads/Abstrak_20POJK_2029_20Tahun_202025_20Perubahan_20atas_20Peraturan_20Otoritas_20Jasa_20Keuangan_20Nomor_2039_20Tahun_202024_20tentang_20Pergadaian.pdf
Peraturan_ADK_5_Tahun_2018_PETUNJUK_PELAKSANAAN_PROTOKOL_MANAJEMEN_KRISIS_DI_SEKTOR_PERBANKAN_OTORITAS_JASA_KEUANGAN.pdf,PADK,5,2018,TIDAK_COCOK,downloads/Peraturan_ADK_5_Tahun_2018_PETUNJUK_PELAKSANAAN_PROTOKOL_MANAJEMEN_KRISIS_DI_SEKTOR_PERBANKAN_OTORITAS_JASA_KEUANGAN.pdf
Peraturan_ADK_21_Tahun_2011_PERUBAHAN_ATAS_PERATURAN_DEWAN_KOMISIONER_OTORITAS_JASA_KEUANGAN_NOMOR_01_17_PDK_XII_2012_TENTANG_KODE_ETIK_OTORITAS_JASA_KEUANGAN.pdf,PADK,21,2011,TIDAK_COCOK,downloads/Peraturan_ADK_21_Tahun_2011_PERUBAHAN_ATAS_PERATURAN_DEWAN_KOMISIONER_OTORITAS_JASA_KEUANGAN_NOMOR_01_17_PDK_XII_2012_TENTANG_KODE_ETIK_OTORITAS_JASA_KEUANGAN.pdf
Tahun_Pedoman_Pemeriksaan_Kepatuhan_dan_Pemeriksaan_Teknis_Bank_Kustodian.pdf,,,,TIDAK_COCOK,downloads/Tahun_Pedoman_Pemeriksaan_Kepatuhan_dan_Pemeriksaan_Teknis_Bank_Kustodian.pdf
29bee9eb-7125-5cc9-6c17-9121819efbcb.pdf,,7125,,TIDAK_COCOK,downloads/29bee9eb-7125-5cc9-6c17-9121819efbcb.pdf
POJK_2023_20Tahun_202025_20Perubahan_20POJK_2027_20Tahun_202024_20tentang_20Penyelenggaraan_20Perdagangan_20Aset_20Keuangan_20Digital_20Termasuk_20Aset_20Kripto.pdf,POJK,23,2025,COCOK,downloads/POJK_2023_20Tahun_202025_20Perubahan_20POJK_2027_20Tahun_202024_20tentang_20Penyelenggaraan_20Perdagangan_20Aset_20Keuangan_20Digital_20Termasuk_20Aset_20Kripto.pdf
Peraturan_OJK_9_2019.pdf,POJK,9,2019,COCOK,downloads/Peraturan_OJK_9_2019.pdf
Peraturan_ADK_4_Tahun_2023_PEDOMAN_PENGELOLAAN_TENDER_MANAGEMENT_SYSTEM_OTORITAS_JASA_KEUANGAN.pdf,PADK,4,2023,TIDAK_COCOK,downloads/Peraturan_ADK_4_Tahun_2023_PEDOMAN_PENGELOLAAN_TENDER_MANAGEMENT_SYSTEM_OTORITAS_JASA_KEUANGAN.pdf
Surat_Edaran_OJK_5_2018.pdf,SEOJK,5,2018,COCOK,downloads/Surat_Edaran_OJK_5_2018.pdf
Peraturan_ADK_7_Tahun_2016_PEDOMAN_PELAKSANAAN_PENILAIAN_KEMAMPUAN_DAN_KEPATUTAN_CALON_PEMEGANG_SAHAM_PENGENDALI_CALON_ANGGOTA_DIREKSI_DAN_CALON_ANGGOTA_DEWAN_KOMISARIS_BANK_UMUM.pdf,PADK,7,2016,TIDAK_COCOK,downloads/Peraturan_ADK_7_Tahun_2016_PEDOMAN_PELAKSANAAN_PENILAIAN_KEMAMPUAN_DAN_KEPATUTAN_CALON_PEMEGANG_SAHAM_PENGENDALI_CALON_ANGGOTA_DIREKSI_DAN_CALON_ANGGOTA_DEWAN_KOMISARIS_BANK_UMUM.pdf
Peraturan_Pemerintah_5_2023.pdf,,5,2023,TIDAK_COCOK,downloads/Peraturan_Pemerintah_5_2023.pdf
SEOJK_2023-SEOJK06-2025_20Laporan_20Bulanan_20Perusahaan_20Modal_20Ventura_20dan_20Perusahaan_20Modal_20Ventura_20Syariah.pdf,SEOJK,23,2025,COCOK,downloads/SEOJK_2023-SEOJK06-2025_20Laporan_20Bulanan_20Perusahaan_20Modal_20Ventura_20dan_20Perusahaan_20Modal_20Ventura_20Syariah.pdf
Peraturan_ADK_4_Tahun_2024_KOMITE_PENGEMBANGAN_KEUANGAN_SYARIAH.pdf,PADK,4,2024,TIDAK_COCOK,downloads/Peraturan_ADK_4_Tahun_2024_KOMITE_PENGEMBANGAN_KEUANGAN_SYARIAH.pdf
Peraturan_ADK_24_Tahun_2016_PENEMPATAN_DANA_PUNGUTAN_OTORITAS_JASA_KEUANGAN.pdf,PADK,24,2016,TIDAK_COCOK,downloads/Peraturan_ADK_24_Tahun_2016_PENEMPATAN_DANA_PUNGUTAN_OTORITAS_JASA_KEUANGAN.pdf
Surat_Edaran_OJK_12_2013.pdf,SEOJK,12,2013,COCOK,downloads/Surat_Edaran_OJK_12_2013.pdf
Peraturan_OJK_58_2016.pdf,POJK,58,2016,COCOK,downloads/Peraturan_OJK_58_2016.pdf
Peraturan_ADK_3_Tahun_2025_PEDOMAN_PELAKSANAAN_PENILAIAN_KEMAMPUAN_DAN_KEPATUTAN_PIHAK_UTAMA_PERUSAHAAN_INDUK_KONGLOMERASI_KEUANGAN_NONOPERASIONAL.pdf,PADK,3,2025,TIDAK_COCOK,downloads/Peraturan_ADK_3_Tahun_2025_PEDOMAN_PELAKSANAAN_PENILAIAN_KEMAMPUAN_DAN_KEPATUTAN_PIHAK_UTAMA_PERUSAHAAN_INDUK_KONGLOMERASI_KEUANGAN_NONOPERASIONAL.pdf
Peraturan_OJK_23_2025.pdf,POJK,23,2025,COCOK,downloads/Peraturan_OJK_23_2025.pdf
Surat_Edaran_OJK_50_2016.pdf,SEOJK,50,2016,COCOK,downloads/Surat_Edaran_OJK_50_2016.pdf
Tahun_Pedoman_Pengawasan_Rencana_Bisnis_Bank_Umum.pdf,,,,TIDAK_COCOK,downloads/Tahun_Pedoman_Pengawasan_Rencana_Bisnis_Bank_Umum.pdf
Surat_Edaran_OJK_19_2017.pdf,SEOJK,19,2017,COCOK,downloads/Surat_Edaran_OJK_19_2017.pdf
Abstrak_20POJK_2012_20Tahun_202025_20Penerapan_20Manajemen_20Risiko_20dan_20Penilaian_20Tingkat_20Kesehatan_20Manajer_20Investasi.pdf,,12,2025,TIDAK_COCOK,downloads/Abstrak_20POJK_2012_20Tahun_202025_20Penerapan_20Manajemen_20Risiko_20dan_20Penilaian_20Tingkat_20Kesehatan_20Manajer_20Investasi.pdf
Peraturan_ADK_1_Tahun_2023_PERIUBAHAN_ATAS_SURAT_EDARAN_DEWAN_KOMISIONER_OTORITAS_JASA_KEUANGAN_NOMOR_2_SEDK.05_2019_TENTANG_PEDOMAN_PEMERIKSAAN_LEMBAGA_KEUANGAN_MIKRO.pdf,PADK,1,2023,TIDAK_COCOK,downloads/Peraturan_ADK_1_Tahun_2023_PERIUBAHAN_ATAS_SURAT_EDARAN_DEWAN_KOMISIONER_OTORITAS_JASA_KEUANGAN_NOMOR_2_SEDK.05_2019_TENTANG_PEDOMAN_PEMERIKSAAN_LEMBAGA_KEUANGAN_MIKRO.pdf
Peraturan_ADK_31_Tahun_2017_PERUBAHAN_ATAS_SURAT_EDARAN_DEWAN_KOMISIONER_OTORITAS_JASA_KEUANGAN_NOMOR_7_SEDK.02_2014_TENTANG_TATA_CARA_PELAKSANAAN_MANAJEMEN_PUNGUTAN_OTORITAS_JASA_KEUANGAN.pdf,PADK,31,2017,TIDAK_COCOK,downloads/Peraturan_ADK_31_Tahun_2017_PERUBAHAN_ATAS_SURAT_EDARAN_DEWAN_KOMISIONER_OTORITAS_JASA_KEUANGAN_NOMOR_7_SEDK.02_2014_TENTANG_TATA_CARA_PELAKSANAAN_MANAJEMEN_PUNGUTAN_OTORITAS_JASA_KEUANGAN.pdf
Peraturan_ADK_6_Tahun_2023_ORGANISASI_BIDANG_AUDIT_INTERNAL_DAN_MANAJEMEN_RISIKO.pdf,PADK,6,2023,TIDAK_COCOK,downloads/Peraturan_ADK_6_Tahun_2023_ORGANISASI_BIDANG_AUDIT_INTERNAL_DAN_MANAJEMEN_RISIKO.pdf
Abstrak_20SEOJK_2032-SEOJK03-2025_20Transparansi_20dan_20Publikasi_20Laporan_20Bank_20Umum_20Syariah_20dan_20Unit_20Usaha_20Syariah.pdf,,32,2025,TIDAK_COCOK,downloads/Abstrak_20SEOJK_2032-SEOJK03-2025_20Transparansi_20dan_20Publikasi_20Laporan_20Bank_20Umum_20Syariah_20dan_20Unit_20Usaha_20Syariah.pdf
Surat_Edaran_OJK_20_2021.pdf,SEOJK,20,2021,COCOK,downloads/Surat_Edaran_OJK_20_2021.pdf
Peraturan_ADK_6_Tahun_2016_PEDOMAN_PELAKSANAAN_QUALITY_ASSURANCE_MELALUI_FORUM_PANEL_PENGAWASAN_BANK_BERDASARKAN_RISIKO.pdf,PADK,6,2016,TIDAK_COCOK,downloads/Peraturan_ADK_6_Tahun_2016_PEDOMAN_PELAKSANAAN_QUALITY_ASSURANCE_MELALUI_FORUM_PANEL_PENGAWASAN_BANK_BERDASARKAN_RISIKO.pdf
Peraturan_OJK_3_2021.pdf,POJK,3,2021,COCOK,downloads/Peraturan_OJK_3_2021.pdf
Surat_Edaran_OJK_14_2019.pdf,SEOJK,14,2019,COCOK,downloads/Surat_Edaran_OJK_14_2019.pdf
Peraturan_ADK_11_Tahun_2019_PETUNJUK_TEKNIS_PELAKSANAAN_PENGADAAN_PEKERJAAN_KONSTRUKSI_TERINTEGRASI_RANCANG_DAN_BANGUN_CONSTRUCTION_-_DESIGN_BUILD.pdf,PADK,11,2019,TIDAK_COCOK,downloads/Peraturan_ADK_11_Tahun_2019_PETUNJUK_TEKNIS_PELAKSANAAN_PENGADAAN_PEKERJAAN_KONSTRUKSI_TERINTEGRASI_RANCANG_DAN_BANGUN_CONSTRUCTION_-_DESIGN_BUILD.pdf
Peraturan_OJK_3_2017.pdf,POJK,3,2017,COCOK,downloads/Peraturan_OJK_3_2017.pdf
Peraturan_OJK_75_2017.pdf,POJK,75,2017,COCOK,downloads/Peraturan_OJK_75_2017.pdf
FAQ_20SEOJK_2023-SEOJK05-2024_20Bentuk_20dan_20Susunan_20Laporan_20Berkala_20Perusahaan_20Asuransi_20dan_20Perusahaan_20Reasuransi.pdf,,23,2024,TIDAK_COCOK,downloads/FAQ_20SEOJK_2023-SEOJK05-2024_20Bentuk_20dan_20Susunan_20Laporan_20Berkala_20Perusahaan_20Asuransi_20dan_20Perusahaan_20Reasuransi.pdf
602bdef1-4791-7a02-6ccd-c632061fae2d.pdf,,4791,,TIDAK_COCOK,downloads/602bdef1-4791-7a02-6ccd-c632061fae2d.pdf
Surat_Edaran_OJK_10_2025.pdf,SEOJK,10,2025,COCOK,downloads/Surat_Edaran_OJK_10_2025.pdf
Peraturan_ADK_3_Tahun_2021_MANAJEMEN_PENGAMANAN_SISTEM_INFORMASI_OTORITAS_JASA_KEUANGAN.pdf,PADK,3,2021,TIDAK_COCOK,downloads/Peraturan_ADK_3_Tahun_2021_MANAJEMEN_PENGAMANAN_SISTEM_INFORMASI_OTORITAS_JASA_KEUANGAN.pdf
Peraturan_ADK_13_Tahun_2015_PEDOMAN_PEMERIKSAAN_BERDASARKAN_RISIKO_UNTUK_PEMERIKSAAN_RISIKO_KEPATUHAN.pdf,PADK,13,2015,TIDAK_COCOK,downloads/Peraturan_ADK_13_Tahun_2015_PEDOMAN_PEMERIKSAAN_BERDASARKAN_RISIKO_UNTUK_PEMERIKSAAN_RISIKO_KEPATUHAN.pdf
Peraturan_ADK_Tahun_PERUBAHAN_KEDUA_ATAS_PERATURAN_DEWAN_KOMISIONER_OTORITAS_JASA_KEUANGAN_NOMOR_01_11_PDK_XII_2012_TENTANG_TATA_NASKAH_DINAS_OTORITAS_JASA_KEUANGAN.pdf,PADK,1,2012,TIDAK_COCOK,downloads/Peraturan_ADK_Tahun_PERUBAHAN_KEDUA_ATAS_PERATURAN_DEWAN_KOMISIONER_OTORITAS_JASA_KEUANGAN_NOMOR_01_11_PDK_XII_2012_TENTANG_TATA_NASKAH_DINAS_OTORITAS_JASA_KEUANGAN.pdf
Peraturan_OJK_24_2021.pdf,POJK,24,2021,COCOK,downloads/Peraturan_OJK_24_2021.pdf
SEBI_31-2-UK-1998_Pelaporan_Pemberian_Kredit_oleh_Bank_Umum_untuk_Pembiayaan_Pengadaan_dan_atau_Pengolahan_Tanah_1998.pdf,,31,1998,TIDAK_COCOK,downloads/SEBI_31-2-UK-1998_Pelaporan_Pemberian_Kredit_oleh_Bank_Umum_untuk_Pembiayaan_Pengadaan_dan_atau_Pengolahan_Tanah_1998.pdf
Peraturan_ADK_5_Tahun_2021_PEDOMAN_BANK_PERFORMANCE_REPORT_BANK_PERKREDITAN_RAKYAT_DAN_BANK_PEMBIAYAAN_RAKYAT_SYARIAH.pdf,PADK,5,2021,TIDAK_COCOK,downloads/Peraturan_ADK_5_Tahun_2021_PEDOMAN_BANK_PERFORMANCE_REPORT_BANK_PERKREDITAN_RAKYAT_DAN_BANK_PEMBIAYAAN_RAKYAT_SYARIAH.pdf
Surat_Edaran_OJK_16_2025.pdf,SEOJK,16,2025,COCOK,downloads/Surat_Edaran_OJK_16_2025.pdf
POJK_2033_20Tahun_202025_20Penilaian_20Tingkat_20Kesehatan_20Perusahaan_20Perasuransian_2c_20Lembaga_20Penjamin_2c_20dan_20Dana_20Pensiun.pdf,POJK,33,2025,COCOK,downloads/POJK_2033_20Tahun_202025_20Penilaian_20Tingkat_20Kesehatan_20Perusahaan_20Perasuransian_2c_20Lembaga_20Penjamin_2c_20dan_20Dana_20Pensiun.pdf
Peraturan_ADK_15_Tahun_2018_NAMA_SATUAN_KERJA_UNIT_KERJA_DAN_JABATAN_DI_OTORITAS_JASA_KEUANGAN_DALAM_BAHASA_INGGRIS.pdf,PADK,15,2018,TIDAK_COCOK,downloads/Peraturan_ADK_15_Tahun_2018_NAMA_SATUAN_KERJA_UNIT_KERJA_DAN_JABATAN_DI_OTORITAS_JASA_KEUANGAN_DALAM_BAHASA_INGGRIS.pdf
Peraturan_ADK_14_Tahun_2024_STANDAR_KONTRAK_PENGADAAN_BARANG_JASA_OTORITAS_JASA_KEUANGAN.pdf,PADK,14,2024,TIDAK_COCOK,downloads/Peraturan_ADK_14_Tahun_2024_STANDAR_KONTRAK_PENGADAAN_BARANG_JASA_OTORITAS_JASA_KEUANGAN.pdf
Peraturan_ADK_14_Tahun_2016_PEDOMAN_PENGAWASAN_BANK_BERDASARKAN_RISIKO_UNTUK_TAHAPAN_PENYUSUNAN_LAPORAN_HASIL_PEMERIKSAAN_LHP.pdf,PADK,14,2016,TIDAK_COCOK,downloads/Peraturan_ADK_14_Tahun_2016_PEDOMAN_PENGAWASAN_BANK_BERDASARKAN_RISIKO_UNTUK_TAHAPAN_PENYUSUNAN_LAPORAN_HASIL_PEMERIKSAAN_LHP.pdf
FAQ_20POJK_207_20Tahun_202024_20Bank_20Perekonomian_20Rakyat_20dan_20Bank_20Perekonomian_20Rakyat_20Syariah.pdf,,7,2024,TIDAK_COCOK,downloads/FAQ_20POJK_207_20Tahun_202024_20Bank_20Perekonomian_20Rakyat_20dan_20Bank_20Perekonomian_20Rakyat_20Syariah.pdf
Peraturan_OJK_12_2025.pdf,POJK,12,2025,COCOK,downloads/Peraturan_OJK_12_2025.pdf
FAQ_20POJK_202_20Tahun_202024_20Penerapan_20Tata_20Kelola_20Syariah_20Bagi_20Bank_20Umum_20Syariah_20dan_20Unit_20Usaha_20Syariah.pdf,,2,2024,TIDAK_COCOK,downloads/FAQ_20POJK_202_20Tahun_202024_20Penerapan_20Tata_20Kelola_20Syariah_20Bagi_20Bank_20Umum_20Syariah_20dan_20Unit_20Usaha_20Syariah.pdf
Surat_Edaran_OJK_11_2019.pdf,SEOJK,11,2019,COCOK,downloads/Surat_Edaran_OJK_11_2019.pdf
Peraturan_ADK_6_Tahun_2018_PEDOMAN_PELAKSANAAN_STRESS_TEST_LIKUIDITAS_PERBANKAN.pdf,PADK,6,2018,TIDAK_COCOK,downloads/Peraturan_ADK_6_Tahun_2018_PEDOMAN_PELAKSANAAN_STRESS_TEST_LIKUIDITAS_PERBANKAN.pdf
SK_DIR_Nomor_31-310-KEP-DIR_Tahun_1999.pdf,KEPDIR,31,1999,TIDAK_COCOK,downloads/SK_DIR_Nomor_31-310-KEP-DIR_Tahun_1999.pdf
Peraturan_ADK_3_Tahun_2025_PEDOMAN_PEMERIKSAAN_AKUNTAN_PUBLIK_DAN_KANTOR_AKUNTAN_PUBLIK_YANG_MEMBERIKAN_JASA_DI_SEKTOR_LEMBAGA_PEMBIAYAAN_PERUSAHAAN_MODAL_VENTURA_LEMBAGA_KEUANGAN_MIKRO_DAN_LEMBAGA_JASA_KEUANGAN_LAINNYA.pdf,PADK,3,2025,TIDAK_COCOK,downloads/Peraturan_ADK_3_Tahun_2025_PEDOMAN_PEMERIKSAAN_AKUNTAN_PUBLIK_DAN_KANTOR_AKUNTAN_PUBLIK_YANG_MEMBERIKAN_JASA_DI_SEKTOR_LEMBAGA_PEMBIAYAAN_PERUSAHAAN_MODAL_VENTURA_LEMBAGA_KEUANGAN_MIKRO_DAN_LEMBAGA_JASA_KEUANGAN_LAINNYA.pdf
Tahun_ORGANISASI_OTORITAS_JASA_KEUANGAN.pdf,,,,TIDAK_COCOK,downloads/Tahun_ORGANISASI_OTORITAS_JASA_KEUANGAN.pdf
Peraturan_ADK_24_Tahun_2014_TATA_CARA_PEMBERIAN_BANTUAN_BIAYA_TRANSPORTASI_KE_HOME_BASE_BAGI_PEGAWAI_OTORITAS_JASA_KEUANGAN.pdf,PADK,24,2014,TIDAK_COCOK,downloads/Peraturan_ADK_24_Tahun_2014_TATA_CARA_PEMBERIAN_BANTUAN_BIAYA_TRANSPORTASI_KE_HOME_BASE_BAGI_PEGAWAI_OTORITAS_JASA_KEUANGAN.pdf
Peraturan_OJK_4_2017.pdf,POJK,4,2017,COCOK,downloads/Peraturan_OJK_4_2017.pdf
SEOJK_2011-SEOJK.01-2024_20Pelaporan_20dan_20Permintaan_20Informasi_20Debitur_20Melalui_20Sistem_20Layanan_20Informasi_20Keuangan.pdf,SEOJK,11,2024,COCOK,downloads/SEOJK_2011-SEOJK.01-2024_20Pelaporan_20dan_20Permintaan_20Informasi_20Debitur_20Melalui_20Sistem_20Layanan_20Informasi_20Keuangan.pdf
Peraturan_ADK_5_Tahun_2025_ORGANISASI_BIDANG_KEBIJAKAN_STRATEGIS.pdf,PADK,5,2025,TIDAK_COCOK,downloads/Peraturan_ADK_5_Tahun_2025_ORGANISASI_BIDANG_KEBIJAKAN_STRATEGIS.pdf
FAQ_20POJK_2031_20Tahun_202025_20Penerapan_20Tata_20Kelola_20Bursa_20Efek_20Lembaga_20Kliring_20dan_20Penjaminan_20serta_20Lembaga_20Penyimpanan_20dan_20Penyelesaian.pdf,,31,2025,TIDAK_COCOK,downloads/FAQ_20POJK_2031_20Tahun_202025_20Penerapan_20Tata_20Kelola_20Bursa_20Efek_20Lembaga_20Kliring_20dan_20Penjaminan_20serta_20Lembaga_20Penyimpanan_20dan_20Penyelesaian.pdf
Peraturan_ADK_1_Tahun_2013.pdf,PADK,1,2013,TIDAK_COCOK,downloads/Peraturan_ADK_1_Tahun_2013.pdf
Peraturan_ADK_8_Tahun_2020_PEDOMAN_PENGAWASAN_BANK_BERDASARKAN_RISIKO_UNTUK_TAHAPAN_PEMAHAMAN_TERHADAP_BANK_KNOW_YOUR_BANK.pdf,PADK,8,2020,TIDAK_COCOK,downloads/Peraturan_ADK_8_Tahun_2020_PEDOMAN_PENGAWASAN_BANK_BERDASARKAN_RISIKO_UNTUK_TAHAPAN_PEMAHAMAN_TERHADAP_BANK_KNOW_YOUR_BANK.pdf
Abstrak_20POJK_2035_20Tahun_202025_20Perubahan_20POJK_2046_20Tahun_202024_20Pengembangan_20dan_20Penguatan_20Perusahaan_20Pembiayaan_20Perusahaan_20Pembiayaan_20Infrastruktur_20dan_20PMV.pdf,,35,2025,TIDAK_COCOK,downloads/Abstrak_20POJK_2035_20Tahun_202025_20Perubahan_20POJK_2046_20Tahun_202024_20Pengembangan_20dan_20Penguatan_20Perusahaan_20Pembiayaan_20Perusahaan_20Pembiayaan_20Infrastruktur_20dan_20PMV.pdf
Surat_Edaran_OJK_19_2015.pdf,SEOJK,19,2015,COCOK,downloads/Surat_Edaran_OJK_19_2015.pdf
Surat_Edaran_OJK_34_2021.pdf,SEOJK,34,2021,COCOK,downloads/Surat_Edaran_OJK_34_2021.pdf
Peraturan_OJK_66_2016.pdf,POJK,66,2016,COCOK,downloads/Peraturan_OJK_66_2016.pdf
5748a1af-9708-8e3e-852a-1afc636c4913.pdf,,9708,,TIDAK_COCOK,downloads/5748a1af-9708-8e3e-852a-1afc636c4913.pdf
Peraturan_ADK_2_Tahun_2025_PEDOMAN_PENGAWASAN_TERKAIT_PERINTAH_PEMBLOKIRAN_REKENING_TERTENTU_KEPADA_BANK.pdf,PADK,2,2025,TIDAK_COCOK,downloads/Peraturan_ADK_2_Tahun_2025_PEDOMAN_PENGAWASAN_TERKAIT_PERINTAH_PEMBLOKIRAN_REKENING_TERTENTU_KEPADA_BANK.pdf
Surat_Edaran_OJK_30_2021.pdf,SEOJK,30,2021,COCOK,downloads/Surat_Edaran_OJK_30_2021.pdf
Peraturan_Bapepam_22_2019.pdf,,22,2019,TIDAK_COCOK,downloads/Peraturan_Bapepam_22_2019.pdf
Peraturan_ADK_36_Tahun_2013_Organisasi_OJK.pdf,PADK,36,2013,TIDAK_COCOK,downloads/Peraturan_ADK_36_Tahun_2013_Organisasi_OJK.pdf
Surat_Edaran_OJK_9_2018.pdf,SEOJK,9,2018,COCOK,downloads/Surat_Edaran_OJK_9_2018.pdf
Abstrak_20SEOJK_2025-SEOJK04-2025_20Verifikasi_20Pesanan_20dan_20Dana_20Alokasi_20Penjatahan_20dan_20Penyelesaian_20Pemesanan_20Efek_20dalam_20Penawaran_20Umum_20Saham_20Secara_20Elektronik.pdf,,25,2025,TIDAK_COCOK,downloads/Abstrak_20SEOJK_2025-SEOJK04-2025_20Verifikasi_20Pesanan_20dan_20Dana_20Alokasi_20Penjatahan_20dan_20Penyelesaian_20Pemesanan_20Efek_20dalam_20Penawaran_20Umum_20Saham_20Secara_20Elektronik.pdf
Peraturan_ADK_7_Tahun_2015_PEDOMAN_PEMANTAUAN_KONDISI_BANK_PEREKONOMIAN_RAKYAT_DAN_BANK_PEREKONOMIAN_RAKYAT_SYARIAH_MELALUI_LAPORAN_ANALISIS_BULANAN.pdf,PADK,7,2015,TIDAK_COCOK,downloads/Peraturan_ADK_7_Tahun_2015_PEDOMAN_PEMANTAUAN_KONDISI_BANK_PEREKONOMIAN_RAKYAT_DAN_BANK_PEREKONOMIAN_RAKYAT_SYARIAH_MELALUI_LAPORAN_ANALISIS_BULANAN.pdf
Peraturan_ADK_2_Tahun_2025_PEDOMAN_PENGAWASAN_PENYELENGGARA_LAYANAN_PENDANAAN_BERSAMA_BERBASIS_TEKNOLOGI_INFORMASI.pdf,PADK,2,2025,TIDAK_COCOK,downloads/Peraturan_ADK_2_Tahun_2025_PEDOMAN_PENGAWASAN_PENYELENGGARA_LAYANAN_PENDANAAN_BERSAMA_BERBASIS_TEKNOLOGI_INFORMASI.pdf
Peraturan_ADK_3_Tahun_2015_ADMINISTRASI_PENYIDIKAN_TINDAK_PIDANA_DI_SEKTOR_JASA_KEUANGAN.pdf,PADK,3,2015,TIDAK_COCOK,downloads/Peraturan_ADK_3_Tahun_2015_ADMINISTRASI_PENYIDIKAN_TINDAK_PIDANA_DI_SEKTOR_JASA_KEUANGAN.pdf
Peraturan_ADK_2_Tahun_2015_PENGENDALIAN_GRATIFIKASI_DI_OTORITAS_JASA_KEUANGAN.pdf,PADK,2,2015,TIDAK_COCOK,downloads/Peraturan_ADK_2_Tahun_2015_PENGENDALIAN_GRATIFIKASI_DI_OTORITAS_JASA_KEUANGAN.pdf
Peraturan_ADK_15_Tahun_2017_SISTEM_PENGEMBANGAN_SUMBER_DAYA_MANUSIA.pdf,PADK,15,2017,TIDAK_COCOK,downloads/Peraturan_ADK_15_Tahun_2017_SISTEM_PENGEMBANGAN_SUMBER_DAYA_MANUSIA.pdf
Peraturan_ADK_3_Tahun_2015_PEDOMAN_UMUM_SISTEM_PENGENDALIAN_INTERNAL_OTORITAS_JASA_KEUANGAN.pdf,PADK,3,2015,TIDAK_COCOK,downloads/Peraturan_ADK_3_Tahun_2015_PEDOMAN_UMUM_SISTEM_PENGENDALIAN_INTERNAL_OTORITAS_JASA_KEUANGAN.pdf
Surat_Edaran_OJK_7_2021.pdf,SEOJK,7,2021,COCOK,downloads/Surat_Edaran_OJK_7_2021.pdf
SEBI_27-3-UKU-1995_Penyampaian_Nomor_Pokok_Wajib_Pajak_dan_Laporan_Keuangan_dalam_Permohonan_Kredit_1995.pdf,,27,1995,TIDAK_COCOK,downloads/SEBI_27-3-UKU-1995_Penyampaian_Nomor_Pokok_Wajib_Pajak_dan_Laporan_Keuangan_dalam_Permohonan_Kredit_1995.pdf
Peraturan_ADK_9_Tahun_2016_Sistem_Pengelolaan_Pengamanan_Otoritas_Jasa_Keuangan.pdf,PADK,9,2016,TIDAK_COCOK,downloads/Peraturan_ADK_9_Tahun_2016_Sistem_Pengelolaan_Pengamanan_Otoritas_Jasa_Keuangan.pdf
Peraturan_ADK_Tahun_Tunjangan_Pendukung_Operasional_Tunjangan_Fasilitas_Asuransi_dan_Dana_Pensiun_bagi_Pegawai_dan_Pensiunan_Pegawai_Otoritas_Jasa_Keuangan.pdf,PADK,,,TIDAK_COCOK,downloads/Peraturan_ADK_Tahun_Tunjangan_Pendukung_Operasional_Tunjangan_Fasilitas_Asuransi_dan_Dana_Pensiun_bagi_Pegawai_dan_Pensiunan_Pegawai_Otoritas_Jasa_Keuangan.pdf
FAQ_20SEOJK_2021-SEOJK.03-2024_20Panduan_20Akuntansi_20Perbankan_20bagi_20Bank_20Perekonomian_20Rakyat.pdf,,21,2024,TIDAK_COCOK,downloads/FAQ_20SEOJK_2021-SEOJK.03-2024_20Panduan_20Akuntansi_20Perbankan_20bagi_20Bank_20Perekonomian_20Rakyat.pdf
Surat_Edaran_OJK_3_2021.pdf,SEOJK,3,2021,COCOK,downloads/Surat_Edaran_OJK_3_2021.pdf
Abstrak_20POJK_2027_20Tahun_202025_20Pengelolaan_20Aset_20dan_20Liabilitas_20Perusahaan_20Asuransi_20dan_20Perusahaan_20Reasuransi_20dengan_20Prinsip_20Syariah.pdf,,27,2025,TIDAK_COCOK,downloads/Abstrak_20POJK_2027_20Tahun_202025_20Pengelolaan_20Aset_20dan_20Liabilitas_20Perusahaan_20Asuransi_20dan_20Perusahaan_20Reasuransi_20dengan_20Prinsip_20Syariah.pdf
Surat_Edaran_OJK_11_2021.pdf,SEOJK,11,2021,COCOK,downloads/Surat_Edaran_OJK_11_2021.pdf
FAQ_20PADK_2037-PADK08-2025_20Penyediaan_20Informasi_20dan_20Penyampaian_20Informasi_20untuk_20Pemasaran_20Produk_20dan_20Layanan_20Jasa_20Keuangan.pdf,,37,2025,TIDAK_COCOK,downloads/FAQ_20PADK_2037-PADK08-2025_20Penyediaan_20Informasi_20dan_20Penyampaian_20Informasi_20untuk_20Pemasaran_20Produk_20dan_20Layanan_20Jasa_20Keuangan.pdf
Peraturan_OJK_32_2019.pdf,POJK,32,2019,COCOK,downloads/Peraturan_OJK_32_2019.pdf
Peraturan_ADK_20_Tahun_2017_PEDOMAN_PENGAWASAN_BANK_PEMBIAYAAN_RAKYAT_SYARIAH_BERDASARKAN_RISIKO_UNTUK_TAHAPAN_PERENCANAAN_PENGAWASAN.pdf,PADK,20,2017,TIDAK_COCOK,downloads/Peraturan_ADK_20_Tahun_2017_PEDOMAN_PENGAWASAN_BANK_PEMBIAYAAN_RAKYAT_SYARIAH_BERDASARKAN_RISIKO_UNTUK_TAHAPAN_PERENCANAAN_PENGAWASAN.pdf
Peraturan_OJK_1_2016.pdf,POJK,1,2016,COCOK,downloads/Peraturan_OJK_1_2016.pdf
Surat_Edaran_OJK_9_2017.pdf,SEOJK,9,2017,TIDAK_COCOK,downloads/Surat_Edaran_OJK_9_2017.pdf
Peraturan_ADK_15_Tahun_2024_PETUNJUK_TEKNIS_PELAKSANAAN_PENGADAAN_BARANG_JASA_OTORITAS_JASA_KEUANGAN_DALAM_KONDISI_ADANYA_GANGGUAN_TEKNIS_SI-PROJEK.pdf,PADK,15,2024,TIDAK_COCOK,downloads/Peraturan_ADK_15_Tahun_2024_PETUNJUK_TEKNIS_PELAKSANAAN_PENGADAAN_BARANG_JASA_OTORITAS_JASA_KEUANGAN_DALAM_KONDISI_ADANYA_GANGGUAN_TEKNIS_SI-PROJEK.pdf
Tahun_Pedoman_SEDK_OJK_tentang_Pedoman_Penilaian_Penerapan_Manajemen_Risiko_Bank_Perkreditan_Rakyat_dan_Bank_Pembiayaan_Rakyat_Syariah.pdf,,,,TIDAK_COCOK,downloads/Tahun_Pedoman_SEDK_OJK_tentang_Pedoman_Penilaian_Penerapan_Manajemen_Risiko_Bank_Perkreditan_Rakyat_dan_Bank_Pembiayaan_Rakyat_Syariah.pdf
Peraturan_OJK_40_2017.pdf,POJK,40,2017,COCOK,downloads/Peraturan_OJK_40_2017.pdf
Peraturan_ADK_21_Tahun_2011_STANDAR_BIAYA_OTORITAS_JASA_KEUANGAN_TAHUN_2014.pdf,PADK,21,2011,TIDAK_COCOK,downloads/Peraturan_ADK_21_Tahun_2011_STANDAR_BIAYA_OTORITAS_JASA_KEUANGAN_TAHUN_2014.pdf
Peraturan_ADK_11_Tahun_2024_PEDOMAN_PENETAPAN_STATUS_DAN_TINDAK_LANJUT_PENGAWASAN_BANK_UMUM.pdf,PADK,11,2024,TIDAK_COCOK,downloads/Peraturan_ADK_11_Tahun_2024_PEDOMAN_PENETAPAN_STATUS_DAN_TINDAK_LANJUT_PENGAWASAN_BANK_UMUM.pdf
Peraturan_OJK_16_2022.pdf,POJK,16,2022,COCOK,downloads/Peraturan_OJK_16_2022.pdf
Peraturan_ADK_1_Tahun_2023_PENGAJUAN_GUGATAN_PERDATA_OLEH_OTORITAS_JASA_KEUANGAN_SEBAGAI_UPAYA_PELINDUNGAN_KONSUMEN_DAN_MASYARAKAT.pdf,PADK,1,2023,TIDAK_COCOK,downloads/Peraturan_ADK_1_Tahun_2023_PENGAJUAN_GUGATAN_PERDATA_OLEH_OTORITAS_JASA_KEUANGAN_SEBAGAI_UPAYA_PELINDUNGAN_KONSUMEN_DAN_MASYARAKAT.pdf
FAQ_20POJK_2042_20Tahun_202024_20Penerapan_20Manajemen_20Risiko_20bagi_20Lembaga_20Pembiayaan_20PMV_20LKM_20LJK_20Lainnya.pdf,,42,2024,TIDAK_COCOK,downloads/FAQ_20POJK_2042_20Tahun_202024_20Penerapan_20Manajemen_20Risiko_20bagi_20Lembaga_20Pembiayaan_20PMV_20LKM_20LJK_20Lainnya.pdf
Peraturan_ADK_6_Tahun_2020_PERUBAHAN_KEDUA_ATAS_PERATURAN_DEWAN_KOMISIONER_OTORITAS_JASA_KEUANGAN_REPUBLIK_INDONESIA_NOMOR_5_PDK.01_2018_TENTANG_ORGANISASI_OTORITAS_JASA_KEUANGAN.pdf,PADK,6,2020,TIDAK_COCOK,downloads/Peraturan_ADK_6_Tahun_2020_PERUBAHAN_KEDUA_ATAS_PERATURAN_DEWAN_KOMISIONER_OTORITAS_JASA_KEUANGAN_REPUBLIK_INDONESIA_NOMOR_5_PDK.01_2018_TENTANG_ORGANISASI_OTORITAS_JASA_KEUANGAN.pdf
Surat_Edaran_OJK_17_2022.pdf,SEOJK,17,2022,COCOK,downloads/Surat_Edaran_OJK_17_2022.pdf
e62dcda5-a053-c1df-3c6d-7111fad60ae7.pdf,,,,TIDAK_COCOK,downloads/e62dcda5-a053-c1df-3c6d-7111fad60ae7.pdf
Peraturan_OJK_31_2015.pdf,POJK,31,2015,COCOK,downloads/Peraturan_OJK_31_2015.pdf
Peraturan_OJK_42_2019.pdf,POJK,42,2019,COCOK,downloads/Peraturan_OJK_42_2019.pdf
Surat_Edaran_OJK_21_2022.pdf,SEOJK,21,2022,COCOK,downloads/Surat_Edaran_OJK_21_2022.pdf
Peraturan_ADK_17_Tahun_2017_PEDOMAN_PENGAWASAN_PELAKSANAAN_TRANSPARANSI_DAN_PUBLIKASI_LAPORAN_BANK_UMUM_KONVENSIONAL.pdf,PADK,17,2017,TIDAK_COCOK,downloads/Peraturan_ADK_17_Tahun_2017_PEDOMAN_PENGAWASAN_PELAKSANAAN_TRANSPARANSI_DAN_PUBLIKASI_LAPORAN_BANK_UMUM_KONVENSIONAL.pdf
Tahun_Pedoman_Pengawasan_Berbasis_Risiko_Bagi_Biro_Administrasi_Efek.pdf,,,,TIDAK_COCOK,downloads/Tahun_Pedoman_Pengawasan_Berbasis_Risiko_Bagi_Biro_Administrasi_Efek.pdf
Peraturan_ADK_2_Tahun_2022_PERUBAHAN_ATAS_SURAT_EDARAN_DEWAN_KOMISIONER_OTORITAS_JASA_KEUANGAN_NOMOR_2_SEDK.01_2020_TENTANG_NAMA_SATUAN_KERJA_UNIT_KERJA_DAN_JABATAN_DI_OTORITAS_JASA_KEUANGAN_DALAM_BAHASA_INGGRIS.pdf,PADK,2,2022,TIDAK_COCOK,downloads/Peraturan_ADK_2_Tahun_2022_PERUBAHAN_ATAS_SURAT_EDARAN_DEWAN_KOMISIONER_OTORITAS_JASA_KEUANGAN_NOMOR_2_SEDK.01_2020_TENTANG_NAMA_SATUAN_KERJA_UNIT_KERJA_DAN_JABATAN_DI_OTORITAS_JASA_KEUANGAN_DALAM_BAHASA_INGGRIS.pdf
Peraturan_OJK_28_2020.pdf,POJK,28,2020,COCOK,downloads/Peraturan_OJK_28_2020.pdf
Tahun_PENANGANAN_BARANG_MILIK_NEGARA_YANG_HILANG_DI_OTORITAS_JASA_KEUANGAN.pdf,,,,TIDAK_COCOK,downloads/Tahun_PENANGANAN_BARANG_MILIK_NEGARA_YANG_HILANG_DI_OTORITAS_JASA_KEUANGAN.pdf
Peraturan_OJK_28_2015.pdf,POJK,28,2015,COCOK,downloads/Peraturan_OJK_28_2015.pdf
Peraturan_ADK_21_Tahun_2011_PENUNJUKAN_PEJABAT_DAN_ATAU_PEGAWAI_OTORITAS_JASA_KEUANGAN_SEBAGAI_PENANGGUNGJAWAB_PELAKSANAAN_ANGGARAN_OTORITAS_JASA_KEUANGAN_DEPUTI_KOMISIONER_MANAJEMEN_STRATEGIS_II_B.pdf,PADK,21,2011,TIDAK_COCOK,downloads/Peraturan_ADK_21_Tahun_2011_PENUNJUKAN_PEJABAT_DAN_ATAU_PEGAWAI_OTORITAS_JASA_KEUANGAN_SEBAGAI_PENANGGUNGJAWAB_PELAKSANAAN_ANGGARAN_OTORITAS_JASA_KEUANGAN_DEPUTI_KOMISIONER_MANAJEMEN_STRATEGIS_II_B.pdf
Peraturan_ADK_2_Tahun_2025_KEBIJAKAN_AKUNTANSI_OTORITAS_JASA_KEUANGAN.pdf,PADK,2,2025,TIDAK_COCOK,downloads/Peraturan_ADK_2_Tahun_2025_KEBIJAKAN_AKUNTANSI_OTORITAS_JASA_KEUANGAN.pdf
Surat_Edaran_OJK_13_2020.pdf,SEOJK,13,2020,COCOK,downloads/Surat_Edaran_OJK_13_2020.pdf
Peraturan_OJK_46_2015.pdf,POJK,46,2015,COCOK,downloads/Peraturan_OJK_46_2015.pdf
POJK_2011_20Tahun_202025_20Penyelenggaraan_20Usaha_20Lembaga_20Penjamin.pdf,POJK,11,2025,COCOK,downloads/POJK_2011_20Tahun_202025_20Penyelenggaraan_20Usaha_20Lembaga_20Penjamin.pdf
Peraturan_ADK_2_Tahun_2024_PEDOMAN_PEMERIKSAAAN_BERDASARKAN_RISIKO_TERHADAP_BANK_PEREKONOMIAN_RAKYAT_DAN_BANK_PEREKONOMIAN_RAKYAT_SYARIAH.pdf,PADK,2,2024,TIDAK_COCOK,downloads/Peraturan_ADK_2_Tahun_2024_PEDOMAN_PEMERIKSAAAN_BERDASARKAN_RISIKO_TERHADAP_BANK_PEREKONOMIAN_RAKYAT_DAN_BANK_PEREKONOMIAN_RAKYAT_SYARIAH.pdf
Lampiran_Lampiran_20RPADK_20Country_20dan_20Transfer_20Risk.pdf,,,,TIDAK_COCOK,downloads/Lampiran_Lampiran_20RPADK_20Country_20dan_20Transfer_20Risk.pdf
Surat_Edaran_OJK_9_2016.pdf,SEOJK,9,2016,COCOK,downloads/Surat_Edaran_OJK_9_2016.pdf
Peraturan_ADK_23_Tahun_2014_SISTEMATIKA_AKUN_OTORITAS_JASA_KEUANGAN.pdf,PADK,23,2014,TIDAK_COCOK,downloads/Peraturan_ADK_23_Tahun_2014_SISTEMATIKA_AKUN_OTORITAS_JASA_KEUANGAN.pdf
Surat_Edaran_OJK_31_2025.pdf,SEOJK,31,2025,COCOK,downloads/Surat_Edaran_OJK_31_2025.pdf
Peraturan_OJK_5_2020.pdf,POJK,5,2020,COCOK,downloads/Peraturan_OJK_5_2020.pdf
Peraturan_OJK_38_2019.pdf,POJK,38,2019,COCOK,downloads/Peraturan_OJK_38_2019.pdf
FAQ_20POJK_2048_20Tahun_202024_20Tata_20Kelola_20yang_20baik_20bagi_20Lembaga_20Pembiayaan_20Perusahaan_20Modal_20Ventura_20Lembaga_20Keuangan_20Mikro_20dan_20Lembaga_20Jasa_20Keuangan_20Lainnya.pdf,,48,2024,TIDAK_COCOK,downloads/FAQ_20POJK_2048_20Tahun_202024_20Tata_20Kelola_20yang_20baik_20bagi_20Lembaga_20Pembiayaan_20Perusahaan_20Modal_20Ventura_20Lembaga_20Keuangan_20Mikro_20dan_20Lembaga_20Jasa_20Keuangan_20Lainnya.pdf
Surat_Edaran_OJK_4_2015.pdf,SEOJK,4,2015,COCOK,downloads/Surat_Edaran_OJK_4_2015.pdf
Peraturan_OJK_25_2025.pdf,POJK,25,2025,COCOK,downloads/Peraturan_OJK_25_2025.pdf
SEOJK_2020-SEOJK08-2025_20Publikasi_20Penanganan_20Pengaduan_20dan_20Laporan_20Layanan_20Pengaduan.pdf,SEOJK,20,2025,COCOK,downloads/SEOJK_2020-SEOJK08-2025_20Publikasi_20Penanganan_20Pengaduan_20dan_20Laporan_20Layanan_20Pengaduan.pdf
Peraturan_ADK_1_Tahun_2019_PERUBAHAN_ATAS_PERATURAN_DEWAN_KOMISIONER_OTORITAS_JASA_KEUANGAN_NOMOR_3_PDK.02_2013_TENTANG_PELAKSANAAN_ANGGARAN_OTORITAS_JASA_KEUANGAN.pdf,PADK,1,2019,TIDAK_COCOK,downloads/Peraturan_ADK_1_Tahun_2019_PERUBAHAN_ATAS_PERATURAN_DEWAN_KOMISIONER_OTORITAS_JASA_KEUANGAN_NOMOR_3_PDK.02_2013_TENTANG_PELAKSANAAN_ANGGARAN_OTORITAS_JASA_KEUANGAN.pdf
Surat_Edaran_OJK_13_2019.pdf,SEOJK,13,2019,COCOK,downloads/Surat_Edaran_OJK_13_2019.pdf
POJK_2027_20Tahun_202024_20Penyelenggaraan_20Perdagangan_20Aset_20Keuangan_20Digital_20Termasuk_20Aset_20Kripto_20AKD_20AK.pdf,POJK,27,2024,COCOK,downloads/POJK_2027_20Tahun_202024_20Penyelenggaraan_20Perdagangan_20Aset_20Keuangan_20Digital_20Termasuk_20Aset_20Kripto_20AKD_20AK.pdf
Peraturan_OJK_38_2018.pdf,POJK,38,2018,COCOK,downloads/Peraturan_OJK_38_2018.pdf
Peraturan_ADK_28_2025.pdf,PADK,28,2025,TIDAK_COCOK,downloads/Peraturan_ADK_28_2025.pdf
Peraturan_OJK_63_2017.pdf,POJK,63,2017,COCOK,downloads/Peraturan_OJK_63_2017.pdf
Peraturan_ADK_24_Tahun_2105_PENUNJUKAN_PEJABAT_PELAKSANA_TUGAS_SETINGKAT_DIREKTUR_OTORITAS_JASA_KEUANGAN.pdf,PADK,24,2105,TIDAK_COCOK,downloads/Peraturan_ADK_24_Tahun_2105_PENUNJUKAN_PEJABAT_PELAKSANA_TUGAS_SETINGKAT_DIREKTUR_OTORITAS_JASA_KEUANGAN.pdf
Peraturan_OJK_34_2018.pdf,POJK,34,2018,COCOK,downloads/Peraturan_OJK_34_2018.pdf
Peraturan_OJK_40_2024.pdf,POJK,40,2024,COCOK,downloads/Peraturan_OJK_40_2024.pdf
Surat_Edaran_OJK_32_2017.pdf,SEOJK,32,2017,COCOK,downloads/Surat_Edaran_OJK_32_2017.pdf
Peraturan_OJK_13_2019.pdf,POJK,13,2019,COCOK,downloads/Peraturan_OJK_13_2019.pdf
Peraturan_OJK_16_2017.pdf,POJK,16,2017,COCOK,downloads/Peraturan_OJK_16_2017.pdf
Peraturan_ADK_2_Tahun_2025_PEMERIKSAAN_KHUSUS_DUGAAN_TINDAK_PIDANA_DI_SEKTOR_PERASURANSIAN_PENJAMINAN_DAN_DANA_PENSIUN.pdf,PADK,2,2025,TIDAK_COCOK,downloads/Peraturan_ADK_2_Tahun_2025_PEMERIKSAAN_KHUSUS_DUGAAN_TINDAK_PIDANA_DI_SEKTOR_PERASURANSIAN_PENJAMINAN_DAN_DANA_PENSIUN.pdf
Peraturan_ADK_21_Tahun_2011_PENGAWASAN_TERINTEGRASI_BERDASARKAN_RISIKO_TERHADAP_KONGLOMERASI_KEUANGAN.pdf,PADK,21,2011,TIDAK_COCOK,downloads/Peraturan_ADK_21_Tahun_2011_PENGAWASAN_TERINTEGRASI_BERDASARKAN_RISIKO_TERHADAP_KONGLOMERASI_KEUANGAN.pdf
FAQ_20SEOJK_2011-SEOJK.01-2024_20Pelaporan_20dan_20Permintaan_20Informasi_20Debitur_20Melalui_20Sistem_20Layanan_20Informasi_20Keuangan.pdf,,11,2024,TIDAK_COCOK,downloads/FAQ_20SEOJK_2011-SEOJK.01-2024_20Pelaporan_20dan_20Permintaan_20Informasi_20Debitur_20Melalui_20Sistem_20Layanan_20Informasi_20Keuangan.pdf
Peraturan_ADK_23_Tahun_2013_PERUBAHAN_KETIGA_ATAS_KEPUTUSAN_DEWAN_KOMISIONER_OTORITAS_JASA_KEUANGAN_NOMOR_01_15_KDK_XII_2012_TENTANG_PENDELEGASIAN_WEWENANG_DEWAN_KOMISIONER_OTORITAS_JASA_KEUANGAN.pdf,PADK,23,2013,TIDAK_COCOK,downloads/Peraturan_ADK_23_Tahun_2013_PERUBAHAN_KETIGA_ATAS_KEPUTUSAN_DEWAN_KOMISIONER_OTORITAS_JASA_KEUANGAN_NOMOR_01_15_KDK_XII_2012_TENTANG_PENDELEGASIAN_WEWENANG_DEWAN_KOMISIONER_OTORITAS_JASA_KEUANGAN.pdf
Surat_Edaran_OJK_21_2025.pdf,SEOJK,21,2025,COCOK,downloads/Surat_Edaran_OJK_21_2025.pdf
Surat_Edaran_OJK_35_2017.pdf,SEOJK,35,2017,COCOK,downloads/Surat_Edaran_OJK_35_2017.pdf
Tahun.pdf,,,,TIDAK_COCOK,downloads/Tahun.pdf
Peraturan_ADK_6_Tahun_2017_PEDOMAN_SISTEM_INFORMASI_PERBANKAN_BAGI_BANK_UMUM.pdf,PADK,6,2017,TIDAK_COCOK,downloads/Peraturan_ADK_6_Tahun_2017_PEDOMAN_SISTEM_INFORMASI_PERBANKAN_BAGI_BANK_UMUM.pdf
Peraturan_OJK_35_2014.pdf,POJK,35,2014,COCOK,downloads/Peraturan_OJK_35_2014.pdf
Peraturan_OJK_46_2024.pdf,POJK,46,2024,COCOK,downloads/Peraturan_OJK_46_2024.pdf
Peraturan_ADK_5_Tahun_2014_TATA_CARA_REVISI_ANGGARAN_PENGELUARAN_OTORITAS_JASA_KEUANGAN.pdf,PADK,5,2014,TIDAK_COCOK,downloads/Peraturan_ADK_5_Tahun_2014_TATA_CARA_REVISI_ANGGARAN_PENGELUARAN_OTORITAS_JASA_KEUANGAN.pdf
Peraturan_ADK_47_2025.pdf,PADK,47,2025,TIDAK_COCOK,downloads/Peraturan_ADK_47_2025.pdf
FAQ_20SEOJK_2014-SEOJK.03.2025_20Penerapan_20Tata_20Kelola_20Bagi_20Bank_20Umum.pdf,,14,2025,TIDAK_COCOK,downloads/FAQ_20SEOJK_2014-SEOJK.03.2025_20Penerapan_20Tata_20Kelola_20Bagi_20Bank_20Umum.pdf
Peraturan_OJK_19_2014.pdf,POJK,19,2014,COCOK,downloads/Peraturan_OJK_19_2014.pdf
Peraturan_ADK_5_Tahun_2020_PERUBAHAN_SURAT_EDARAN_DEWAN_KOMISIONER_OTORITAS_JASA_KEUANGAN_NOMOR_3_SEDK.05_2020_TENTANG_PEDOMAN_PENETAPAN_LEMBAGA_JASA_KEUANGAN_NONBANK_UTAMA.pdf,PADK,5,2020,TIDAK_COCOK,downloads/Peraturan_ADK_5_Tahun_2020_PERUBAHAN_SURAT_EDARAN_DEWAN_KOMISIONER_OTORITAS_JASA_KEUANGAN_NOMOR_3_SEDK.05_2020_TENTANG_PEDOMAN_PENETAPAN_LEMBAGA_JASA_KEUANGAN_NONBANK_UTAMA.pdf
Peraturan_OJK_30_2020.pdf,POJK,30,2020,COCOK,downloads/Peraturan_OJK_30_2020.pdf
SEOJK_2016-SEOJK.03-2024_20Pelaporan_20Melalui_20Sistem_20Pelaporan_20Otoritas_20Jasa_20Keuangan_20dan_20Transparansi_20Kondisi_20Keuangan_20bagi_20Bank_20Perekonomian_20Rakyat.pdf,SEOJK,16,2024,COCOK,downloads/SEOJK_2016-SEOJK.03-2024_20Pelaporan_20Melalui_20Sistem_20Pelaporan_20Otoritas_20Jasa_20Keuangan_20dan_20Transparansi_20Kondisi_20Keuangan_20bagi_20Bank_20Perekonomian_20Rakyat.pdf
Peraturan_OJK_55_2017.pdf,POJK,55,2017,COCOK,downloads/Peraturan_OJK_55_2017.pdf
Peraturan_OJK_28_2018.pdf,POJK,28,2018,COCOK,downloads/Peraturan_OJK_28_2018.pdf
Peraturan_OJK_14_2021.pdf,POJK,14,2021,COCOK,downloads/Peraturan_OJK_14_2021.pdf
Surat_Edaran_OJK_36_2017.pdf,SEOJK,36,2017,COCOK,downloads/Surat_Edaran_OJK_36_2017.pdf
Peraturan_ADK_2_Tahun_2014_PENGAWASAN_LEMBAGA_JASA_KEUANGAN_NON-BANK_BERBASIS_RISIKO.pdf,PADK,2,2014,TIDAK_COCOK,downloads/Peraturan_ADK_2_Tahun_2014_PENGAWASAN_LEMBAGA_JASA_KEUANGAN_NON-BANK_BERBASIS_RISIKO.pdf
POJK_2048_20Tahun_202024_20Tata_20Kelola_20yang_20baik_20bagi_20Lembaga_20Pembiayaan_20Perusahaan_20Modal_20Ventura_20Lembaga_20Keuangan_20Mikro_20dan_20Lembaga_20Jasa_20Keuangan_20Lainnya.pdf,POJK,48,2024,COCOK,downloads/POJK_2048_20Tahun_202024_20Tata_20Kelola_20yang_20baik_20bagi_20Lembaga_20Pembiayaan_20Perusahaan_20Modal_20Ventura_20Lembaga_20Keuangan_20Mikro_20dan_20Lembaga_20Jasa_20Keuangan_20Lainnya.pdf
Peraturan_OJK_7_1992.pdf,POJK,7,1992,TIDAK_COCOK,downloads/Peraturan_OJK_7_1992.pdf
Surat_Edaran_OJK_29_2017.pdf,SEOJK,29,2017,COCOK,downloads/Surat_Edaran_OJK_29_2017.pdf
Peraturan_ADK_8_Tahun_2021_PEDOMAN_PENGAWASAN_PERUSAHAAN_ASURANSI_PERUSAHAAN_ASURANSI_SYARIAH_PERUSAHAAN_REASURANSI_DAN_PERUSAHAAN_REASURANSI_SYARIAH_BERBASIS_RISIKO.pdf,PADK,8,2021,TIDAK_COCOK,downloads/Peraturan_ADK_8_Tahun_2021_PEDOMAN_PENGAWASAN_PERUSAHAAN_ASURANSI_PERUSAHAAN_ASURANSI_SYARIAH_PERUSAHAAN_REASURANSI_DAN_PERUSAHAAN_REASURANSI_SYARIAH_BERBASIS_RISIKO.pdf
Surat_Edaran_OJK_1_2023.pdf,SEOJK,1,2023,COCOK,downloads/Surat_Edaran_OJK_1_2023.pdf
Peraturan_ADK_1_Tahun_2016_PENGAWASAN_BANK_PERKREDITAN_RAKYAT_DAN_BANK_PEMBIAYAAN_RAKYAT_SYARIAH_BERDASARKAN_RISIKO.pdf,PADK,1,2016,TIDAK_COCOK,downloads/Peraturan_ADK_1_Tahun_2016_PENGAWASAN_BANK_PERKREDITAN_RAKYAT_DAN_BANK_PEMBIAYAAN_RAKYAT_SYARIAH_BERDASARKAN_RISIKO.pdf
Peraturan_ADK_13_Tahun_2018_PEDOMAN_PEMERIKSAAN_BERDASARKAN_RISIKO_UNTUK_PEMERIKSAAN_RISIKO_INVESTASI.pdf,PADK,13,2018,TIDAK_COCOK,downloads/Peraturan_ADK_13_Tahun_2018_PEDOMAN_PEMERIKSAAN_BERDASARKAN_RISIKO_UNTUK_PEMERIKSAAN_RISIKO_INVESTASI.pdf
Peraturan_ADK_16_Tahun_2015_PERUBAHAN_ATAS_SURAT_EDARAN_DEWAN_KOMISIONER_OTORITAS_JASA_KEUANGAN_NOMOR_10_SEDK.02_2014_TENTANG_PENGELOLAAN_TENAGA_KERJA_PERJANJIAN_KERJA_WAKTU_TERTENTU.pdf,PADK,16,2015,TIDAK_COCOK,downloads/Peraturan_ADK_16_Tahun_2015_PERUBAHAN_ATAS_SURAT_EDARAN_DEWAN_KOMISIONER_OTORITAS_JASA_KEUANGAN_NOMOR_10_SEDK.02_2014_TENTANG_PENGELOLAAN_TENAGA_KERJA_PERJANJIAN_KERJA_WAKTU_TERTENTU.pdf
Peraturan_ADK_1_Tahun_2013_PENGHASILAN_PEGAWAI_OTORITAS_JASA_KEUANGAN.pdf,PADK,1,2013,TIDAK_COCOK,downloads/Peraturan_ADK_1_Tahun_2013_PENGHASILAN_PEGAWAI_OTORITAS_JASA_KEUANGAN.pdf
Peraturan_OJK_40_2015.pdf,POJK,40,2015,COCOK,downloads/Peraturan_OJK_40_2015.pdf
Peraturan_ADK_3_Tahun_2025_PEDOMAN_PENGAWASAN_TERKAIT_PERINTAH_TERTULIS_DI_SEKTOR_PERBANKAN.pdf,PADK,3,2025,TIDAK_COCOK,downloads/Peraturan_ADK_3_Tahun_2025_PEDOMAN_PENGAWASAN_TERKAIT_PERINTAH_TERTULIS_DI_SEKTOR_PERBANKAN.pdf
Peraturan_ADK_10_Tahun_2016_TATA_CARA_PERJALANAN_PINDAH_PEGAWAI_OTORITAS_JASA_KEUANGAN.pdf,PADK,10,2016,TIDAK_COCOK,downloads/Peraturan_ADK_10_Tahun_2016_TATA_CARA_PERJALANAN_PINDAH_PEGAWAI_OTORITAS_JASA_KEUANGAN.pdf
Surat_Edaran_OJK_19_2014.pdf,SEOJK,19,2014,COCOK,downloads/Surat_Edaran_OJK_19_2014.pdf
Peraturan_OJK_60_2020.pdf,POJK,60,2020,COCOK,downloads/Peraturan_OJK_60_2020.pdf
Peraturan_ADK_9_Tahun_2018_PERUBAHAN_KEDUA_SURAT_EDARAN_DEWAN_KOMISIONER_OTORITAS_JASA_KEUANGAN_NOMOR_25_SEDK.02_2014_TENTANG_PEDOMAN_PENGELOLAAN_ARSIP_DI_LINGKUNGAN_OTORITAS_JASA_KEUANGAN.pdf,PADK,9,2018,TIDAK_COCOK,downloads/Peraturan_ADK_9_Tahun_2018_PERUBAHAN_KEDUA_SURAT_EDARAN_DEWAN_KOMISIONER_OTORITAS_JASA_KEUANGAN_NOMOR_25_SEDK.02_2014_TENTANG_PEDOMAN_PENGELOLAAN_ARSIP_DI_LINGKUNGAN_OTORITAS_JASA_KEUANGAN.pdf
Abstrak_20SEOJK_2027-SEOJK03-2025_20Lembaga_20Pemeringkat_20dan_20Peringkat_20yang_20Diakui_20Otoritas_20Jasa_20Keuangan.pdf,,27,2025,TIDAK_COCOK,downloads/Abstrak_20SEOJK_2027-SEOJK03-2025_20Lembaga_20Pemeringkat_20dan_20Peringkat_20yang_20Diakui_20Otoritas_20Jasa_20Keuangan.pdf
Abstrak_20POJK_2023_20Tahun_202025_20Perubahan_20Atas_20Peraturan_20Otoritas_20Jasa_20Keuangan_20Nomor_2027_20Tahun_202024_20tentang_20Penyelenggaraan_20Perdagangan_20Aset_20Keuangan_20Digital_20Termasuk_20Aset_20Kripto.pdf,POJK,23,2025,COCOK,downloads/Abstrak_20POJK_2023_20Tahun_202025_20Perubahan_20Atas_20Peraturan_20Otoritas_20Jasa_20Keuangan_20Nomor_2027_20Tahun_202024_20tentang_20Penyelenggaraan_20Perdagangan_20Aset_20Keuangan_20Digital_20Termasuk_20Aset_20Kripto.pdf
Surat_Edaran_OJK_16_2014.pdf,SEOJK,16,2014,COCOK,downloads/Surat_Edaran_OJK_16_2014.pdf
Peraturan_OJK_75_2016.pdf,POJK,75,2016,COCOK,downloads/Peraturan_OJK_75_2016.pdf
Peraturan_ADK_4_Tahun_2016_PERUBAHAN_ATAS_SURAT_EDARAN_DEWAN_KOMISIONER_OTORITAS_JASA_KEUANGAN_NOMOR_22_SEDK.02_2014_TENTANG_PEDOMAN_AKUNTANSI_OTORITAS_JASA_KEUANGAN.pdf,PADK,4,2016,TIDAK_COCOK,downloads/Peraturan_ADK_4_Tahun_2016_PERUBAHAN_ATAS_SURAT_EDARAN_DEWAN_KOMISIONER_OTORITAS_JASA_KEUANGAN_NOMOR_22_SEDK.02_2014_TENTANG_PEDOMAN_AKUNTANSI_OTORITAS_JASA_KEUANGAN.pdf
Peraturan_ADK_43_Tahun_2013_PERUBAHAN_KEDUA_ATAS_KEPUTUSAN_DEWAN_KOMISIONER_NOMOR_15_KDK.02_2013_TENTANG_PEMBENTUKAN_KOMITE_ETIK_DI_OTORITAS_JASA_KEUANGAN.pdf,PADK,43,2013,TIDAK_COCOK,downloads/Peraturan_ADK_43_Tahun_2013_PERUBAHAN_KEDUA_ATAS_KEPUTUSAN_DEWAN_KOMISIONER_NOMOR_15_KDK.02_2013_TENTANG_PEMBENTUKAN_KOMITE_ETIK_DI_OTORITAS_JASA_KEUANGAN.pdf
Surat_Edaran_OJK_53_2017.pdf,SEOJK,53,2017,COCOK,downloads/Surat_Edaran_OJK_53_2017.pdf
Surat_Edaran_OJK_2_2019.pdf,SEOJK,2,2019,COCOK,downloads/Surat_Edaran_OJK_2_2019.pdf
Peraturan_ADK_1_Tahun_2015_TATA_KELOLA_YANG_BAIK_DI_OTORITAS_JASA_KEUANGAN.pdf,PADK,1,2015,TIDAK_COCOK,downloads/Peraturan_ADK_1_Tahun_2015_TATA_KELOLA_YANG_BAIK_DI_OTORITAS_JASA_KEUANGAN.pdf
Peraturan_ADK_1_Tahun_2015_TATA_KELOLA_SISTEM_MANAJEMEN_ANTI_PENYUAPAN_DI_OTORITAS_JASA_KEUANGAN_ANGGOTA_DEWAN_KOMISIONER_OTORITAS_JASA_KEUANGAN.pdf,PADK,1,2015,TIDAK_COCOK,downloads/Peraturan_ADK_1_Tahun_2015_TATA_KELOLA_SISTEM_MANAJEMEN_ANTI_PENYUAPAN_DI_OTORITAS_JASA_KEUANGAN_ANGGOTA_DEWAN_KOMISIONER_OTORITAS_JASA_KEUANGAN.pdf
Abstrak_20SEOJK_2013-SEOJK.08-2024_20Penyusunan_20dan_20Penyampaian_20Laporan_20Rencana_20dan_20Laporan_20Realisasi_20Literasi_20Keuangan_20dan_20Inklusi_20Keuangan.pdf,,13,2024,TIDAK_COCOK,downloads/Abstrak_20SEOJK_2013-SEOJK.08-2024_20Penyusunan_20dan_20Penyampaian_20Laporan_20Rencana_20dan_20Laporan_20Realisasi_20Literasi_20Keuangan_20dan_20Inklusi_20Keuangan.pdf
Peraturan_ADK_4_Tahun_2021_Pedoman_Pelaksanaan_Pengendalian_Kualitas_Quality_Assurance_Dalam_Rangka_Pengawasan_Lembaga_Jasa_Keuangan_Nonbank_Berbasis_Risiko_Melalui_Forum_Panel_Pengawasan_Berbasis_Risiko.pdf,PADK,4,2021,TIDAK_COCOK,downloads/Peraturan_ADK_4_Tahun_2021_Pedoman_Pelaksanaan_Pengendalian_Kualitas_Quality_Assurance_Dalam_Rangka_Pengawasan_Lembaga_Jasa_Keuangan_Nonbank_Berbasis_Risiko_Melalui_Forum_Panel_Pengawasan_Berbasis_Risiko.pdf
Peraturan_OJK_71_2017.pdf,POJK,71,2017,COCOK,downloads/Peraturan_OJK_71_2017.pdf
Peraturan_ADK_1_Tahun_2025_PEDOMAN_AUDIT_KHUSUS_DI_OTORITAS_JASA_KEUANGAN.pdf,PADK,1,2025,TIDAK_COCOK,downloads/Peraturan_ADK_1_Tahun_2025_PEDOMAN_AUDIT_KHUSUS_DI_OTORITAS_JASA_KEUANGAN.pdf
Peraturan_OJK_7_2017.pdf,POJK,7,2017,COCOK,downloads/Peraturan_OJK_7_2017.pdf
Surat_Edaran_OJK_47_2016.pdf,SEOJK,47,2016,COCOK,downloads/Surat_Edaran_OJK_47_2016.pdf
POJK_2017_20Tahun_202025_20Penawaran_20Efek_20Melalui_20Layanan_20Urun_20Dana_20Berbasis_20Teknologi_20Informasi.pdf,POJK,17,2025,COCOK,downloads/POJK_2017_20Tahun_202025_20Penawaran_20Efek_20Melalui_20Layanan_20Urun_20Dana_20Berbasis_20Teknologi_20Informasi.pdf
a162e053-2c63-2b32-1104-1864a3e4bff7.pdf,,1104,,TIDAK_COCOK,downloads/a162e053-2c63-2b32-1104-1864a3e4bff7.pdf
POJK_2046_20Tahun_202024_20Pengembangan_20dan_20Penguatan_20Perusahaan_20Pembiayaan_20Perusahaan_20Pembiayaan_20Infrastruktur_20dan_20Perusahaan_20Modal_20Ventura.pdf,POJK,46,2024,COCOK,downloads/POJK_2046_20Tahun_202024_20Pengembangan_20dan_20Penguatan_20Perusahaan_20Pembiayaan_20Perusahaan_20Pembiayaan_20Infrastruktur_20dan_20Perusahaan_20Modal_20Ventura.pdf
POJK_2016_20Tahun_202025_20Penilaian_20Kemampuan_20dan_20Kepatutan_20serta_20Penilaian_20Kembali_20bagi_20Pihak_20Utama_20di_20Sektor_20ITSK_20AKD.pdf,POJK,16,2025,COCOK,downloads/POJK_2016_20Tahun_202025_20Penilaian_20Kemampuan_20dan_20Kepatutan_20serta_20Penilaian_20Kembali_20bagi_20Pihak_20Utama_20di_20Sektor_20ITSK_20AKD.pdf
Surat_Edaran_OJK_21_2015.pdf,SEOJK,21,2015,COCOK,downloads/Surat_Edaran_OJK_21_2015.pdf
Peraturan_ADK_8_Tahun_2017_TUNJANGAN_PENDUKUNG_OPERASIONAL_TUNJANGAN_FASILITAS_ASURANSI_DAN_PESANGON_PEGAWAI_DAN_PENSIUNAN_OTORITAS_JASA_KEUANGAN.pdf,PADK,8,2017,TIDAK_COCOK,downloads/Peraturan_ADK_8_Tahun_2017_TUNJANGAN_PENDUKUNG_OPERASIONAL_TUNJANGAN_FASILITAS_ASURANSI_DAN_PESANGON_PEGAWAI_DAN_PENSIUNAN_OTORITAS_JASA_KEUANGAN.pdf
Peraturan_ADK_3_Tahun_2017_PERUBAHAN_KETIGA_ATAS_PERATURAN_DEWAN_KOMISIONER_OTORITAS_JASA_KEUANGAN_NOMOR_01_16_PDK_XII_2012_TENTANG_PELAKSANAAN_TUGAS_DAN_WEWENANG_DEWAN_KOMISIONER_OTORITAS_JASA_KEUANGAN.pdf,PADK,3,2017,TIDAK_COCOK,downloads/Peraturan_ADK_3_Tahun_2017_PERUBAHAN_KETIGA_ATAS_PERATURAN_DEWAN_KOMISIONER_OTORITAS_JASA_KEUANGAN_NOMOR_01_16_PDK_XII_2012_TENTANG_PELAKSANAAN_TUGAS_DAN_WEWENANG_DEWAN_KOMISIONER_OTORITAS_JASA_KEUANGAN.pdf
FAQ_20SEOJK_2033-SEOJK03-2025_20Pelaporan_20Bank_20Umum_20Syariah_20dan_20Unit_20Usaha_20Syariah_20melalui_20Sistem_20Pelaporan_20Otoritas_20Jasa_20Keuangan.pdf,,33,2025,TIDAK_COCOK,downloads/FAQ_20SEOJK_2033-SEOJK03-2025_20Pelaporan_20Bank_20Umum_20Syariah_20dan_20Unit_20Usaha_20Syariah_20melalui_20Sistem_20Pelaporan_20Otoritas_20Jasa_20Keuangan.pdf
Surat_Edaran_OJK_43_2017.pdf,SEOJK,43,2017,COCOK,downloads/Surat_Edaran_OJK_43_2017.pdf
Peraturan_ADK_24_Tahun_2105_PENETAPAN_PEGAWAI_MUTASI_DI_LEVEL_JABATAN_SETINGKAT_DEPUTI_KOMISIONER_DI_LINGKUNGAN_OTORITAS_JASA_KEUANGAN.pdf,PADK,24,2105,TIDAK_COCOK,downloads/Peraturan_ADK_24_Tahun_2105_PENETAPAN_PEGAWAI_MUTASI_DI_LEVEL_JABATAN_SETINGKAT_DEPUTI_KOMISIONER_DI_LINGKUNGAN_OTORITAS_JASA_KEUANGAN.pdf
Peraturan_ADK_1_Tahun_2015_FORMAT_SAMPUL_LAPORAN_HASIL_PEMERIKSAAN_TERHADAP_BANK.pdf,PADK,1,2015,TIDAK_COCOK,downloads/Peraturan_ADK_1_Tahun_2015_FORMAT_SAMPUL_LAPORAN_HASIL_PEMERIKSAAN_TERHADAP_BANK.pdf
Peraturan_ADK_3_Tahun_2023_PEDOMAN_PENGAWASAN_BANK_BERDASARKAN_RISIKO_UNTUK_TAHAPAN_PERENCANAAN_PENGAWASAN_SUPERVISORY_PLAN.pdf,PADK,3,2023,TIDAK_COCOK,downloads/Peraturan_ADK_3_Tahun_2023_PEDOMAN_PENGAWASAN_BANK_BERDASARKAN_RISIKO_UNTUK_TAHAPAN_PERENCANAAN_PENGAWASAN_SUPERVISORY_PLAN.pdf
Peraturan_ADK_18_Tahun_2017_PEDOMAN_PELAKSANAAN_PELAPORAN_DAN_PERMINTAAN_INFORMASI_DEBITUR_MELALUI_SISTEM_LAYANAN_INFORMASI_KEUANGAN.pdf,PADK,18,2017,TIDAK_COCOK,downloads/Peraturan_ADK_18_Tahun_2017_PEDOMAN_PELAKSANAAN_PELAPORAN_DAN_PERMINTAAN_INFORMASI_DEBITUR_MELALUI_SISTEM_LAYANAN_INFORMASI_KEUANGAN.pdf
Peraturan_ADK_2_Tahun_2016_PROSEDUR_BANTUAN_DANA_OPERASIONAL_KEPADA_LEMBAGA_ALTERNATIF_PENYELESAIAN_SENGKETA_DI_SEKTOR_JASA_KEUANGAN.pdf,PADK,2,2016,TIDAK_COCOK,downloads/Peraturan_ADK_2_Tahun_2016_PROSEDUR_BANTUAN_DANA_OPERASIONAL_KEPADA_LEMBAGA_ALTERNATIF_PENYELESAIAN_SENGKETA_DI_SEKTOR_JASA_KEUANGAN.pdf
Surat_Edaran_OJK_1_2019.pdf,SEOJK,1,2019,COCOK,downloads/Surat_Edaran_OJK_1_2019.pdf
Tahun_PENETAPAN_SANKSI_PEGAWAI_OTORITAS_JASA_KEUANGAN.pdf,,,,TIDAK_COCOK,downloads/Tahun_PENETAPAN_SANKSI_PEGAWAI_OTORITAS_JASA_KEUANGAN.pdf
Undang-Undang_1_2016.pdf,UU,1,2016,COCOK,downloads/Undang-Undang_1_2016.pdf
Peraturan_ADK_1_Tahun_2013_PERUBAHAN_ATAS_KEPUTUSAN_DEWAN_KOMISIONER_OTORITAS_JASA_KEUANGAN_NOMOR_26_KDK.01_2020_TENTANG_RENCANA_KERJA_DAN_ANGGARAN_OTORITAS_JASA_KEUANGAN_TAHUN_ANGGARAN_2021.pdf,PADK,1,2013,TIDAK_COCOK,downloads/Peraturan_ADK_1_Tahun_2013_PERUBAHAN_ATAS_KEPUTUSAN_DEWAN_KOMISIONER_OTORITAS_JASA_KEUANGAN_NOMOR_26_KDK.01_2020_TENTANG_RENCANA_KERJA_DAN_ANGGARAN_OTORITAS_JASA_KEUANGAN_TAHUN_ANGGARAN_2021.pdf
Peraturan_OJK_50_2017.pdf,POJK,50,2017,COCOK,downloads/Peraturan_OJK_50_2017.pdf
FAQ_20POJK_204_20TAHUN_202024_20Laporan_20Kepemilikan_20atau_20Setiap_20Perubahan_20Kepem.pdf,,4,2024,TIDAK_COCOK,downloads/FAQ_20POJK_204_20TAHUN_202024_20Laporan_20Kepemilikan_20atau_20Setiap_20Perubahan_20Kepem.pdf
Peraturan_OJK_68_2016.pdf,POJK,68,2016,COCOK,downloads/Peraturan_OJK_68_2016.pdf
FAQ_20POJK_203_20Tahun_202024_20Penyelenggaraan_20Inovasi_20Teknologi_20Sektor_20Keuangan.pdf,,3,2024,TIDAK_COCOK,downloads/FAQ_20POJK_203_20Tahun_202024_20Penyelenggaraan_20Inovasi_20Teknologi_20Sektor_20Keuangan.pdf
Peraturan_ADK_5_Tahun_2016_KERTAS_KERJA_PEMERIKSAAN_BADAN_KREDIT_DESA.pdf,PADK,5,2016,TIDAK_COCOK,downloads/Peraturan_ADK_5_Tahun_2016_KERTAS_KERJA_PEMERIKSAAN_BADAN_KREDIT_DESA.pdf
Peraturan_ADK_21_Tahun_2011_STANDAR_PENGENDALIAN_KUALITAS_OTORITAS_JASA_KEUANGAN.pdf,PADK,21,2011,TIDAK_COCOK,downloads/Peraturan_ADK_21_Tahun_2011_STANDAR_PENGENDALIAN_KUALITAS_OTORITAS_JASA_KEUANGAN.pdf
SEOJK_209-SEOJK03-2025_20Penerapan_20Fungsi_20Audit_20Intern_20Bagi_20Bank_20Perekonomian_20Rakyat_20dan_20Bank_20Perekonomian_20Rakyat_20Syariah.pdf,SEOJK,9,2025,COCOK,downloads/SEOJK_209-SEOJK03-2025_20Penerapan_20Fungsi_20Audit_20Intern_20Bagi_20Bank_20Perekonomian_20Rakyat_20dan_20Bank_20Perekonomian_20Rakyat_20Syariah.pdf
Peraturan_ADK_4_Tahun_2022_PERUBAHAN_KEDUA_ATAS_SURAT_EDARAN_DEWAN_KOMISIONER_OTORITAS_JASA_KEUANGAN_NOMOR_2_SEDK.01_2020_TENTANG_NAMA_SATUAN_KERJA_UNIT_KERJA_DAN_JABATAN_DI_OTORITAS_JASA_KEUANGAN_DALAM_BAHASA_INGGRIS.pdf,PADK,4,2022,TIDAK_COCOK,downloads/Peraturan_ADK_4_Tahun_2022_PERUBAHAN_KEDUA_ATAS_SURAT_EDARAN_DEWAN_KOMISIONER_OTORITAS_JASA_KEUANGAN_NOMOR_2_SEDK.01_2020_TENTANG_NAMA_SATUAN_KERJA_UNIT_KERJA_DAN_JABATAN_DI_OTORITAS_JASA_KEUANGAN_DALAM_BAHASA_INGGRIS.pdf
Peraturan_ADK_25_Tahun_2023_PEDOMAN_POLA_BARU_BEKERJA_SECARA_FLEKSIBEL_FLEXIBLE_WORKING_ARRANGEMENT_BAGI_PEGAWAI_DI_LINGKUNGAN_OTORITAS_JASA_KEUANGAN.pdf,PADK,25,2023,TIDAK_COCOK,downloads/Peraturan_ADK_25_Tahun_2023_PEDOMAN_POLA_BARU_BEKERJA_SECARA_FLEKSIBEL_FLEXIBLE_WORKING_ARRANGEMENT_BAGI_PEGAWAI_DI_LINGKUNGAN_OTORITAS_JASA_KEUANGAN.pdf
FAQ_20POJK_2032_20Tahun_202025_20Penyelenggaraan_20Beli_20Sekarang_20Bayar_20Nanti_20BNPL.pdf,,32,2025,TIDAK_COCOK,downloads/FAQ_20POJK_2032_20Tahun_202025_20Penyelenggaraan_20Beli_20Sekarang_20Bayar_20Nanti_20BNPL.pdf
Peraturan_ADK_2_Tahun_2022_PENGELOLAAN_SISTEM_PELAPORAN_PELANGGARAN_DI_OTORITAS_JASA_KEUANGAN.pdf,PADK,2,2022,TIDAK_COCOK,downloads/Peraturan_ADK_2_Tahun_2022_PENGELOLAAN_SISTEM_PELAPORAN_PELANGGARAN_DI_OTORITAS_JASA_KEUANGAN.pdf
Surat_Edaran_OJK_2_2018.pdf,SEOJK,2,2018,COCOK,downloads/Surat_Edaran_OJK_2_2018.pdf
Surat_Edaran_OJK_8_2023.pdf,SEOJK,8,2023,COCOK,downloads/Surat_Edaran_OJK_8_2023.pdf
Peraturan_OJK_25_2022.pdf,POJK,25,2022,COCOK,downloads/Peraturan_OJK_25_2022.pdf
Peraturan_ADK_2_Tahun_2016_PERUBAHAN_ATAS_PERATURAN_DEWAN_KOMISIONER_OTORITAS_JASA_KEUANGAN_NOMOR_1_PDK.03_2013_TENTANG_PENGAWASAN_TERINTEGRASI_BERDASARKAN_RISIKO_TERHADAP_KONGLOMERASI_KEUANGAN.pdf,PADK,2,2016,TIDAK_COCOK,downloads/Peraturan_ADK_2_Tahun_2016_PERUBAHAN_ATAS_PERATURAN_DEWAN_KOMISIONER_OTORITAS_JASA_KEUANGAN_NOMOR_1_PDK.03_2013_TENTANG_PENGAWASAN_TERINTEGRASI_BERDASARKAN_RISIKO_TERHADAP_KONGLOMERASI_KEUANGAN.pdf
Peraturan_ADK_8_Tahun_2017_SISTEM_REMUNERASI_PEGAWAI_OTORITAS_JASA_KEUANGAN.pdf,PADK,8,2017,TIDAK_COCOK,downloads/Peraturan_ADK_8_Tahun_2017_SISTEM_REMUNERASI_PEGAWAI_OTORITAS_JASA_KEUANGAN.pdf
Abstrak_20POJK_206_20Tahun_202026_20Perilaku_20Penyampai_20Informasi_20Sektor_20Jasa_20Keuangan.pdf,,6,2026,TIDAK_COCOK,downloads/Abstrak_20POJK_206_20Tahun_202026_20Perilaku_20Penyampai_20Informasi_20Sektor_20Jasa_20Keuangan.pdf
Surat_Edaran_OJK_17_2021.pdf,SEOJK,17,2021,COCOK,downloads/Surat_Edaran_OJK_17_2021.pdf
Surat_Edaran_OJK_14_2016.pdf,SEOJK,14,2016,COCOK,downloads/Surat_Edaran_OJK_14_2016.pdf
Peraturan_ADK_1_Tahun_2017_STANDAR_FASILITAS_DAN_PENGELOLAAN_KENDARAAN_DINAS_OPERASIONAL_BAGI_SATUAN_KERJA_OTORITAS_JASA_KEUANGAN.pdf,PADK,1,2017,TIDAK_COCOK,downloads/Peraturan_ADK_1_Tahun_2017_STANDAR_FASILITAS_DAN_PENGELOLAAN_KENDARAAN_DINAS_OPERASIONAL_BAGI_SATUAN_KERJA_OTORITAS_JASA_KEUANGAN.pdf
Peraturan_OJK_36_2016.pdf,POJK,36,2016,COCOK,downloads/Peraturan_OJK_36_2016.pdf
Surat_Edaran_OJK_9_2021.pdf,SEOJK,9,2021,COCOK,downloads/Surat_Edaran_OJK_9_2021.pdf
Peraturan_ADK_5_Tahun_2017_PEDOMAN_PENILAIAN_TINGKAT_RISIKO_TINDAK_PIDANA_PENCUCIAN_UANG_DAN_TINDAK_PIDANA_PENDANAAN_TERORISME_BERDASARKAN_PENDEKATAN_BERBASIS_RISIKO_BAGI_BANK_UMUM.pdf,PADK,5,2017,TIDAK_COCOK,downloads/Peraturan_ADK_5_Tahun_2017_PEDOMAN_PENILAIAN_TINGKAT_RISIKO_TINDAK_PIDANA_PENCUCIAN_UANG_DAN_TINDAK_PIDANA_PENDANAAN_TERORISME_BERDASARKAN_PENDEKATAN_BERBASIS_RISIKO_BAGI_BANK_UMUM.pdf
Abstrak_20POJK_2025_20Tahun_202025_20Perubahan_20Atas_20Peraturan_20Otoritas_20Jasa_20Keuangan_20Nomor_2049_20Tahun_202024_20tentang_20Pengawasan_20Penetapan_20Status_20Pengawasan_20dan_20Tindak_20Lanjut_20Pengawasan_20PVML.pdf,POJK,25,2025,COCOK,downloads/Abstrak_20POJK_2025_20Tahun_202025_20Perubahan_20Atas_20Peraturan_20Otoritas_20Jasa_20Keuangan_20Nomor_2049_20Tahun_202024_20tentang_20Pengawasan_20Penetapan_20Status_20Pengawasan_20dan_20Tindak_20Lanjut_20Pengawasan_20PVML.pdf
Peraturan_OJK_32_2018.pdf,POJK,32,2018,COCOK,downloads/Peraturan_OJK_32_2018.pdf
Peraturan_Bank_Indonesia_21_2008.pdf,PBI,21,2008,TIDAK_COCOK,downloads/Peraturan_Bank_Indonesia_21_2008.pdf
Peraturan_OJK_27_2015.pdf,POJK,27,2015,COCOK,downloads/Peraturan_OJK_27_2015.pdf
Surat_Edaran_OJK_16_2015.pdf,SEOJK,16,2015,COCOK,downloads/Surat_Edaran_OJK_16_2015.pdf
FAQ_20SEOJK_2015-SEOJK.03-2024_20Penerapan_20Tata_20Kelola_20Syariah_20bagi_20Bank_20Umum_20Syariah_20dan_20Unit_20Usaha_20Syariah.pdf,,15,2024,TIDAK_COCOK,downloads/FAQ_20SEOJK_2015-SEOJK.03-2024_20Penerapan_20Tata_20Kelola_20Syariah_20bagi_20Bank_20Umum_20Syariah_20dan_20Unit_20Usaha_20Syariah.pdf
Peraturan_ADK_Tahun_PEDOMAN_MANAJEMEN_PEMERIKSAAN_BPJS_KESEHATAN.pdf,PADK,,,TIDAK_COCOK,downloads/Peraturan_ADK_Tahun_PEDOMAN_MANAJEMEN_PEMERIKSAAN_BPJS_KESEHATAN.pdf
Peraturan_ADK_2_Tahun_2024_PEDOMAN_PEMANFAATAN_SISTEM_INFORMASI_PELAKU_DI_LEMBAGA_JASA_KEUANGAN_TERINTEGRASI.pdf,PADK,2,2024,TIDAK_COCOK,downloads/Peraturan_ADK_2_Tahun_2024_PEDOMAN_PEMANFAATAN_SISTEM_INFORMASI_PELAKU_DI_LEMBAGA_JASA_KEUANGAN_TERINTEGRASI.pdf
Peraturan_ADK_26_Tahun_2017_SISTEM_PEMENUHAN_SUMBER_DAYA_MANUSIA_OTORITAS_JASA_KEUANGAN.pdf,PADK,26,2017,TIDAK_COCOK,downloads/Peraturan_ADK_26_Tahun_2017_SISTEM_PEMENUHAN_SUMBER_DAYA_MANUSIA_OTORITAS_JASA_KEUANGAN.pdf
Peraturan_OJK_26_2020.pdf,POJK,26,2020,COCOK,downloads/Peraturan_OJK_26_2020.pdf
Surat_Edaran_OJK_8_2017.pdf,SEOJK,8,2017,COCOK,downloads/Surat_Edaran_OJK_8_2017.pdf
Peraturan_OJK_76_2016.pdf,POJK,76,2016,COCOK,downloads/Peraturan_OJK_76_2016.pdf
Peraturan_OJK_40_2016.pdf,POJK,40,2016,COCOK,downloads/Peraturan_OJK_40_2016.pdf
Abstrak_20SEOJK_2016-SEOJK.03-2024_20Pelaporan_20Melalui_20Sistem_20Pelaporan_20Otoritas_20Jasa_20Keuangan_20dan_20Transparansi_20Kondisi_20Keuangan_20bagi_20Bank_20Perekonomian_20Rakyat.pdf,,16,2024,TIDAK_COCOK,downloads/Abstrak_20SEOJK_2016-SEOJK.03-2024_20Pelaporan_20Melalui_20Sistem_20Pelaporan_20Otoritas_20Jasa_20Keuangan_20dan_20Transparansi_20Kondisi_20Keuangan_20bagi_20Bank_20Perekonomian_20Rakyat.pdf
Peraturan_OJK_1_2015.pdf,POJK,1,2015,COCOK,downloads/Peraturan_OJK_1_2015.pdf
Peraturan_ADK_3_Tahun_2024_PEDOMAN_PENGENAAN_SANKSI_ADMINISTRATIF_DI_SEKTOR_JASA_KEUANGAN.pdf,PADK,3,2024,TIDAK_COCOK,downloads/Peraturan_ADK_3_Tahun_2024_PEDOMAN_PENGENAAN_SANKSI_ADMINISTRATIF_DI_SEKTOR_JASA_KEUANGAN.pdf
Peraturan_ADK_2_Tahun_2015_PEDOMAN_TEKNIS_TATA_CARA_PEMERIKSAAN_LANGSUNG_LEMBAGA_JASA_KEUANGAN_NON-BANK.pdf,PADK,2,2015,TIDAK_COCOK,downloads/Peraturan_ADK_2_Tahun_2015_PEDOMAN_TEKNIS_TATA_CARA_PEMERIKSAAN_LANGSUNG_LEMBAGA_JASA_KEUANGAN_NON-BANK.pdf
Surat_Edaran_OJK_13_2021.pdf,SEOJK,13,2021,COCOK,downloads/Surat_Edaran_OJK_13_2021.pdf
Peraturan_OJK_38_2014.pdf,POJK,38,2014,COCOK,downloads/Peraturan_OJK_38_2014.pdf
Peraturan_ADK_8_Tahun_2025_PENANGANAN_LAPORAN_PEMBERITAHUAN_ATAU_PENGADUAN_DUGAAN_TINDAK_PIDANA_DI_SEKTOR_JASA_KEUANGAN.pdf,PADK,8,2025,TIDAK_COCOK,downloads/Peraturan_ADK_8_Tahun_2025_PENANGANAN_LAPORAN_PEMBERITAHUAN_ATAU_PENGADUAN_DUGAAN_TINDAK_PIDANA_DI_SEKTOR_JASA_KEUANGAN.pdf
Peraturan_ADK_3_Tahun_2024_MEKANISME_KOORDINASI_PELINDUNGAN_KONSUMEN_DAN_MASYARAKAT_DI_SEKTOR_JASA_KEUANGAN.pdf,PADK,3,2024,TIDAK_COCOK,downloads/Peraturan_ADK_3_Tahun_2024_MEKANISME_KOORDINASI_PELINDUNGAN_KONSUMEN_DAN_MASYARAKAT_DI_SEKTOR_JASA_KEUANGAN.pdf
Peraturan_ADK_7_Tahun_2018_PEDOMAN_PENGELOLAAN_TENDER_MANAGEMENT_SYSTEM_OTORITAS_JASA_KEUANGAN.pdf,PADK,7,2018,TIDAK_COCOK,downloads/Peraturan_ADK_7_Tahun_2018_PEDOMAN_PENGELOLAAN_TENDER_MANAGEMENT_SYSTEM_OTORITAS_JASA_KEUANGAN.pdf
POJK_2020_20Tahun_202024_20Perubahan_20Atas_20POJK_2050POJK032017_20tentang_20Kewajiban_20Pemenuhan_20Net_20Stable_20Funding_20Ratio_20Bagi_20Bank_20Umum.pdf,POJK,20,2024,COCOK,downloads/POJK_2020_20Tahun_202024_20Perubahan_20Atas_20POJK_2050POJK032017_20tentang_20Kewajiban_20Pemenuhan_20Net_20Stable_20Funding_20Ratio_20Bagi_20Bank_20Umum.pdf
FAQ_20SEOJK_2019-SEOJK06-2025_20Penyelenggaraan_20Layanan_20Pendanaan_20Bersama_20Berbasis_20Teknologi_20Informasi.pdf,,19,2025,TIDAK_COCOK,downloads/FAQ_20SEOJK_2019-SEOJK06-2025_20Penyelenggaraan_20Layanan_20Pendanaan_20Bersama_20Berbasis_20Teknologi_20Informasi.pdf
Abstrak_20POJK_20Nomor_205_20Tahun_202024_20Penetapan_20Status_20Pengawasan_20dan_20Penanganan_20Permasalahan_20Bank_20Umum.pdf,,5,2024,TIDAK_COCOK,downloads/Abstrak_20POJK_20Nomor_205_20Tahun_202024_20Penetapan_20Status_20Pengawasan_20dan_20Penanganan_20Permasalahan_20Bank_20Umum.pdf
Peraturan_ADK_6_Tahun_2025_PERUBAHAN_ATAS_PERATURAN_DEWAN_KOMISIONER_OTORITAS_JASA_KEUANGAN_NOMOR_8_PDK.01_2017_TENTANG_TUNJANGAN_PENDUKUNG_OPERASIONAL_TUNJANGAN_FASILITAS_ASURANSI_DAN_PESANGON_BAGI_PEGAWAI_DAN_PENSIUNAN_OTORITAS_JASA_KEUANGAN.pdf,PADK,6,2025,TIDAK_COCOK,downloads/Peraturan_ADK_6_Tahun_2025_PERUBAHAN_ATAS_PERATURAN_DEWAN_KOMISIONER_OTORITAS_JASA_KEUANGAN_NOMOR_8_PDK.01_2017_TENTANG_TUNJANGAN_PENDUKUNG_OPERASIONAL_TUNJANGAN_FASILITAS_ASURANSI_DAN_PESANGON_BAGI_PEGAWAI_DAN_PENSIUNAN_OTORITAS_JASA_KEUANGAN.pdf
Surat_Edaran_OJK_27_2020.pdf,SEOJK,27,2020,COCOK,downloads/Surat_Edaran_OJK_27_2020.pdf
Surat_Edaran_OJK_13_2016.pdf,SEOJK,13,2016,COCOK,downloads/Surat_Edaran_OJK_13_2016.pdf
Peraturan_Bapepam_8_1995.pdf,,8,1995,TIDAK_COCOK,downloads/Peraturan_Bapepam_8_1995.pdf
Peraturan_OJK_8_2022.pdf,POJK,8,2022,COCOK,downloads/Peraturan_OJK_8_2022.pdf
Peraturan_ADK_Tahun_PERUBAHAN_ATAS_PERATURAN_DEWAN_KOMISIONER_OTORITAS_JASA_KEUANGAN_NOMOR_01_13_PDK_XII_2012_TENTANG_STANDAR_DAN_KEBIJAKAN_AKUNTANSI_OTORITAS_JASA_KEUANGAN.pdf,PADK,1,2012,TIDAK_COCOK,downloads/Peraturan_ADK_Tahun_PERUBAHAN_ATAS_PERATURAN_DEWAN_KOMISIONER_OTORITAS_JASA_KEUANGAN_NOMOR_01_13_PDK_XII_2012_TENTANG_STANDAR_DAN_KEBIJAKAN_AKUNTANSI_OTORITAS_JASA_KEUANGAN.pdf
Abstrak_20SEOJK_2012-SEOJK05-2025_20Sertifikasi_20Kompetensi_20Kerja_20bagi_20PPDP.pdf,,12,2025,TIDAK_COCOK,downloads/Abstrak_20SEOJK_2012-SEOJK05-2025_20Sertifikasi_20Kompetensi_20Kerja_20bagi_20PPDP.pdf
SEBI_31-14-UPPB-1998_Penyempurnaan_Teknologi_Sistem_Informasi_Bank_Dalam_Menghadapi_Tahun_2000_1998.pdf,,31,2000,TIDAK_COCOK,downloads/SEBI_31-14-UPPB-1998_Penyempurnaan_Teknologi_Sistem_Informasi_Bank_Dalam_Menghadapi_Tahun_2000_1998.pdf
Peraturan_OJK_60_2016.pdf,POJK,60,2016,COCOK,downloads/Peraturan_OJK_60_2016.pdf
Peraturan_OJK_2_2016.pdf,POJK,2,2016,COCOK,downloads/Peraturan_OJK_2_2016.pdf
Peraturan_OJK_59_2020.pdf,POJK,59,2020,COCOK,downloads/Peraturan_OJK_59_2020.pdf
Abstrak_20POJK_2027_20Tahun_202024_20Penyelenggaraan_20Perdagangan_20Aset_20Keuangan_20Digital_20Termasuk_20Aset_20Kripto_20AKD_20AK.pdf,,27,2024,TIDAK_COCOK,downloads/Abstrak_20POJK_2027_20Tahun_202024_20Penyelenggaraan_20Perdagangan_20Aset_20Keuangan_20Digital_20Termasuk_20Aset_20Kripto_20AKD_20AK.pdf
SEOJK_206-SEOJK04-2025_20Pedoman_20Pelaporan_20dan_20Kontrak_20Penerimaan_20dan_20Pemberian_20Pinjaman_20Reksa_20Dana.pdf,SEOJK,6,2025,COCOK,downloads/SEOJK_206-SEOJK04-2025_20Pedoman_20Pelaporan_20dan_20Kontrak_20Penerimaan_20dan_20Pemberian_20Pinjaman_20Reksa_20Dana.pdf
Peraturan_ADK_3_Tahun_2014_PERUBAHAN_ATAS_KEPUTUSAN_DEWAN_KOMISIONER_OTORITAS_JASA_KEUANGAN_NOMOR_41_KDK.02_2013_TENTANG_PENUNJUKAN_PEJABAT_DAN_ATAU_PEGAWAI_SEBAGAI_PENANGGUNGJAWAB_PELAKSANAAN_ANGGARAN_DI_LINGKUNGAN_OTORITAS_JASA_KEUANGAN.pdf,PADK,3,2014,TIDAK_COCOK,downloads/Peraturan_ADK_3_Tahun_2014_PERUBAHAN_ATAS_KEPUTUSAN_DEWAN_KOMISIONER_OTORITAS_JASA_KEUANGAN_NOMOR_41_KDK.02_2013_TENTANG_PENUNJUKAN_PEJABAT_DAN_ATAU_PEGAWAI_SEBAGAI_PENANGGUNGJAWAB_PELAKSANAAN_ANGGARAN_DI_LINGKUNGAN_OTORITAS_JASA_KEUANGAN.pdf
Peraturan_ADK_8_2025.pdf,PADK,8,2025,TIDAK_COCOK,downloads/Peraturan_ADK_8_2025.pdf
Peraturan_OJK_54_2020.pdf,POJK,54,2020,COCOK,downloads/Peraturan_OJK_54_2020.pdf
Undang-Undang_8_Tahun_1981_tindak_pidana_Sektor_Jasa_Keuangan_yang_terjadi_dan_guna_menemukan_tersangkanya_maka_perlu_mengeluarkan_surat_perintah.pdf,UU,8,1981,TIDAK_COCOK,downloads/Undang-Undang_8_Tahun_1981_tindak_pidana_Sektor_Jasa_Keuangan_yang_terjadi_dan_guna_menemukan_tersangkanya_maka_perlu_mengeluarkan_surat_perintah.pdf
Peraturan_OJK_38_2017.pdf,POJK,38,2017,COCOK,downloads/Peraturan_OJK_38_2017.pdf
Peraturan_OJK_15_2025.pdf,POJK,15,2025,COCOK,downloads/Peraturan_OJK_15_2025.pdf
Salinan_20POJK_20Nomor_2030_20Tahun_202023.pdf,,30,2023,TIDAK_COCOK,downloads/Salinan_20POJK_20Nomor_2030_20Tahun_202023.pdf
FAQ_20POJK_2030_20Tahun_202025_20Penerapan_20Tata_20Kelola_20dan_20Manajemen_20Risiko_20Bagi_20Penyelenggara_20Inovasi_20Teknologi_20Sektor_20Keuangan.pdf,,30,2025,TIDAK_COCOK,downloads/FAQ_20POJK_2030_20Tahun_202025_20Penerapan_20Tata_20Kelola_20dan_20Manajemen_20Risiko_20Bagi_20Penyelenggara_20Inovasi_20Teknologi_20Sektor_20Keuangan.pdf
Abstrak_20SEOJK_2030-SEOJK06-2025_20Perizinan_20Persetujuan_20dan_20Pelaporan_20secara_20Elektronik_20Perusahaan_20Pergadaian_20dan_20Perusahaan_20Pergadaian_20Syariah.pdf,,30,2025,TIDAK_COCOK,downloads/Abstrak_20SEOJK_2030-SEOJK06-2025_20Perizinan_20Persetujuan_20dan_20Pelaporan_20secara_20Elektronik_20Perusahaan_20Pergadaian_20dan_20Perusahaan_20Pergadaian_20Syariah.pdf
Peraturan_OJK_8_2021.pdf,POJK,8,2021,COCOK,downloads/Peraturan_OJK_8_2021.pdf
Surat_Edaran_OJK_7_2018.pdf,SEOJK,7,2018,COCOK,downloads/Surat_Edaran_OJK_7_2018.pdf
Peraturan_ADK_1_Tahun_2013_STANDAR_AUDIT_INTERNAL_OTORITAS_JASA_KEUANGAN.pdf,PADK,1,2013,TIDAK_COCOK,downloads/Peraturan_ADK_1_Tahun_2013_STANDAR_AUDIT_INTERNAL_OTORITAS_JASA_KEUANGAN.pdf
Abstrak_20POJK_209_20Tahun_202025_20Dematerialisasi_20Efek_20Bersifat_20Ekuitas_20dan_20Pengelolaan_20Aset_20yang_20Tidak_20Diklaim_20di_20Pasar_20Modal.pdf,,9,2025,TIDAK_COCOK,downloads/Abstrak_20POJK_209_20Tahun_202025_20Dematerialisasi_20Efek_20Bersifat_20Ekuitas_20dan_20Pengelolaan_20Aset_20yang_20Tidak_20Diklaim_20di_20Pasar_20Modal.pdf
SEBI_27-7-UPPB-1995_Kewajiban_Penyusunan_dan_Pelaksanaan_Kebijaksanaan_Perkreditan_Bank_bagi_Bank_Umum_1995.pdf,,27,1995,TIDAK_COCOK,downloads/SEBI_27-7-UPPB-1995_Kewajiban_Penyusunan_dan_Pelaksanaan_Kebijaksanaan_Perkreditan_Bank_bagi_Bank_Umum_1995.pdf
Peraturan_ADK_3_Tahun_2019_PEDOMAN_PENGAWASAN_PENERAPAN_PROGRAM_ANTI_PENCUCIAN_UANG_DAN_PENCEGAHAN_PENDANAAN_TERORISME_BERBASIS_RISIKO_PADA_MANAJER_INVESTASI.pdf,PADK,3,2019,TIDAK_COCOK,downloads/Peraturan_ADK_3_Tahun_2019_PEDOMAN_PENGAWASAN_PENERAPAN_PROGRAM_ANTI_PENCUCIAN_UANG_DAN_PENCEGAHAN_PENDANAAN_TERORISME_BERBASIS_RISIKO_PADA_MANAJER_INVESTASI.pdf
Peraturan_ADK_2_Tahun_2024_PROTOKOL_MANAJEMEN_KRISIS.pdf,PADK,2,2024,TIDAK_COCOK,downloads/Peraturan_ADK_2_Tahun_2024_PROTOKOL_MANAJEMEN_KRISIS.pdf
Surat_Edaran_OJK_28_2016.pdf,SEOJK,28,2016,COCOK,downloads/Surat_Edaran_OJK_28_2016.pdf
Surat_Edaran_OJK_16_2013.pdf,SEOJK,16,2013,COCOK,downloads/Surat_Edaran_OJK_16_2013.pdf
Peraturan_ADK_5_Tahun_2019_TATA_CARA_PENCAIRAN_DAN_PERTANGGUNGJAWABAN_DANA_OTORITAS_JASA_KEUANGAN.pdf,PADK,5,2019,TIDAK_COCOK,downloads/Peraturan_ADK_5_Tahun_2019_TATA_CARA_PENCAIRAN_DAN_PERTANGGUNGJAWABAN_DANA_OTORITAS_JASA_KEUANGAN.pdf
FAQ_20POJK_2027_202024_20Penyelenggaraan_20Perdagangan_20Aset_20Keuangan_20Digital_20Termasuk_20Aset_20Kripto.pdf,,27,2024,TIDAK_COCOK,downloads/FAQ_20POJK_2027_202024_20Penyelenggaraan_20Perdagangan_20Aset_20Keuangan_20Digital_20Termasuk_20Aset_20Kripto.pdf
SEOJK_2012-SEOJK05-2025_20Sertifikasi_20Kompetensi_20Kerja_20bagi_20PPDP.pdf,SEOJK,12,2025,COCOK,downloads/SEOJK_2012-SEOJK05-2025_20Sertifikasi_20Kompetensi_20Kerja_20bagi_20PPDP.pdf
Peraturan_ADK_12_Tahun_2015_FASILITAS_RUMAH_JABATAN_DAN_FASILITAS_RUMAH_DINAS_BAGI_PEGAWAI_OTORITAS_JASA_KEUANGAN.pdf,PADK,12,2015,TIDAK_COCOK,downloads/Peraturan_ADK_12_Tahun_2015_FASILITAS_RUMAH_JABATAN_DAN_FASILITAS_RUMAH_DINAS_BAGI_PEGAWAI_OTORITAS_JASA_KEUANGAN.pdf
FAQ_20POJK_2031_20Tahun_202024_20Perintah_20Tertulis.pdf,,31,2024,TIDAK_COCOK,downloads/FAQ_20POJK_2031_20Tahun_202024_20Perintah_20Tertulis.pdf
Peraturan_ADK_5_Tahun_2016_KERTAS_KERJA_PENGAWASAN_BADAN_KREDIT_DESA.pdf,PADK,5,2016,TIDAK_COCOK,downloads/Peraturan_ADK_5_Tahun_2016_KERTAS_KERJA_PENGAWASAN_BADAN_KREDIT_DESA.pdf
Surat_Edaran_OJK_22_2022.pdf,SEOJK,22,2022,COCOK,downloads/Surat_Edaran_OJK_22_2022.pdf
Surat_Edaran_OJK_5_2015.pdf,SEOJK,5,2015,COCOK,downloads/Surat_Edaran_OJK_5_2015.pdf
Peraturan_ADK_1_Tahun_2023_SISTEM_LAYANAN_KONSUMEN_DAN_MASYARAKAT_TERINTEGRASI_DI_SEKTOR_JASA_KEUANGAN.pdf,PADK,1,2023,TIDAK_COCOK,downloads/Peraturan_ADK_1_Tahun_2023_SISTEM_LAYANAN_KONSUMEN_DAN_MASYARAKAT_TERINTEGRASI_DI_SEKTOR_JASA_KEUANGAN.pdf
Peraturan_OJK_34_2014.pdf,POJK,34,2014,COCOK,downloads/Peraturan_OJK_34_2014.pdf
Peraturan_ADK_3_Tahun_2024_PEDOMAN_PENGAWASAN_TERHADAP_BANK_SEBAGAI_PENYALUR_KREDIT_USAHA_RAKYAT.pdf,PADK,3,2024,TIDAK_COCOK,downloads/Peraturan_ADK_3_Tahun_2024_PEDOMAN_PENGAWASAN_TERHADAP_BANK_SEBAGAI_PENYALUR_KREDIT_USAHA_RAKYAT.pdf
Peraturan_ADK_12_Tahun_2014_PERUBAHAN_KETIGA_ATAS_PERATURAN_DEWAN_KOMISIONER_OTORITAS_JASA_KEUANGAN_NOMOR_36_PDK.02_2013_TENTANG_ORGANISASI_OTORITAS_JASA_KEUANGAN.pdf,PADK,12,2014,TIDAK_COCOK,downloads/Peraturan_ADK_12_Tahun_2014_PERUBAHAN_KETIGA_ATAS_PERATURAN_DEWAN_KOMISIONER_OTORITAS_JASA_KEUANGAN_NOMOR_36_PDK.02_2013_TENTANG_ORGANISASI_OTORITAS_JASA_KEUANGAN.pdf
Surat_Edaran_OJK_20_2023.pdf,SEOJK,20,2023,COCOK,downloads/Surat_Edaran_OJK_20_2023.pdf
Peraturan_OJK_62_2015.pdf,POJK,62,2015,COCOK,downloads/Peraturan_OJK_62_2015.pdf
Peraturan_OJK_12_2019.pdf,POJK,12,2019,COCOK,downloads/Peraturan_OJK_12_2019.pdf
Abstrak_20POJK_2039_20Tahun_202024_20Pergadaian.pdf,,39,2024,TIDAK_COCOK,downloads/Abstrak_20POJK_2039_20Tahun_202024_20Pergadaian.pdf
Surat_Edaran_OJK_14_2013.pdf,SEOJK,14,2013,COCOK,downloads/Surat_Edaran_OJK_14_2013.pdf
Peraturan_ADK_24_Tahun_2017_PEDOMAN_PENGAWASAN_KEPEMILIKAN_SAHAM_BANK_UMUM.pdf,PADK,24,2017,TIDAK_COCOK,downloads/Peraturan_ADK_24_Tahun_2017_PEDOMAN_PENGAWASAN_KEPEMILIKAN_SAHAM_BANK_UMUM.pdf
Surat_Edaran_OJK_30_2015.pdf,SEOJK,30,2015,COCOK,downloads/Surat_Edaran_OJK_30_2015.pdf
Surat_Edaran_OJK_4_2016.pdf,SEOJK,4,2016,COCOK,downloads/Surat_Edaran_OJK_4_2016.pdf
Peraturan_ADK_40_2025.pdf,PADK,40,2025,COCOK,downloads/Peraturan_ADK_40_2025.pdf
Peraturan_ADK_2_Tahun_2022_PERUBAHAN_KETIGA_ATAS_PERATURAN_DEWAN_KOMISIONER_OTORITAS_JASA_KEUANGAN_NOMOR_5_PDK.01_2018_TENTANG_ORGANISASI_OTORITAS_JASA_KEUANGAN.pdf,PADK,2,2022,TIDAK_COCOK,downloads/Peraturan_ADK_2_Tahun_2022_PERUBAHAN_KETIGA_ATAS_PERATURAN_DEWAN_KOMISIONER_OTORITAS_JASA_KEUANGAN_NOMOR_5_PDK.01_2018_TENTANG_ORGANISASI_OTORITAS_JASA_KEUANGAN.pdf
Peraturan_ADK_2_Tahun_2018_PERUBAHAN_KEDUA_ATAS_PERATURAN_DEWAN_KOMISIONER_OTORITAS_JASA_KEUANGAN_NOMOR_5_PDK.02_2014_TENTANG_MANAJEMEN_PUNGUTAN.pdf,PADK,2,2018,TIDAK_COCOK,downloads/Peraturan_ADK_2_Tahun_2018_PERUBAHAN_KEDUA_ATAS_PERATURAN_DEWAN_KOMISIONER_OTORITAS_JASA_KEUANGAN_NOMOR_5_PDK.02_2014_TENTANG_MANAJEMEN_PUNGUTAN.pdf
Peraturan_OJK_47_2016.pdf,POJK,47,2016,COCOK,downloads/Peraturan_OJK_47_2016.pdf
Peraturan_ADK_5_Tahun_2013_TUNJANGAN_PENDUKUNG_OPERASIONAL_TUNJANGAN_FASILITAS_ASURANSI_DAN_PESANGON_BAGI_ANGGOTA_DEWAN_KOMISIONER_DAN_MANTAN_ANGGOTA_DEWAN_KOMISIONER_OTORITAS_JASA_KEUANGAN.pdf,PADK,5,2013,TIDAK_COCOK,downloads/Peraturan_ADK_5_Tahun_2013_TUNJANGAN_PENDUKUNG_OPERASIONAL_TUNJANGAN_FASILITAS_ASURANSI_DAN_PESANGON_BAGI_ANGGOTA_DEWAN_KOMISIONER_DAN_MANTAN_ANGGOTA_DEWAN_KOMISIONER_OTORITAS_JASA_KEUANGAN.pdf
Peraturan_ADK_21_Tahun_2015_PROSEDUR_PENGEMBANGAN_APLIKASI_OTORITAS_JASA_KEUANGAN.pdf,PADK,21,2015,TIDAK_COCOK,downloads/Peraturan_ADK_21_Tahun_2015_PROSEDUR_PENGEMBANGAN_APLIKASI_OTORITAS_JASA_KEUANGAN.pdf
Peraturan_ADK_3_Tahun_2017_TUNJANGAN_PERUMAHAN_HARI_TUA_PEGAWAI_OTORITAS_JASA_KEUANGAN.pdf,PADK,3,2017,TIDAK_COCOK,downloads/Peraturan_ADK_3_Tahun_2017_TUNJANGAN_PERUMAHAN_HARI_TUA_PEGAWAI_OTORITAS_JASA_KEUANGAN.pdf
FAQ_20PADK_2041-PADK05-2025_20Penerapan_20Manajemen_20Risiko_20Bagi_20Lembaga_20Penjamin.pdf,,41,2025,TIDAK_COCOK,downloads/FAQ_20PADK_2041-PADK05-2025_20Penerapan_20Manajemen_20Risiko_20Bagi_20Lembaga_20Penjamin.pdf
Tahun_PENETAPAN_DAN_PENGANGKATAN_PEGAWAI_TETAP_OTORITAS_JASA_KEUANGAN_NOMOR_26_KDK.02_2014_TANGGAL_10_Juli_2014.pdf,,26,2014,TIDAK_COCOK,downloads/Tahun_PENETAPAN_DAN_PENGANGKATAN_PEGAWAI_TETAP_OTORITAS_JASA_KEUANGAN_NOMOR_26_KDK.02_2014_TANGGAL_10_Juli_2014.pdf
Tahun_peraturan_perundangan_di_bidang_perasuransian_dan_peraturan_perundangan_lain_yang_berhubungan_dengan_Usaha_Perasuransian.pdf,,,,TIDAK_COCOK,downloads/Tahun_peraturan_perundangan_di_bidang_perasuransian_dan_peraturan_perundangan_lain_yang_berhubungan_dengan_Usaha_Perasuransian.pdf
Peraturan_ADK_5_Tahun_2016_PERUBAHAN_ATAS_PERATURAN_DEWAN_KOMISIONER_OTORITAS_JASA_KEUANGAN_NOMOR_7_PDK.02_2015_TENTANG_SISTEM_REMUNERASI_PEGAWAI_OTORITAS_JASA_KEUANGAN.pdf,PADK,5,2016,TIDAK_COCOK,downloads/Peraturan_ADK_5_Tahun_2016_PERUBAHAN_ATAS_PERATURAN_DEWAN_KOMISIONER_OTORITAS_JASA_KEUANGAN_NOMOR_7_PDK.02_2015_TENTANG_SISTEM_REMUNERASI_PEGAWAI_OTORITAS_JASA_KEUANGAN.pdf
POJK_2032_20Tahun_202025_20Penyelenggaraan_20Beli_20Sekarang_20Bayar_20Nanti_20BNPL.pdf,POJK,32,2025,COCOK,downloads/POJK_2032_20Tahun_202025_20Penyelenggaraan_20Beli_20Sekarang_20Bayar_20Nanti_20BNPL.pdf
Peraturan_ADK_14_Tahun_2015_PERUBAHAN_KEDUA_ATAS_PERATURAN_DEWAN_KOMISIONER_OTORITAS_JASA_KEUANGAN_NOMOR_01_15_PDK_XII_2012_TENTANG_GRADING_JABATAN_DI_OTORITAS_JASA_KEUANGAN.pdf,PADK,14,2015,TIDAK_COCOK,downloads/Peraturan_ADK_14_Tahun_2015_PERUBAHAN_KEDUA_ATAS_PERATURAN_DEWAN_KOMISIONER_OTORITAS_JASA_KEUANGAN_NOMOR_01_15_PDK_XII_2012_TENTANG_GRADING_JABATAN_DI_OTORITAS_JASA_KEUANGAN.pdf
Peraturan_ADK_45_Tahun_2013_PENDELEGASIAN_WEWENANG_DEWAN_KOMISIONER_OTORITAS_JASA_KEUANGAN.pdf,PADK,45,2013,TIDAK_COCOK,downloads/Peraturan_ADK_45_Tahun_2013_PENDELEGASIAN_WEWENANG_DEWAN_KOMISIONER_OTORITAS_JASA_KEUANGAN.pdf
Peraturan_OJK_50_2015.pdf,POJK,50,2015,COCOK,downloads/Peraturan_OJK_50_2015.pdf
Surat_Edaran_OJK_24_2017.pdf,SEOJK,24,2017,COCOK,downloads/Surat_Edaran_OJK_24_2017.pdf
Peraturan_OJK_57_2017.pdf,POJK,57,2017,COCOK,downloads/Peraturan_OJK_57_2017.pdf
Peraturan_ADK_23_Tahun_2013_ORGANISASI_KANTOR_REGIONAL_2_KANTOR_REGIONAL_3_KANTOR_REGIONAL_4_KANTOR_REGIONAL_5_KANTOR_REGIONAL_6_DAN_KANTOR_OTORITAS_JASA_KEUANGAN.pdf,PADK,23,2013,TIDAK_COCOK,downloads/Peraturan_ADK_23_Tahun_2013_ORGANISASI_KANTOR_REGIONAL_2_KANTOR_REGIONAL_3_KANTOR_REGIONAL_4_KANTOR_REGIONAL_5_KANTOR_REGIONAL_6_DAN_KANTOR_OTORITAS_JASA_KEUANGAN.pdf
Peraturan_ADK_1_Tahun_2022_PEDOMAN_PELAKSANAAN_PEMERIKSAAN_TEKNIS_EMITEN_DAN_PERUSAHAAN_PUBLIK.pdf,PADK,1,2022,TIDAK_COCOK,downloads/Peraturan_ADK_1_Tahun_2022_PEDOMAN_PELAKSANAAN_PEMERIKSAAN_TEKNIS_EMITEN_DAN_PERUSAHAAN_PUBLIK.pdf
Surat_Edaran_OJK_13_2017.pdf,SEOJK,13,2017,COCOK,downloads/Surat_Edaran_OJK_13_2017.pdf
Surat_Edaran_OJK_18_2016.pdf,SEOJK,18,2016,COCOK,downloads/Surat_Edaran_OJK_18_2016.pdf
Surat_Edaran_OJK_39_2017.pdf,SEOJK,39,2017,COCOK,downloads/Surat_Edaran_OJK_39_2017.pdf
Peraturan_ADK_11_Tahun_2017_PERUBAHAN_ATAS_PERATURAN_DEWAN_KOMISIONER_OTORITAS_JASA_KEUANGAN_NOMOR.pdf,PADK,11,2017,TIDAK_COCOK,downloads/Peraturan_ADK_11_Tahun_2017_PERUBAHAN_ATAS_PERATURAN_DEWAN_KOMISIONER_OTORITAS_JASA_KEUANGAN_NOMOR.pdf
Abstrak_20SEOJK_2013-SEOJK05-2025_20Bentuk_20dan_20Susunan_20Laporan_20Berkala_20Perusahaan_20Pialang_20Asuransi_20Perusahaan_20Pialang_20Reasuransi_20dan_20Perusahaan_20Penilaian_20Kerugian_20Asuransi.pdf,,13,2025,TIDAK_COCOK,downloads/Abstrak_20SEOJK_2013-SEOJK05-2025_20Bentuk_20dan_20Susunan_20Laporan_20Berkala_20Perusahaan_20Pialang_20Asuransi_20Perusahaan_20Pialang_20Reasuransi_20dan_20Perusahaan_20Penilaian_20Kerugian_20Asuransi.pdf
Peraturan_ADK_3_Tahun_2019_PEDOMAN_PEMELIHARAAN_BARANG_MILIK_NEGARA_DAN_BARANG_MILIK_DAERAH_DI_LINGKUNGAN_OTORITAS_JASA_KEUANGAN.pdf,PADK,3,2019,TIDAK_COCOK,downloads/Peraturan_ADK_3_Tahun_2019_PEDOMAN_PEMELIHARAAN_BARANG_MILIK_NEGARA_DAN_BARANG_MILIK_DAERAH_DI_LINGKUNGAN_OTORITAS_JASA_KEUANGAN.pdf
Abstrak_20POJK_2033_20Tahun_202024_20Pengembangan_20dan_20Penguatan_20Pengelolaan_20Investasi_20di_20Pasar_20Modal.pdf,,33,2024,TIDAK_COCOK,downloads/Abstrak_20POJK_2033_20Tahun_202024_20Pengembangan_20dan_20Penguatan_20Pengelolaan_20Investasi_20di_20Pasar_20Modal.pdf
Peraturan_OJK_20_2019.pdf,POJK,20,2019,COCOK,downloads/Peraturan_OJK_20_2019.pdf
Surat_Edaran_OJK_23_2024.pdf,SEOJK,23,2024,TIDAK_COCOK,downloads/Surat_Edaran_OJK_23_2024.pdf
Abstrak_20POJK_2017_20Tahun_202025_20Penawaran_20Efek_20Melalui_20Layanan_20Urun_20Dana_20Berbasis_20Teknologi_20Informasi.pdf,,17,2025,TIDAK_COCOK,downloads/Abstrak_20POJK_2017_20Tahun_202025_20Penawaran_20Efek_20Melalui_20Layanan_20Urun_20Dana_20Berbasis_20Teknologi_20Informasi.pdf
Peraturan_ADK_Tahun_PEDOMAN_PENGADAAN_BARANG_DAN_JASA_OTORITAS_JASA_KEUANGAN.pdf,PADK,,,TIDAK_COCOK,downloads/Peraturan_ADK_Tahun_PEDOMAN_PENGADAAN_BARANG_DAN_JASA_OTORITAS_JASA_KEUANGAN.pdf
Peraturan_ADK_14_Tahun_2017_TATA_CARA_PENYUSUNAN_DAN_PENETAPAN_STANDAR_BIAYA_OTORITAS_JASA_KEUANGAN.pdf,PADK,14,2017,TIDAK_COCOK,downloads/Peraturan_ADK_14_Tahun_2017_TATA_CARA_PENYUSUNAN_DAN_PENETAPAN_STANDAR_BIAYA_OTORITAS_JASA_KEUANGAN.pdf
Peraturan_ADK_3_Tahun_2020_PERUBAHAN_SURAT_EDARAN_DEWAN_KOMISIONER_OTORITAS_JASA_KEUANGAN_NOMOR_3_SEDK.05_2020_TENTANG_PEDOMAN_PENETAPAN_LEMBAGA_JASA_KEUANGAN_NONBANK_UTAMA_SEDK_PERUBAHAN_PEDOMAN_PENETAPAN_LJKNB_UTAMA.pdf,PADK,3,2020,TIDAK_COCOK,downloads/Peraturan_ADK_3_Tahun_2020_PERUBAHAN_SURAT_EDARAN_DEWAN_KOMISIONER_OTORITAS_JASA_KEUANGAN_NOMOR_3_SEDK.05_2020_TENTANG_PEDOMAN_PENETAPAN_LEMBAGA_JASA_KEUANGAN_NONBANK_UTAMA_SEDK_PERUBAHAN_PEDOMAN_PENETAPAN_LJKNB_UTAMA.pdf
Peraturan_OJK_13_2015.pdf,POJK,13,2015,COCOK,downloads/Peraturan_OJK_13_2015.pdf
Peraturan_ADK_4_Tahun_2013_PERUBAHAN_ATAS_PERATURAN_DEWAN_KOMISIONER_OTORITAS_JASA_KEUANGAN_NOMOR_01_06_PDK_IX_2012_TENTANG_SISTEM_REMUNERASI_ANGGOTA_DEWAN_KOMISIONER_OTORITAS_JASA_KEUANGAN.pdf,PADK,4,2013,TIDAK_COCOK,downloads/Peraturan_ADK_4_Tahun_2013_PERUBAHAN_ATAS_PERATURAN_DEWAN_KOMISIONER_OTORITAS_JASA_KEUANGAN_NOMOR_01_06_PDK_IX_2012_TENTANG_SISTEM_REMUNERASI_ANGGOTA_DEWAN_KOMISIONER_OTORITAS_JASA_KEUANGAN.pdf
Peraturan_OJK_8_2017.pdf,POJK,8,2017,COCOK,downloads/Peraturan_OJK_8_2017.pdf
Peraturan_ADK_15_Tahun_2013_TUNJANGAN_PENDUKUNG_OPERASIONAL_TUNJANGAN_FASILITAS_ASURANSI_DAN_DANA_PENSIUN_BAGI_PEGAWAI_DAN_PENSIUNAN_PEGAWAI_OTORITAS_JASA_KEUANGAN.pdf,PADK,15,2013,TIDAK_COCOK,downloads/Peraturan_ADK_15_Tahun_2013_TUNJANGAN_PENDUKUNG_OPERASIONAL_TUNJANGAN_FASILITAS_ASURANSI_DAN_DANA_PENSIUN_BAGI_PEGAWAI_DAN_PENSIUNAN_PEGAWAI_OTORITAS_JASA_KEUANGAN.pdf
Surat_Edaran_OJK_34_2024.pdf,SEOJK,34,2024,TIDAK_COCOK,downloads/Surat_Edaran_OJK_34_2024.pdf
Peraturan_OJK_28_Tahun_2019_Pedoman_Pengawasan_atas_Pelaksanaan_Sinergi_Perbankan_dalam_Satu_Kepemilikan_untuk_Pengembangan_Perbankan_Syariah.pdf,POJK,28,2019,COCOK,downloads/Peraturan_OJK_28_Tahun_2019_Pedoman_Pengawasan_atas_Pelaksanaan_Sinergi_Perbankan_dalam_Satu_Kepemilikan_untuk_Pengembangan_Perbankan_Syariah.pdf
Peraturan_ADK_9_Tahun_2024_MANAJEMEN_PENGAMANAN_SISTEM_INFORMASI_OTORITAS_JASA_KEUANGAN.pdf,PADK,9,2024,TIDAK_COCOK,downloads/Peraturan_ADK_9_Tahun_2024_MANAJEMEN_PENGAMANAN_SISTEM_INFORMASI_OTORITAS_JASA_KEUANGAN.pdf
Peraturan_ADK_3_2016.pdf,PADK,3,2016,TIDAK_COCOK,downloads/Peraturan_ADK_3_2016.pdf
Peraturan_ADK_40_2024.pdf,PADK,40,2024,TIDAK_COCOK,downloads/Peraturan_ADK_40_2024.pdf
Peraturan_OJK_30_2025.pdf,POJK,30,2025,COCOK,downloads/Peraturan_OJK_30_2025.pdf
Peraturan_Bank_Indonesia_8_2010.pdf,PBI,8,2010,TIDAK_COCOK,downloads/Peraturan_Bank_Indonesia_8_2010.pdf
32_2025.pdf,,32,2025,TIDAK_COCOK,downloads/32_2025.pdf
FAQ_20POJK_2036_20Tahun_202025_Penguatan_20Ekosistem_20Asuransi_20Kesehatan.pdf,,36,2025,TIDAK_COCOK,downloads/FAQ_20POJK_2036_20Tahun_202025_Penguatan_20Ekosistem_20Asuransi_20Kesehatan.pdf
POJK_202_20Tahun_202024_20Penerapan_20Tata_20Kelola_20Syariah_20Bagi_20Bank_20Umum_20Syariah_20dan_20Unit_20Usaha_20Syariah.pdf,POJK,2,2024,COCOK,downloads/POJK_202_20Tahun_202024_20Penerapan_20Tata_20Kelola_20Syariah_20Bagi_20Bank_20Umum_20Syariah_20dan_20Unit_20Usaha_20Syariah.pdf
Peraturan_ADK_16_Tahun_2018_KODE_ETIK_PENYIDIK_OTORITAS_JASA_KEUANGAN.pdf,PADK,16,2018,TIDAK_COCOK,downloads/Peraturan_ADK_16_Tahun_2018_KODE_ETIK_PENYIDIK_OTORITAS_JASA_KEUANGAN.pdf
SK_Dir_32-54-KEP-DIR-1999_Tata_Cara_Pencabutan_Izin_Usaha_Pembubaran_dan_Likuidasi_Bank_Perkreditan_Rakyat_1999.pdf,KEPDIR,32,1999,TIDAK_COCOK,downloads/SK_Dir_32-54-KEP-DIR-1999_Tata_Cara_Pencabutan_Izin_Usaha_Pembubaran_dan_Likuidasi_Bank_Perkreditan_Rakyat_1999.pdf
Rancangan_20PADK_20Penerapan_20Tata_20Kelola_20Terintegrasi_20Bagi_20PIKK.pdf,,,,TIDAK_COCOK,downloads/Rancangan_20PADK_20Penerapan_20Tata_20Kelola_20Terintegrasi_20Bagi_20PIKK.pdf
Peraturan_Bank_Indonesia_7_Tahun_1992_PENETAPAN_PENGGUNAAN_IZIN_USAHA_ATAS_NAMA_PT_BANK_PEMBANGUNAN_DAERAH_SULAWESI_UTARA_MENJADI_IZIN_USAHA_ATAS_NAMA_PT_BANK_PEMBANGUNAN_DAERAH_SULAWESI_UTARA_GORONTALO.pdf,PBI,7,1992,TIDAK_COCOK,downloads/Peraturan_Bank_Indonesia_7_Tahun_1992_PENETAPAN_PENGGUNAAN_IZIN_USAHA_ATAS_NAMA_PT_BANK_PEMBANGUNAN_DAERAH_SULAWESI_UTARA_MENJADI_IZIN_USAHA_ATAS_NAMA_PT_BANK_PEMBANGUNAN_DAERAH_SULAWESI_UTARA_GORONTALO.pdf
Surat_Edaran_OJK_24_2020.pdf,SEOJK,24,2020,COCOK,downloads/Surat_Edaran_OJK_24_2020.pdf
Peraturan_ADK_27_Tahun_2013_ORGANISASI_DEPARTEMEN_PERBANKAN_SYARIAH.pdf,PADK,27,2013,TIDAK_COCOK,downloads/Peraturan_ADK_27_Tahun_2013_ORGANISASI_DEPARTEMEN_PERBANKAN_SYARIAH.pdf
Surat_Edaran_OJK_32_2015.pdf,SEOJK,32,2015,COCOK,downloads/Surat_Edaran_OJK_32_2015.pdf
Surat_Edaran_OJK_17_2014.pdf,SEOJK,17,2014,COCOK,downloads/Surat_Edaran_OJK_17_2014.pdf
Surat_Edaran_OJK_17_2020.pdf,SEOJK,17,2020,COCOK,downloads/Surat_Edaran_OJK_17_2020.pdf
Peraturan_ADK_4_Tahun_2022_PENANGANAN_BARANG_MILIK_NEGARA_YANG_HILANG_DI_OTORITAS_JASA_KEUANGAN.pdf,PADK,4,2022,TIDAK_COCOK,downloads/Peraturan_ADK_4_Tahun_2022_PENANGANAN_BARANG_MILIK_NEGARA_YANG_HILANG_DI_OTORITAS_JASA_KEUANGAN.pdf
Peraturan_Bapepam_Tahun_Pedoman_Pemeriksaan_Berbasis_Risiko_Bagi_Notaris_di_Pasar_Modal.pdf,,,,TIDAK_COCOK,downloads/Peraturan_Bapepam_Tahun_Pedoman_Pemeriksaan_Berbasis_Risiko_Bagi_Notaris_di_Pasar_Modal.pdf
Surat_Edaran_OJK_14_2020.pdf,SEOJK,14,2020,COCOK,downloads/Surat_Edaran_OJK_14_2020.pdf
Peraturan_ADK_7_Tahun_2018_PERUBAHAN_ATAS_SURAT_EDARAN_DEWAN_KOMISIONER_OTORITAS_JASA_KEUANGAN_NOMOR_1_SEDK.02_2018_TENTANG_TATA_CARA_PENCAIRAN_DAN_PERTANGGUNGJAWABAN_DANA_OTORITAS_JASA_KEUANGAN.pdf,PADK,7,2018,TIDAK_COCOK,downloads/Peraturan_ADK_7_Tahun_2018_PERUBAHAN_ATAS_SURAT_EDARAN_DEWAN_KOMISIONER_OTORITAS_JASA_KEUANGAN_NOMOR_1_SEDK.02_2018_TENTANG_TATA_CARA_PENCAIRAN_DAN_PERTANGGUNGJAWABAN_DANA_OTORITAS_JASA_KEUANGAN.pdf
Peraturan_OJK_14_Tahun_2017_Pedoman_Penilaian_Rencana_Aksi_Recovery_Plan_Bank_Sistemik.pdf,POJK,14,2017,COCOK,downloads/Peraturan_OJK_14_Tahun_2017_Pedoman_Penilaian_Rencana_Aksi_Recovery_Plan_Bank_Sistemik.pdf
Peraturan_ADK_2_Tahun_2016_PERUBAHAN_KEDUA_ATAS_PERATURAN.pdf,PADK,2,2016,TIDAK_COCOK,downloads/Peraturan_ADK_2_Tahun_2016_PERUBAHAN_KEDUA_ATAS_PERATURAN.pdf
Peraturan_ADK_12_Tahun_2020_PEDOMAN_PENGENAAN_PERINTAH_TERTULIS_UNTUK_PENGGABUNGAN_PELEBURAN_PENGAMBILALIHAN_DAN_INTEGRASI_BANK_UMUM.pdf,PADK,12,2020,TIDAK_COCOK,downloads/Peraturan_ADK_12_Tahun_2020_PEDOMAN_PENGENAAN_PERINTAH_TERTULIS_UNTUK_PENGGABUNGAN_PELEBURAN_PENGAMBILALIHAN_DAN_INTEGRASI_BANK_UMUM.pdf
Surat_Edaran_OJK_15_2018.pdf,SEOJK,15,2018,COCOK,downloads/Surat_Edaran_OJK_15_2018.pdf
Surat_Edaran_OJK_28_2022.pdf,SEOJK,28,2022,COCOK,downloads/Surat_Edaran_OJK_28_2022.pdf
Abstrak_20POJK_2019_20Tahun_202024_20Perubahan_20Atas_20Peraturan_20Otoritas_20Jasa_20Keuangan_20Nomor_2042POJK032015_20tentang_20Kewajiban_20Pemenuhan_20Rasio_20Kecukupan_20Likuiditas_20_Liquidity_20Coverage_20Ratio_20Bagi_20Bank.pdf,POJK,19,2024,COCOK,downloads/Abstrak_20POJK_2019_20Tahun_202024_20Perubahan_20Atas_20Peraturan_20Otoritas_20Jasa_20Keuangan_20Nomor_2042POJK032015_20tentang_20Kewajiban_20Pemenuhan_20Rasio_20Kecukupan_20Likuiditas_20_Liquidity_20Coverage_20Ratio_20Bagi_20Bank.pdf
Peraturan_ADK_4_Tahun_2013_TATA_CARA_REVISI_ANGGARAN_OTORITAS_JASA_KEUANGAN.pdf,PADK,4,2013,TIDAK_COCOK,downloads/Peraturan_ADK_4_Tahun_2013_TATA_CARA_REVISI_ANGGARAN_OTORITAS_JASA_KEUANGAN.pdf
Abstrak_20POJK_2022_20Tahun_202025_20Pelaporan_20Bank_20Umum_20Melalui_20Sistem_20Pelaporan_20Otoritas_20Jasa_20Keuangan.pdf,,22,2025,TIDAK_COCOK,downloads/Abstrak_20POJK_2022_20Tahun_202025_20Pelaporan_20Bank_20Umum_20Melalui_20Sistem_20Pelaporan_20Otoritas_20Jasa_20Keuangan.pdf
Peraturan_OJK_9_2022.pdf,POJK,9,2022,COCOK,downloads/Peraturan_OJK_9_2022.pdf
Peraturan_ADK_1_Tahun_2025_PEDOMAN_PENGENAAN_SANKSI_ADMINISTRATIF_DI_SEKTOR_PERBANKAN.pdf,PADK,1,2025,TIDAK_COCOK,downloads/Peraturan_ADK_1_Tahun_2025_PEDOMAN_PENGENAAN_SANKSI_ADMINISTRATIF_DI_SEKTOR_PERBANKAN.pdf
Peraturan_ADK_18_Tahun_2014_PEDOMAN_PENYESUAIAN_KEWAJIBAN_PEMBAYARAN_PUNGUTAN_BAGI_WAJIB_BAYAR_YANG_SEDANG_MENGALAMI_KESULITAN_KEUANGAN_DAN_DALAM_UPAYA_PENYEHATAN_DAN_ATAU_DALAM_PEMBERESAN.pdf,PADK,18,2014,TIDAK_COCOK,downloads/Peraturan_ADK_18_Tahun_2014_PEDOMAN_PENYESUAIAN_KEWAJIBAN_PEMBAYARAN_PUNGUTAN_BAGI_WAJIB_BAYAR_YANG_SEDANG_MENGALAMI_KESULITAN_KEUANGAN_DAN_DALAM_UPAYA_PENYEHATAN_DAN_ATAU_DALAM_PEMBERESAN.pdf
Peraturan_ADK_3_Tahun_2021_PEDOMAN_PENILAIAN_PENERAPAN_TATA_KELOLA_BANK_PEMBIAYAAN_RAKYAT_SYARIAH.pdf,PADK,3,2021,TIDAK_COCOK,downloads/Peraturan_ADK_3_Tahun_2021_PEDOMAN_PENILAIAN_PENERAPAN_TATA_KELOLA_BANK_PEMBIAYAAN_RAKYAT_SYARIAH.pdf
Peraturan_OJK_53_2017.pdf,POJK,53,2017,COCOK,downloads/Peraturan_OJK_53_2017.pdf
Peraturan_ADK_4_Tahun_2024_PERUBAHAN_KETIGA_ATAS_SURAT_EDARAN_DEWAN_KOMISIONER_OTORITAS_JASA_KEUANGAN_NOMOR_2_SEDK.01_2020_TENTANG_NAMA_SATUAN_KERJA_UNIT_KERJA_DAN_JABATAN_DI_OTORITAS_JASA_KEUANGAN_DALAM_BAHASA_INGGRIS.pdf,PADK,4,2024,TIDAK_COCOK,downloads/Peraturan_ADK_4_Tahun_2024_PERUBAHAN_KETIGA_ATAS_SURAT_EDARAN_DEWAN_KOMISIONER_OTORITAS_JASA_KEUANGAN_NOMOR_2_SEDK.01_2020_TENTANG_NAMA_SATUAN_KERJA_UNIT_KERJA_DAN_JABATAN_DI_OTORITAS_JASA_KEUANGAN_DALAM_BAHASA_INGGRIS.pdf
Peraturan_ADK_22_Tahun_2013_PEDOMAN_AKUNTANSI_OTORITAS_JASA_KEUANGAN.pdf,PADK,22,2013,TIDAK_COCOK,downloads/Peraturan_ADK_22_Tahun_2013_PEDOMAN_AKUNTANSI_OTORITAS_JASA_KEUANGAN.pdf
Abstrak_20SEOJK_2012-SEOJK.03-2024_20Penerapan_20Tata_20Kelola_20Bagi_20Bank_20Perekonomian_20Rakyat.pdf,,12,2024,TIDAK_COCOK,downloads/Abstrak_20SEOJK_2012-SEOJK.03-2024_20Penerapan_20Tata_20Kelola_20Bagi_20Bank_20Perekonomian_20Rakyat.pdf
Peraturan_ADK_1_Tahun_2013_SISTEM_REMUNERASI_PEGAWAI_OTORITAS_JASA_KEUANGAN.pdf,PADK,1,2013,TIDAK_COCOK,downloads/Peraturan_ADK_1_Tahun_2013_SISTEM_REMUNERASI_PEGAWAI_OTORITAS_JASA_KEUANGAN.pdf
FAQ_20SEOJK_2022-SEOJK06-2024_20Penilaian_20Kemampuan_20dan_20Kepatutan_20Bagi_20Pihak_20Utama_20Lembaga_20Pembiayaan_20PMV_20LKM_20dan_20LJK_20Lainnya.pdf,,22,2024,TIDAK_COCOK,downloads/FAQ_20SEOJK_2022-SEOJK06-2024_20Penilaian_20Kemampuan_20dan_20Kepatutan_20Bagi_20Pihak_20Utama_20Lembaga_20Pembiayaan_20PMV_20LKM_20dan_20LJK_20Lainnya.pdf
Peraturan_ADK_4_Tahun_2014_PENETAPAN_DAN_PENGANGKATAN_TENAGA_KERJA_PERJANJIAN_KERJA_WAKTU_TERTENTU_PKWT_SEBAGAI_PEGAWAI_OTORITAS_JASA_KEUANGAN.pdf,PADK,4,2014,TIDAK_COCOK,downloads/Peraturan_ADK_4_Tahun_2014_PENETAPAN_DAN_PENGANGKATAN_TENAGA_KERJA_PERJANJIAN_KERJA_WAKTU_TERTENTU_PKWT_SEBAGAI_PEGAWAI_OTORITAS_JASA_KEUANGAN.pdf
Peraturan_ADK_5_Tahun_2023_ORGANISASI_BIDANG_PENGAWASAN_SEKTOR_INDUSTRI_KEUANGAN_NON_BANK.pdf,PADK,5,2023,TIDAK_COCOK,downloads/Peraturan_ADK_5_Tahun_2023_ORGANISASI_BIDANG_PENGAWASAN_SEKTOR_INDUSTRI_KEUANGAN_NON_BANK.pdf
Peraturan_ADK_1_Tahun_2022_PEDOMAN_SINGKATAN_AKRONIM_DAN_KODERING_NASKAH_DINAS_SATUAN_KERJA_DAN_ATAU_UNIT_KERJA_DI_LINGKUNGAN_OTORITAS_JASA_KEUANGAN.pdf,PADK,1,2022,TIDAK_COCOK,downloads/Peraturan_ADK_1_Tahun_2022_PEDOMAN_SINGKATAN_AKRONIM_DAN_KODERING_NASKAH_DINAS_SATUAN_KERJA_DAN_ATAU_UNIT_KERJA_DI_LINGKUNGAN_OTORITAS_JASA_KEUANGAN.pdf
Undang-Undang_4_2023.pdf,UU,4,2023,COCOK,downloads/Undang-Undang_4_2023.pdf
Peraturan_OJK_4_2024.pdf,POJK,4,2024,COCOK,downloads/Peraturan_OJK_4_2024.pdf
FAQ_20SEOJK_208-SEOJK.07-2024_20Asosiasi_20Penyelenggara_20Inovasi_20Teknologi_20Sektor_20Keuangan.pdf,,8,2024,TIDAK_COCOK,downloads/FAQ_20SEOJK_208-SEOJK.07-2024_20Asosiasi_20Penyelenggara_20Inovasi_20Teknologi_20Sektor_20Keuangan.pdf
Peraturan_Bank_Indonesia_7_Tahun_1992_PENETAPAN_PENGGUNAAN_IZIN_USAHA_ATAS_NAMA_PT_BANK_INTERNASIONAL_INDONESIA_TBK_MENJADI_IZIN_USAHA_ATAS_NAMA_PT_BANK_MAYBANK_INDONESIA_TBK.pdf,PBI,7,1992,TIDAK_COCOK,downloads/Peraturan_Bank_Indonesia_7_Tahun_1992_PENETAPAN_PENGGUNAAN_IZIN_USAHA_ATAS_NAMA_PT_BANK_INTERNASIONAL_INDONESIA_TBK_MENJADI_IZIN_USAHA_ATAS_NAMA_PT_BANK_MAYBANK_INDONESIA_TBK.pdf
Peraturan_ADK_2_Tahun_2017_PEDOMAN_PEMERIKSAAN_BERDASARKAN_RISIKO_UNTUK_PEMERIKSAAN_RENTABILITAS.pdf,PADK,2,2017,TIDAK_COCOK,downloads/Peraturan_ADK_2_Tahun_2017_PEDOMAN_PEMERIKSAAN_BERDASARKAN_RISIKO_UNTUK_PEMERIKSAAN_RENTABILITAS.pdf
FAQ_20POJK_2024_20Tahun_202025_20Pengelolaan_20Rekening_20pada_20Bank_20Umum.pdf,,24,2025,TIDAK_COCOK,downloads/FAQ_20POJK_2024_20Tahun_202025_20Pengelolaan_20Rekening_20pada_20Bank_20Umum.pdf
Abstrak_20SEOJK_2018-SEOJK03-2025_20Penilaian_20Kemampuan_20dan_20Kepatutan_20Pihak_20Utama_20Perusahaan_20Induk_20Konglomerasi_20Keuangan_20Nonoperasional.pdf,,18,2025,TIDAK_COCOK,downloads/Abstrak_20SEOJK_2018-SEOJK03-2025_20Penilaian_20Kemampuan_20dan_20Kepatutan_20Pihak_20Utama_20Perusahaan_20Induk_20Konglomerasi_20Keuangan_20Nonoperasional.pdf
Peraturan_OJK_14_Tahun_2021_PEDOMAN_PELAKSANAAN_PENILAIAN_KEMBALI_BAGI_PIHAK_UTAMA_LEMBAGA_PEMBIAYAAN_PERUSAHAAN_MODAL_VENTURA_LEMBAGA_KEUANGAN_MIKRO_DAN_LEMBAGA_JASA_KEUANGAN_LAINNYA.pdf,POJK,14,2021,COCOK,downloads/Peraturan_OJK_14_Tahun_2021_PEDOMAN_PELAKSANAAN_PENILAIAN_KEMBALI_BAGI_PIHAK_UTAMA_LEMBAGA_PEMBIAYAAN_PERUSAHAAN_MODAL_VENTURA_LEMBAGA_KEUANGAN_MIKRO_DAN_LEMBAGA_JASA_KEUANGAN_LAINNYA.pdf
Surat_Edaran_OJK_9_2022.pdf,SEOJK,9,2022,COCOK,downloads/Surat_Edaran_OJK_9_2022.pdf
Peraturan_ADK_2_Tahun_2022_PEDOMAN_UMUM_PELAKSANAAN_STANDAR_MANAJEMEN_RISIKO.pdf,PADK,2,2022,TIDAK_COCOK,downloads/Peraturan_ADK_2_Tahun_2022_PEDOMAN_UMUM_PELAKSANAAN_STANDAR_MANAJEMEN_RISIKO.pdf
FAQ_20POJK_2047_20Tahun_202024_20Koperasi_20di_20Sektor_20Jasa_20Keuangan.pdf,,47,2024,TIDAK_COCOK,downloads/FAQ_20POJK_2047_20Tahun_202024_20Koperasi_20di_20Sektor_20Jasa_20Keuangan.pdf
60e4905a-2267-3df5-5664-09adb4f39451.pdf,,2267,,TIDAK_COCOK,downloads/60e4905a-2267-3df5-5664-09adb4f39451.pdf
Peraturan_ADK_18_Tahun_2023_ADMINISTRASI_PENYIDIKAN_TINDAK_PIDANA_DI_SEKTOR_JASA_KEUANGAN.pdf,PADK,18,2023,TIDAK_COCOK,downloads/Peraturan_ADK_18_Tahun_2023_ADMINISTRASI_PENYIDIKAN_TINDAK_PIDANA_DI_SEKTOR_JASA_KEUANGAN.pdf
Surat_Edaran_OJK_26_2021.pdf,SEOJK,26,2021,COCOK,downloads/Surat_Edaran_OJK_26_2021.pdf
PADK_2037-PADK08-2025_20Penyediaan_20Informasi_20dan_20Penyampaian_20Informasi_20untuk_20Pemasaran_20Produk_20dan_20Layanan_20Jasa_20Keuangan.pdf,PADK,37,2025,COCOK,downloads/PADK_2037-PADK08-2025_20Penyediaan_20Informasi_20dan_20Penyampaian_20Informasi_20untuk_20Pemasaran_20Produk_20dan_20Layanan_20Jasa_20Keuangan.pdf
Peraturan_OJK_13_2022.pdf,POJK,13,2022,COCOK,downloads/Peraturan_OJK_13_2022.pdf
Peraturan_ADK_18_Tahun_2024_TATA_CARA_PEMBERIAN_KETERANGAN_SAKSI_DAN_AHLI_SERTA_PENDAMPINGAN_HUKUM_DI_OTORITAS_JASA_KEUANGAN.pdf,PADK,18,2024,TIDAK_COCOK,downloads/Peraturan_ADK_18_Tahun_2024_TATA_CARA_PEMBERIAN_KETERANGAN_SAKSI_DAN_AHLI_SERTA_PENDAMPINGAN_HUKUM_DI_OTORITAS_JASA_KEUANGAN.pdf
FAQ_20POJK_205_20Tahun_202026_20Penyelenggaraan_20Kegiatan_20Usaha_20Manajer_20Investasi.pdf,,5,2026,TIDAK_COCOK,downloads/FAQ_20POJK_205_20Tahun_202026_20Penyelenggaraan_20Kegiatan_20Usaha_20Manajer_20Investasi.pdf
Peraturan_ADK_48_Tahun_2013_TATA_TERTIB_DAN_DISIPLIN_PEGAWAI_OTORITAS_JASA_KEUANGAN.pdf,PADK,48,2013,TIDAK_COCOK,downloads/Peraturan_ADK_48_Tahun_2013_TATA_TERTIB_DAN_DISIPLIN_PEGAWAI_OTORITAS_JASA_KEUANGAN.pdf
Peraturan_ADK_6_Tahun_2014_PEMBENTUKAN_KOMITE_PENGEMBANGAN_JASA_KEUANGAN_SYARIAH_DI_OTORITAS_JASA_KEUANGAN.pdf,PADK,6,2014,TIDAK_COCOK,downloads/Peraturan_ADK_6_Tahun_2014_PEMBENTUKAN_KOMITE_PENGEMBANGAN_JASA_KEUANGAN_SYARIAH_DI_OTORITAS_JASA_KEUANGAN.pdf
Surat_Edaran_OJK_31_2015.pdf,SEOJK,31,2015,COCOK,downloads/Surat_Edaran_OJK_31_2015.pdf
Peraturan_OJK_10_2022.pdf,POJK,10,2022,COCOK,downloads/Peraturan_OJK_10_2022.pdf
Peraturan_ADK_5_Tahun_2020_PERUBAHAN_ATAS_SURAT_EDARAN_OTORITAS_JASA_KEUANGAN_NOMOR_4_SEDK.03_2017_TENTANG_PEDOMAN_PERIZINAN_DAN_PENGAWASAN_PRODUK_DAN_AKTIVITAS_BANK_PEMBIAYAAN_RAKYAT_SYARIAH.pdf,PADK,5,2020,TIDAK_COCOK,downloads/Peraturan_ADK_5_Tahun_2020_PERUBAHAN_ATAS_SURAT_EDARAN_OTORITAS_JASA_KEUANGAN_NOMOR_4_SEDK.03_2017_TENTANG_PEDOMAN_PERIZINAN_DAN_PENGAWASAN_PRODUK_DAN_AKTIVITAS_BANK_PEMBIAYAAN_RAKYAT_SYARIAH.pdf
POJK_2022_20Tahun_202025_20Pelaporan_20Bank_20Umum_20Melalui_20Sistem_20Pelaporan_20Otoritas_20Jasa_20Keuangan.pdf,POJK,22,2025,COCOK,downloads/POJK_2022_20Tahun_202025_20Pelaporan_20Bank_20Umum_20Melalui_20Sistem_20Pelaporan_20Otoritas_20Jasa_20Keuangan.pdf
FAQ_20POJK_2022_20Tahun_202025_20Pelaporan_20Bank_20Umum_20Melalui_20Sistem_20Pelaporan_20Otoritas_20Jasa_20Keuangan.pdf,,22,2025,TIDAK_COCOK,downloads/FAQ_20POJK_2022_20Tahun_202025_20Pelaporan_20Bank_20Umum_20Melalui_20Sistem_20Pelaporan_20Otoritas_20Jasa_20Keuangan.pdf
Peraturan_ADK_15_Tahun_2020_PETUNJUK_TEKNIS_PELAKSANAAN_PENGADAAN_BARANG_JASA_OTORITAS_JASA_KEUANGAN.pdf,PADK,15,2020,TIDAK_COCOK,downloads/Peraturan_ADK_15_Tahun_2020_PETUNJUK_TEKNIS_PELAKSANAAN_PENGADAAN_BARANG_JASA_OTORITAS_JASA_KEUANGAN.pdf
Peraturan_ADK_1_Tahun_2021_PEMBENTUKAN_PERATURAN_DI_OTORITAS_JASA_KEUANGAN.pdf,PADK,1,2021,TIDAK_COCOK,downloads/Peraturan_ADK_1_Tahun_2021_PEMBENTUKAN_PERATURAN_DI_OTORITAS_JASA_KEUANGAN.pdf
Peraturan_ADK_04_Tahun_2016_TATA_CARA_PELAKSANAAN_PEMBINAAN_DAN_PENGAWASAN_LKM.pdf,PADK,4,2016,TIDAK_COCOK,downloads/Peraturan_ADK_04_Tahun_2016_TATA_CARA_PELAKSANAAN_PEMBINAAN_DAN_PENGAWASAN_LKM.pdf
Peraturan_ADK_4_Tahun_2014_PERUBAHAN_SURAT_EDARAN_DEWAN_KOMISIONER_OTORITAS_JASA_KEUANGAN_NOMOR_33_SEDK.02_2013_TENTANG_PEDOMAN_TATA_NASKAH_DINAS_OTORITAS_JASA_KEUANGAN.pdf,PADK,4,2014,TIDAK_COCOK,downloads/Peraturan_ADK_4_Tahun_2014_PERUBAHAN_SURAT_EDARAN_DEWAN_KOMISIONER_OTORITAS_JASA_KEUANGAN_NOMOR_33_SEDK.02_2013_TENTANG_PEDOMAN_TATA_NASKAH_DINAS_OTORITAS_JASA_KEUANGAN.pdf
Peraturan_ADK_15_Tahun_2017_PEDOMAN_PENGAWASAN_BANK_PERKREDITAN_RAKYAT_BERDASARKAN_RISIKO_UNTUK_TAHAPAN_TINDAKAN_PENGAWASAN_DAN_PEMANTAUAN_BPR.pdf,PADK,15,2017,TIDAK_COCOK,downloads/Peraturan_ADK_15_Tahun_2017_PEDOMAN_PENGAWASAN_BANK_PERKREDITAN_RAKYAT_BERDASARKAN_RISIKO_UNTUK_TAHAPAN_TINDAKAN_PENGAWASAN_DAN_PEMANTAUAN_BPR.pdf
Peraturan_ADK_2_Tahun_2021_PEDOMAN_UMUM_AUDIT_INVESTIGASI_DI_OTORITAS_JASA_KEUANGAN.pdf,PADK,2,2021,TIDAK_COCOK,downloads/Peraturan_ADK_2_Tahun_2021_PEDOMAN_UMUM_AUDIT_INVESTIGASI_DI_OTORITAS_JASA_KEUANGAN.pdf
Surat_Edaran_OJK_12_2021.pdf,SEOJK,12,2021,COCOK,downloads/Surat_Edaran_OJK_12_2021.pdf
Undang-Undang_40_2004.pdf,UU,40,2004,TIDAK_COCOK,downloads/Undang-Undang_40_2004.pdf
Peraturan_ADK_1_Tahun_2021_I._Latar_Belakang.pdf,PADK,1,2021,TIDAK_COCOK,downloads/Peraturan_ADK_1_Tahun_2021_I._Latar_Belakang.pdf
Peraturan_ADK_2_Tahun_2024_BATAS_MAKSIMUM_KEWAJARAN_DALAM_PENERIMAAN_GRATIFIKASI_DI_OTORITAS_JASA_KEUANGAN_ANGGOTA_DEWAN_KOMISIONER_OTORITAS_JASA_KEUANGAN.pdf,PADK,2,2024,TIDAK_COCOK,downloads/Peraturan_ADK_2_Tahun_2024_BATAS_MAKSIMUM_KEWAJARAN_DALAM_PENERIMAAN_GRATIFIKASI_DI_OTORITAS_JASA_KEUANGAN_ANGGOTA_DEWAN_KOMISIONER_OTORITAS_JASA_KEUANGAN.pdf
Peraturan_ADK_1_Tahun_2017_PERUBAHAN_KETIGA_ATAS_PERATURAN_DEWAN_KOMISIONER_OTORITAS_JASA_KEUANGAN_NOMOR_01_19_PDK_XII_2012_TENTANG_KOMITE_DI_OTORITAS_JASA_KEUANGAN.pdf,PADK,1,2017,TIDAK_COCOK,downloads/Peraturan_ADK_1_Tahun_2017_PERUBAHAN_KETIGA_ATAS_PERATURAN_DEWAN_KOMISIONER_OTORITAS_JASA_KEUANGAN_NOMOR_01_19_PDK_XII_2012_TENTANG_KOMITE_DI_OTORITAS_JASA_KEUANGAN.pdf
Peraturan_OJK_45_Tahun_2017_PENETAPAN_DAERAH_DI_PROVINSI_KALIMANTAN_SELATAN_SEBAGAI_DAERAH_YANG_MEMERLUKAN_PERLAKUAN_KHUSUS_TERHADAP_KREDIT_ATAU_PEMBIAYAAN_BANK.pdf,POJK,45,2017,COCOK,downloads/Peraturan_OJK_45_Tahun_2017_PENETAPAN_DAERAH_DI_PROVINSI_KALIMANTAN_SELATAN_SEBAGAI_DAERAH_YANG_MEMERLUKAN_PERLAKUAN_KHUSUS_TERHADAP_KREDIT_ATAU_PEMBIAYAAN_BANK.pdf
POJK_2010_20Tahun_202024_20Penerbitan_20dan_20Pelaporan_20Obligasi_20Daerah_20dan_20Sukuk_20Daerah.pdf,POJK,10,2024,COCOK,downloads/POJK_2010_20Tahun_202024_20Penerbitan_20dan_20Pelaporan_20Obligasi_20Daerah_20dan_20Sukuk_20Daerah.pdf
Peraturan_OJK_73_2017.pdf,POJK,73,2017,COCOK,downloads/Peraturan_OJK_73_2017.pdf
Peraturan_ADK_17_Tahun_2014_BANTUAN_HUKUM_BAGI_PELAKSANA_TUGAS_KEDINASAN_OTORITAS_JASA_KEUANGAN.pdf,PADK,17,2014,TIDAK_COCOK,downloads/Peraturan_ADK_17_Tahun_2014_BANTUAN_HUKUM_BAGI_PELAKSANA_TUGAS_KEDINASAN_OTORITAS_JASA_KEUANGAN.pdf
Peraturan_ADK_2_Tahun_2022_PEDOMAN_PERIZINAN_PENGGABUNGAN_PELEBURAN_DAN_PENGAMBILALIHAN_BANK_PERKREDITAN_RAKYAT_DAN_BANK_PEMBIAYAAN_RAKYAT_SYARIAH.pdf,PADK,2,2022,TIDAK_COCOK,downloads/Peraturan_ADK_2_Tahun_2022_PEDOMAN_PERIZINAN_PENGGABUNGAN_PELEBURAN_DAN_PENGAMBILALIHAN_BANK_PERKREDITAN_RAKYAT_DAN_BANK_PEMBIAYAAN_RAKYAT_SYARIAH.pdf
Peraturan_OJK_44_2020.pdf,POJK,44,2020,COCOK,downloads/Peraturan_OJK_44_2020.pdf
Peraturan_OJK_52_2020.pdf,POJK,52,2020,COCOK,downloads/Peraturan_OJK_52_2020.pdf
Surat_Edaran_OJK_25_2014.pdf,SEOJK,25,2014,TIDAK_COCOK,downloads/Surat_Edaran_OJK_25_2014.pdf
Peraturan_OJK_2_2019.pdf,POJK,2,2019,COCOK,downloads/Peraturan_OJK_2_2019.pdf
Peraturan_ADK_3_Tahun_2022_PEDOMAN_PENGAWASAN_BERBASIS_RISIKO_BAGI_BIRO_ADMINISTRASI_EFEK.pdf,PADK,3,2022,TIDAK_COCOK,downloads/Peraturan_ADK_3_Tahun_2022_PEDOMAN_PENGAWASAN_BERBASIS_RISIKO_BAGI_BIRO_ADMINISTRASI_EFEK.pdf
Surat_Edaran_OJK_11_2013.pdf,SEOJK,11,2013,COCOK,downloads/Surat_Edaran_OJK_11_2013.pdf
Peraturan_ADK_14_Tahun_2015_PERUBAHAN_ATAS_SURAT_EDARAN_DEWAN_KOMISIONER_OTORITAS_JASA_KEUANGAN_NOMOR_15_SEDK.02_2014_TENTANG_NAMA_SATUAN_KERJA_UNIT_KERJA_DAN_JABATAN_DI_OTORITAS_JASA_KEUANGAN_DALAM_BAHASA_INGGRIS.pdf,PADK,14,2015,TIDAK_COCOK,downloads/Peraturan_ADK_14_Tahun_2015_PERUBAHAN_ATAS_SURAT_EDARAN_DEWAN_KOMISIONER_OTORITAS_JASA_KEUANGAN_NOMOR_15_SEDK.02_2014_TENTANG_NAMA_SATUAN_KERJA_UNIT_KERJA_DAN_JABATAN_DI_OTORITAS_JASA_KEUANGAN_DALAM_BAHASA_INGGRIS.pdf
Peraturan_OJK_10_2015.pdf,POJK,10,2015,COCOK,downloads/Peraturan_OJK_10_2015.pdf
FAQ_20POJK_203_20Tahun_202025_20Penatalaksanaan_20Lembaga_20Sertifikasi_20Profesi_20di_20Sektor_20Jasa_20Keuangan.pdf,,3,2025,TIDAK_COCOK,downloads/FAQ_20POJK_203_20Tahun_202025_20Penatalaksanaan_20Lembaga_20Sertifikasi_20Profesi_20di_20Sektor_20Jasa_20Keuangan.pdf
Surat_Edaran_OJK_3_2014.pdf,SEOJK,3,2014,COCOK,downloads/Surat_Edaran_OJK_3_2014.pdf
Peraturan_ADK_5_Tahun_2017_TUNJANGAN_KESEHATAN_HARI_TUA_PEGAWAI_OTORITAS_JASA_KEUANGAN.pdf,PADK,5,2017,TIDAK_COCOK,downloads/Peraturan_ADK_5_Tahun_2017_TUNJANGAN_KESEHATAN_HARI_TUA_PEGAWAI_OTORITAS_JASA_KEUANGAN.pdf
Surat_Edaran_OJK_41_2017.pdf,SEOJK,41,2017,COCOK,downloads/Surat_Edaran_OJK_41_2017.pdf
Peraturan_ADK_1_Tahun_2015_LAPORAN_KEGIATAN_OTORITAS_JASA_KEUANGAN.pdf,PADK,1,2015,TIDAK_COCOK,downloads/Peraturan_ADK_1_Tahun_2015_LAPORAN_KEGIATAN_OTORITAS_JASA_KEUANGAN.pdf
Surat_Edaran_OJK_11_2017.pdf,SEOJK,11,2017,COCOK,downloads/Surat_Edaran_OJK_11_2017.pdf
Peraturan_ADK_5_Tahun_2022_PEDOMAN_PELAKSANAAN_PENILAIAN_KEMBALI_BAGI_PIHAK_UTAMA_BANK_DAN_TRACK_RECORD.pdf,PADK,5,2022,TIDAK_COCOK,downloads/Peraturan_ADK_5_Tahun_2022_PEDOMAN_PELAKSANAAN_PENILAIAN_KEMBALI_BAGI_PIHAK_UTAMA_BANK_DAN_TRACK_RECORD.pdf
Surat_Edaran_OJK_1_2025.pdf,SEOJK,1,2025,COCOK,downloads/Surat_Edaran_OJK_1_2025.pdf
SEOJK_203-SEOJK.04-2025_20Pedoman_20Perlakuan_20Akuntansi_20Perusahaan_20Efek.pdf,SEOJK,3,2025,COCOK,downloads/SEOJK_203-SEOJK.04-2025_20Pedoman_20Perlakuan_20Akuntansi_20Perusahaan_20Efek.pdf
Peraturan_ADK_6_Tahun_2018_PERUBAHAN_ATAS_SURAT_EDARAN_DEWAN_KOMISIONER_OTORITAS_JASA_KEUANGAN_NOMOR_2_SEDK.01_2016_TENTANG_PENGELOLAAN_INISIATIF_STRATEGIS_OTORITAS_JASA_KEUANGAN.pdf,PADK,6,2018,TIDAK_COCOK,downloads/Peraturan_ADK_6_Tahun_2018_PERUBAHAN_ATAS_SURAT_EDARAN_DEWAN_KOMISIONER_OTORITAS_JASA_KEUANGAN_NOMOR_2_SEDK.01_2016_TENTANG_PENGELOLAAN_INISIATIF_STRATEGIS_OTORITAS_JASA_KEUANGAN.pdf
Peraturan_OJK_66_2017.pdf,POJK,66,2017,COCOK,downloads/Peraturan_OJK_66_2017.pdf
Abstrak_20SEOJK_2016-SEOJK07-2025_20Penerapan_20Program_20APU_20PPT_20dan_20Pencegahan_20Pendanaan_20Proliferasi_20Senjata_20Pemusnah_20Massal_20bagi_20Pedagang_20AKD.pdf,,16,2025,TIDAK_COCOK,downloads/Abstrak_20SEOJK_2016-SEOJK07-2025_20Penerapan_20Program_20APU_20PPT_20dan_20Pencegahan_20Pendanaan_20Proliferasi_20Senjata_20Pemusnah_20Massal_20bagi_20Pedagang_20AKD.pdf
Peraturan_ADK_8_Tahun_2016_TATA_CARA_PENCAIRAN_DAN_PERTANGGUNGJAWABAN_DANA_OTORITAS_JASA_KEUANGAN.pdf,PADK,8,2016,TIDAK_COCOK,downloads/Peraturan_ADK_8_Tahun_2016_TATA_CARA_PENCAIRAN_DAN_PERTANGGUNGJAWABAN_DANA_OTORITAS_JASA_KEUANGAN.pdf
Peraturan_OJK_28_2023.pdf,POJK,28,2023,COCOK,downloads/Peraturan_OJK_28_2023.pdf
Surat_Edaran_OJK_22_2017.pdf,SEOJK,22,2017,COCOK,downloads/Surat_Edaran_OJK_22_2017.pdf
Peraturan_ADK_4_Tahun_2016_PERUBAHAN_ATAS_SURAT_EDARAN_DEWAN_KOMISIONER_OTORITAS_JASA_KEUANGAN_NOMOR_1_SEDK.01_2015_TENTANG_PEDOMAN_MANAJEMEN_KINERJA_OTORITAS_JASA_KEUANGAN.pdf,PADK,4,2016,TIDAK_COCOK,downloads/Peraturan_ADK_4_Tahun_2016_PERUBAHAN_ATAS_SURAT_EDARAN_DEWAN_KOMISIONER_OTORITAS_JASA_KEUANGAN_NOMOR_1_SEDK.01_2015_TENTANG_PEDOMAN_MANAJEMEN_KINERJA_OTORITAS_JASA_KEUANGAN.pdf
Peraturan_OJK_1_2024.pdf,POJK,1,2024,COCOK,downloads/Peraturan_OJK_1_2024.pdf
POJK_207_20Tahun_202024_20Bank_20Perekonomian_20Rakyat_20dan_20Bank_20Perekonomian_20Rakyat_20Syariah.pdf,POJK,7,2024,COCOK,downloads/POJK_207_20Tahun_202024_20Bank_20Perekonomian_20Rakyat_20dan_20Bank_20Perekonomian_20Rakyat_20Syariah.pdf
Surat_Edaran_OJK_25_2022.pdf,SEOJK,25,2022,COCOK,downloads/Surat_Edaran_OJK_25_2022.pdf
Peraturan_OJK_44_2016.pdf,POJK,44,2016,COCOK,downloads/Peraturan_OJK_44_2016.pdf
Surat_Edaran_OJK_56_2017.pdf,SEOJK,56,2017,COCOK,downloads/Surat_Edaran_OJK_56_2017.pdf
Peraturan_OJK_65_2020.pdf,POJK,65,2020,COCOK,downloads/Peraturan_OJK_65_2020.pdf
21_Tahun_2011_PENDELEGASIAN_WEWENANG_KEGIATAN_OPERASIONAL_OTORITAS_JASA_KEUANGAN.pdf,,21,2011,TIDAK_COCOK,downloads/21_Tahun_2011_PENDELEGASIAN_WEWENANG_KEGIATAN_OPERASIONAL_OTORITAS_JASA_KEUANGAN.pdf
FAQ_20POJK_2032_20Tahun_202024_20Pengembangan_20dan_20Penguatan_20Transaksi_20dan_20Lembaga_20Efek.pdf,,32,2024,TIDAK_COCOK,downloads/FAQ_20POJK_2032_20Tahun_202024_20Pengembangan_20dan_20Penguatan_20Transaksi_20dan_20Lembaga_20Efek.pdf
Peraturan_OJK_12_2017.pdf,POJK,12,2017,TIDAK_COCOK,downloads/Peraturan_OJK_12_2017.pdf
Surat_Edaran_OJK_26_2019.pdf,SEOJK,26,2019,COCOK,downloads/Surat_Edaran_OJK_26_2019.pdf
POJK_203_20Tahun_202024_20Penyelenggaraan_20Inovasi_20Teknologi_20Sektor_20Keuangan.pdf,POJK,3,2024,COCOK,downloads/POJK_203_20Tahun_202024_20Penyelenggaraan_20Inovasi_20Teknologi_20Sektor_20Keuangan.pdf
Surat_Edaran_OJK_50_2017.pdf,SEOJK,50,2017,COCOK,downloads/Surat_Edaran_OJK_50_2017.pdf
Peraturan_ADK_02_Tahun_2015_PETUNJUK_PELAKSANAAN_PROTOKOL_MANAJEMEN_KRISIS_OTORITAS_JASA_KEUANGAN.pdf,PADK,2,2015,TIDAK_COCOK,downloads/Peraturan_ADK_02_Tahun_2015_PETUNJUK_PELAKSANAAN_PROTOKOL_MANAJEMEN_KRISIS_OTORITAS_JASA_KEUANGAN.pdf
Peraturan_OJK_3_2019.pdf,POJK,3,2019,COCOK,downloads/Peraturan_OJK_3_2019.pdf
Peraturan_ADK_1_Tahun_2013_RENCANA_KERJA_DAN_ANGGARAN_OTORITAS_JASA_KEUANGAN_TAHUN_ANGGARAN_2016.pdf,PADK,1,2013,TIDAK_COCOK,downloads/Peraturan_ADK_1_Tahun_2013_RENCANA_KERJA_DAN_ANGGARAN_OTORITAS_JASA_KEUANGAN_TAHUN_ANGGARAN_2016.pdf
Peraturan_ADK_10_Tahun_2023_PEDOMAN_PENGGUNAAN_PEMINDAHTANGANAN_PEMUSNAHAN_DAN_PENGHAPUSBUKUAN_BARANG_MILIK_OTORITAS_JASA_KEUANGAN.pdf,PADK,10,2023,TIDAK_COCOK,downloads/Peraturan_ADK_10_Tahun_2023_PEDOMAN_PENGGUNAAN_PEMINDAHTANGANAN_PEMUSNAHAN_DAN_PENGHAPUSBUKUAN_BARANG_MILIK_OTORITAS_JASA_KEUANGAN.pdf
SEBI_27-9-UPPB-1995_Penggunaan_Teknologi_Sistem_Informamsi_oleh_Bank_1995.pdf,,27,1995,TIDAK_COCOK,downloads/SEBI_27-9-UPPB-1995_Penggunaan_Teknologi_Sistem_Informamsi_oleh_Bank_1995.pdf
Peraturan_ADK_04_Tahun_2016_TATA_CARA_PELAKSANAAN_PEMBINAAN_DAN_PENGAWASAN_LEMBAGA_KEUANGAN_MIKRO.pdf,PADK,4,2016,TIDAK_COCOK,downloads/Peraturan_ADK_04_Tahun_2016_TATA_CARA_PELAKSANAAN_PEMBINAAN_DAN_PENGAWASAN_LEMBAGA_KEUANGAN_MIKRO.pdf
Peraturan_OJK_13_2024.pdf,POJK,13,2024,COCOK,downloads/Peraturan_OJK_13_2024.pdf
Peraturan_Pemerintah_Tahun.pdf,,,,TIDAK_COCOK,downloads/Peraturan_Pemerintah_Tahun.pdf
Peraturan_OJK_4_2023.pdf,POJK,4,2023,COCOK,downloads/Peraturan_OJK_4_2023.pdf
Peraturan_ADK_9_Tahun_2021_PEDOMAN_PENGAWASAN_PERUSAHAAN_PEMBIAYAAN_DAN_PERUSAHAAN_PEMBIAYAAN_SYARIAH_BERBASIS_RISIKO_SEDK_RBS_PEMBIAYAAN.pdf,PADK,9,2021,TIDAK_COCOK,downloads/Peraturan_ADK_9_Tahun_2021_PEDOMAN_PENGAWASAN_PERUSAHAAN_PEMBIAYAAN_DAN_PERUSAHAAN_PEMBIAYAAN_SYARIAH_BERBASIS_RISIKO_SEDK_RBS_PEMBIAYAAN.pdf
Surat_Edaran_OJK_15_2020.pdf,SEOJK,15,2020,COCOK,downloads/Surat_Edaran_OJK_15_2020.pdf
Peraturan_ADK_14_Tahun_2018_PEDOMAN_PENYUSUNAN_PROSES_BISNIS_DAN_STANDAR_PROSEDUR_OPERASIONAL_OTORITAS_JASA_KEUANGAN.pdf,PADK,14,2018,TIDAK_COCOK,downloads/Peraturan_ADK_14_Tahun_2018_PEDOMAN_PENYUSUNAN_PROSES_BISNIS_DAN_STANDAR_PROSEDUR_OPERASIONAL_OTORITAS_JASA_KEUANGAN.pdf
POJK_2029_20Tahun_202025_20Perubahan_20atas_20Peraturan_20Otoritas_20Jasa_20Keuangan_20Nomor_2039_20Tahun_202024_20tentang_20Pergadaian.pdf,POJK,29,2025,COCOK,downloads/POJK_2029_20Tahun_202025_20Perubahan_20atas_20Peraturan_20Otoritas_20Jasa_20Keuangan_20Nomor_2039_20Tahun_202024_20tentang_20Pergadaian.pdf
Peraturan_OJK_24_2017.pdf,POJK,24,2017,COCOK,downloads/Peraturan_OJK_24_2017.pdf
Peraturan_OJK_17_2022.pdf,POJK,17,2022,COCOK,downloads/Peraturan_OJK_17_2022.pdf
Surat_Edaran_OJK_13_2015.pdf,SEOJK,13,2015,COCOK,downloads/Surat_Edaran_OJK_13_2015.pdf
POJK_2025_20Tahun_202024_20Penerapan_20Tata_20Kelola_20Syariah_20Bagi_20Bank_20Perekonomian_20Rakyat_20Syariah.pdf,POJK,25,2024,COCOK,downloads/POJK_2025_20Tahun_202024_20Penerapan_20Tata_20Kelola_20Syariah_20Bagi_20Bank_20Perekonomian_20Rakyat_20Syariah.pdf
POJK_202_20Tahun_202026_20Reksa_20Dana_20Berbentuk_20Kontrak_20Investasi_20Kolektif_20Yang_20Unit_20Penyertaannya_20Diperdagangkan_20Di_20Bursa_20Efek_20Dengan_20Aset_20Yang_20Mendasari_20Berupa_20Emas.pdf,POJK,2,2026,COCOK,downloads/POJK_202_20Tahun_202026_20Reksa_20Dana_20Berbentuk_20Kontrak_20Investasi_20Kolektif_20Yang_20Unit_20Penyertaannya_20Diperdagangkan_20Di_20Bursa_20Efek_20Dengan_20Aset_20Yang_20Mendasari_20Berupa_20Emas.pdf
Surat_Edaran_OJK_2_2015.pdf,SEOJK,2,2015,COCOK,downloads/Surat_Edaran_OJK_2_2015.pdf
Undang-Undang_40_2014.pdf,UU,40,2014,TIDAK_COCOK,downloads/Undang-Undang_40_2014.pdf
Peraturan_OJK_55_2016.pdf,POJK,55,2016,COCOK,downloads/Peraturan_OJK_55_2016.pdf
Peraturan_ADK_9_Tahun_2018_PEDOMAN_PENGAWASAN_PENERAPAN_PROGRAM_ANTI_PENCUCIAN_UANG_DAN_PENCEGAHAN_PENDANAAN_TERORISME_BERDASARKAN_RISIKO_BAGI_BANK_UMUM.pdf,PADK,9,2018,TIDAK_COCOK,downloads/Peraturan_ADK_9_Tahun_2018_PEDOMAN_PENGAWASAN_PENERAPAN_PROGRAM_ANTI_PENCUCIAN_UANG_DAN_PENCEGAHAN_PENDANAAN_TERORISME_BERDASARKAN_RISIKO_BAGI_BANK_UMUM.pdf
POJK_2042_20Tahun_202024_20Penerapan_20Manajemen_20Risiko_20bagi_20Lembaga_20Pembiayaan_20PMV_20LKM_20LJK_20Lainnya.pdf,POJK,42,2024,COCOK,downloads/POJK_2042_20Tahun_202024_20Penerapan_20Manajemen_20Risiko_20bagi_20Lembaga_20Pembiayaan_20PMV_20LKM_20LJK_20Lainnya.pdf
Surat_Edaran_OJK_24_2015.pdf,SEOJK,24,2015,COCOK,downloads/Surat_Edaran_OJK_24_2015.pdf
Peraturan_ADK_9_Tahun_2019_PEDOMAN_PENGASURANSIAN_TERHADAP_BARANG_MILIK_OTORITAS_JASA_KEUANGAN.pdf,PADK,9,2019,TIDAK_COCOK,downloads/Peraturan_ADK_9_Tahun_2019_PEDOMAN_PENGASURANSIAN_TERHADAP_BARANG_MILIK_OTORITAS_JASA_KEUANGAN.pdf
Peraturan_Bapepam_Tahun.pdf,,,,TIDAK_COCOK,downloads/Peraturan_Bapepam_Tahun.pdf
Surat_Edaran_OJK_25_2019.pdf,SEOJK,25,2019,COCOK,downloads/Surat_Edaran_OJK_25_2019.pdf
Peraturan_Bank_Indonesia_21_Tahun_2011_PENETAPAN_BEBERAPA_KECAMATAN_DI_KABUPATEN_KARO_SEBAGAI_DAERAH_YANG_MEMERLUKAN_PERLAKUAN_KHUSUS_TERHADAP_KREDIT_BANK.pdf,PBI,21,2011,TIDAK_COCOK,downloads/Peraturan_Bank_Indonesia_21_Tahun_2011_PENETAPAN_BEBERAPA_KECAMATAN_DI_KABUPATEN_KARO_SEBAGAI_DAERAH_YANG_MEMERLUKAN_PERLAKUAN_KHUSUS_TERHADAP_KREDIT_BANK.pdf
Peraturan_ADK_1_Tahun_2014_PEDOMAN_PENILAIAN_KEMAMPUAN_DAN_KEPATUTAN_BAGI_PIHAK_UTAMA_PADA_PERUSAHAAN_PERASURANSIAN.pdf,PADK,1,2014,TIDAK_COCOK,downloads/Peraturan_ADK_1_Tahun_2014_PEDOMAN_PENILAIAN_KEMAMPUAN_DAN_KEPATUTAN_BAGI_PIHAK_UTAMA_PADA_PERUSAHAAN_PERASURANSIAN.pdf
Abstrak_20SEOJK_201-SEOJK06-2025_20Laporan_20Keuangan_20Lembaga_20Keuangan_20Mikro.pdf,,1,2025,TIDAK_COCOK,downloads/Abstrak_20SEOJK_201-SEOJK06-2025_20Laporan_20Keuangan_20Lembaga_20Keuangan_20Mikro.pdf
840c95c0-033a-67fe-85f5-e7d04ffb561f.pdf,,,,TIDAK_COCOK,downloads/840c95c0-033a-67fe-85f5-e7d04ffb561f.pdf
FAQ_20SEOJK_206-SEOJK04-2025_20Pedoman_20Pelaporan_20dan_20Kontrak_20Penerimaan_20dan_20Pemberian_20Pinjaman_20Reksa_20Dana.pdf,,6,2025,TIDAK_COCOK,downloads/FAQ_20SEOJK_206-SEOJK04-2025_20Pedoman_20Pelaporan_20dan_20Kontrak_20Penerimaan_20dan_20Pemberian_20Pinjaman_20Reksa_20Dana.pdf
Peraturan_ADK_1_Tahun_2024_PEDOMAN_PEMAHAMAN_TERHADAP_BANK_PEREKONOMIAN_RAKYAT_DAN_BANK_PEREKONOMIAN_RAKYAT_SYARIAH.pdf,PADK,1,2024,TIDAK_COCOK,downloads/Peraturan_ADK_1_Tahun_2024_PEDOMAN_PEMAHAMAN_TERHADAP_BANK_PEREKONOMIAN_RAKYAT_DAN_BANK_PEREKONOMIAN_RAKYAT_SYARIAH.pdf
Tahun_profil_BPR_yang_diawasi_b._Mengidentifikasi_produk_d.pdf,,,,TIDAK_COCOK,downloads/Tahun_profil_BPR_yang_diawasi_b._Mengidentifikasi_produk_d.pdf
POJK_2038_20Tahun_202024_20Perubahan_20Atas_20POJK_20282015_20tentang_20Pembubaran_20Likuidasi_20dan_20Kepailitan_20Perusahaan_20Asuransi_20Perusahaan_20Asuransi_20Syariah_20Perusahaan_20Reasuransi_20dan_20Perusahaan_20Reasura.pdf,POJK,38,2024,COCOK,downloads/POJK_2038_20Tahun_202024_20Perubahan_20Atas_20POJK_20282015_20tentang_20Pembubaran_20Likuidasi_20dan_20Kepailitan_20Perusahaan_20Asuransi_20Perusahaan_20Asuransi_20Syariah_20Perusahaan_20Reasuransi_20dan_20Perusahaan_20Reasura.pdf
895852a5-fc13-b457-0d39-584e6e59b774.pdf,,,,TIDAK_COCOK,downloads/895852a5-fc13-b457-0d39-584e6e59b774.pdf
Peraturan_ADK_13_Tahun_2017_FASILITAS_PEMELIHARAAN_KESEHATAN_PEGAWAI_OTORITAS_JASA_KEUANGAN.pdf,PADK,13,2017,TIDAK_COCOK,downloads/Peraturan_ADK_13_Tahun_2017_FASILITAS_PEMELIHARAAN_KESEHATAN_PEGAWAI_OTORITAS_JASA_KEUANGAN.pdf
Peraturan_OJK_74_2017.pdf,POJK,74,2017,COCOK,downloads/Peraturan_OJK_74_2017.pdf
Undang-Undang_37_2004.pdf,UU,37,2004,TIDAK_COCOK,downloads/Undang-Undang_37_2004.pdf
Peraturan_OJK_44_2017.pdf,POJK,44,2017,COCOK,downloads/Peraturan_OJK_44_2017.pdf
Surat_Edaran_OJK_11_2025.pdf,SEOJK,11,2025,COCOK,downloads/Surat_Edaran_OJK_11_2025.pdf
SEOJK_201-SEOJK.06-2024_20Tata_20Cara_20dan_20Mekanisme_20Penyampaian_20Data_20Transaksi_20Pendanaan_20dan_20Pelaporan_20Penyelenggara_20LPBBTI.pdf,SEOJK,1,2024,COCOK,downloads/SEOJK_201-SEOJK.06-2024_20Tata_20Cara_20dan_20Mekanisme_20Penyampaian_20Data_20Transaksi_20Pendanaan_20dan_20Pelaporan_20Penyelenggara_20LPBBTI.pdf
Peraturan_ADK_3_Tahun_2018_PEDOMAN_PENETAPAN_BANK_SISTEMIK_DAN_CAPITAL_SURCHARGE.pdf,PADK,3,2018,TIDAK_COCOK,downloads/Peraturan_ADK_3_Tahun_2018_PEDOMAN_PENETAPAN_BANK_SISTEMIK_DAN_CAPITAL_SURCHARGE.pdf
Peraturan_ADK_1_Tahun_2013_PERUBAHAN_KETIGA_ATAS_PERATURAN_DEWAN_KOMISIONER_OTORITAS_JASA_KEUANGAN_NOMOR_1_PDK.02_2013_TENTANG_SISTEM_REMUNERASI_PEGAWAI_OTORITAS_JASA_KEUANGAN.pdf,PADK,1,2013,TIDAK_COCOK,downloads/Peraturan_ADK_1_Tahun_2013_PERUBAHAN_KETIGA_ATAS_PERATURAN_DEWAN_KOMISIONER_OTORITAS_JASA_KEUANGAN_NOMOR_1_PDK.02_2013_TENTANG_SISTEM_REMUNERASI_PEGAWAI_OTORITAS_JASA_KEUANGAN.pdf
SEOJK_2017-SEOJK03-2024_20Pelaporan_20Melalui_20Sistem_20Pelaporan_20OJK_20dan_20Transparansi_20Kondisi_20Keuangan_20bagi_20Bank_20Perekonomian_20Rakyat_20Syariah.pdf,SEOJK,17,2024,COCOK,downloads/SEOJK_2017-SEOJK03-2024_20Pelaporan_20Melalui_20Sistem_20Pelaporan_20OJK_20dan_20Transparansi_20Kondisi_20Keuangan_20bagi_20Bank_20Perekonomian_20Rakyat_20Syariah.pdf
Peraturan_ADK_14_Tahun_2016_PERUBAHAN_ATAS_SURAT_EDARAN_DEWAN_KOMISIONER_OTORITAS_JASA_KEUANGAN_NOMOR_11_SEDK.02_2015_TENTANG_PEMBERIAN_REMUNERASI_BAGI_PEGAWAI_OTORITAS_JASA_KEUANGAN.pdf,PADK,14,2016,TIDAK_COCOK,downloads/Peraturan_ADK_14_Tahun_2016_PERUBAHAN_ATAS_SURAT_EDARAN_DEWAN_KOMISIONER_OTORITAS_JASA_KEUANGAN_NOMOR_11_SEDK.02_2015_TENTANG_PEMBERIAN_REMUNERASI_BAGI_PEGAWAI_OTORITAS_JASA_KEUANGAN.pdf
Peraturan_ADK_7_Tahun_2017_MEKANISME_PELAPORAN_DAN_KOORDINASI_KOMITE_DI_LINGKUNGAN_OTORITAS_JASA_KEUANGAN.pdf,PADK,7,2017,TIDAK_COCOK,downloads/Peraturan_ADK_7_Tahun_2017_MEKANISME_PELAPORAN_DAN_KOORDINASI_KOMITE_DI_LINGKUNGAN_OTORITAS_JASA_KEUANGAN.pdf
POJK_2033_20Tahun_202024_20Pengembangan_20dan_20Penguatan_20Pengelolaan_20Investasi_20di_20Pasar_20Modal.pdf,POJK,33,2024,COCOK,downloads/POJK_2033_20Tahun_202024_20Pengembangan_20dan_20Penguatan_20Pengelolaan_20Investasi_20di_20Pasar_20Modal.pdf
Peraturan_OJK_34_2016.pdf,POJK,34,2016,COCOK,downloads/Peraturan_OJK_34_2016.pdf
Peraturan_ADK_25_Tahun_2017_PERUBAHAN_ATAS_SURAT_EDARAN_DEWAN_KOMISIONER_OTORITAS_JASA_KEUANGAN_NOMOR_25_SEDK.02_2014_TENTANG_PEDOMAN_PENGELOLAAN_ARSIP_DI_LINGKUNGAN_OTORITAS_JASA_KEUANGAN.pdf,PADK,25,2017,TIDAK_COCOK,downloads/Peraturan_ADK_25_Tahun_2017_PERUBAHAN_ATAS_SURAT_EDARAN_DEWAN_KOMISIONER_OTORITAS_JASA_KEUANGAN_NOMOR_25_SEDK.02_2014_TENTANG_PEDOMAN_PENGELOLAAN_ARSIP_DI_LINGKUNGAN_OTORITAS_JASA_KEUANGAN.pdf
Peraturan_ADK_1_Tahun_2016_PEDOMAN_UMUM_AUDIT_INTERNAL_OTORITAS_JASA_KEUANGAN.pdf,PADK,1,2016,TIDAK_COCOK,downloads/Peraturan_ADK_1_Tahun_2016_PEDOMAN_UMUM_AUDIT_INTERNAL_OTORITAS_JASA_KEUANGAN.pdf
Peraturan_Bapepam_3_Tahun_1982_PEMBENTUKAN_SATUAN_TUGAS_PENANGANAN_DUGAAN_TINDAKAN_MELAWAN_HUKUM_DI_BIDANG_PENGHIMPUNAN_DANA_MASYARAKAT_DAN_PENGELOLAAN_INVESTASI.pdf,,3,1982,TIDAK_COCOK,downloads/Peraturan_Bapepam_3_Tahun_1982_PEMBENTUKAN_SATUAN_TUGAS_PENANGANAN_DUGAAN_TINDAKAN_MELAWAN_HUKUM_DI_BIDANG_PENGHIMPUNAN_DANA_MASYARAKAT_DAN_PENGELOLAAN_INVESTASI.pdf
Peraturan_ADK_22_Tahun_2014_PEMBENTUKAN_KOMITE_TEKNOLOGI_INFORMASI_DI_OTORITAS_JASA_KEUANGAN.pdf,PADK,22,2014,TIDAK_COCOK,downloads/Peraturan_ADK_22_Tahun_2014_PEMBENTUKAN_KOMITE_TEKNOLOGI_INFORMASI_DI_OTORITAS_JASA_KEUANGAN.pdf
Peraturan_ADK_14_Tahun_2015_PERUBAHAN_KEDUA_ATAS_PERATURAN.pdf,PADK,14,2015,TIDAK_COCOK,downloads/Peraturan_ADK_14_Tahun_2015_PERUBAHAN_KEDUA_ATAS_PERATURAN.pdf
Peraturan_OJK_36_2018.pdf,POJK,36,2018,COCOK,downloads/Peraturan_OJK_36_2018.pdf
Peraturan_ADK_1_Tahun_2014_PEDOMAN_PELAKSANAAN_PENILAIAN_KEMAMPUAN_DAN_KEPATUTAN_BAGI_PIHAK_UTAMA_PADA_PERUSAHAAN_PERASURANSIAN_DANA_PENSIUN_PERUSAHAAN_PEMBIAYAAN_DAN_PERUSAHAAN_PENJAMINAN.pdf,PADK,1,2014,TIDAK_COCOK,downloads/Peraturan_ADK_1_Tahun_2014_PEDOMAN_PELAKSANAAN_PENILAIAN_KEMAMPUAN_DAN_KEPATUTAN_BAGI_PIHAK_UTAMA_PADA_PERUSAHAAN_PERASURANSIAN_DANA_PENSIUN_PERUSAHAAN_PEMBIAYAAN_DAN_PERUSAHAAN_PENJAMINAN.pdf
SK_Dir_28-83-KEP-DIR-1995_Perubahan_Surat_Keputusan_Direksi_Bank_Indonesia_No._27121KEPDIR.pdf,KEPDIR,28,1995,TIDAK_COCOK,downloads/SK_Dir_28-83-KEP-DIR-1995_Perubahan_Surat_Keputusan_Direksi_Bank_Indonesia_No._27121KEPDIR.pdf
Peraturan_ADK_2_Tahun_2023_PEDOMAN_PENGAWASAN_KONSULTAN_AKTUARIA_DAN_PENILAI_YANG_MELAKUKAN_KEGIATAN_DI_INDUSTRI_KEUANGAN_NONBANK.pdf,PADK,2,2023,TIDAK_COCOK,downloads/Peraturan_ADK_2_Tahun_2023_PEDOMAN_PENGAWASAN_KONSULTAN_AKTUARIA_DAN_PENILAI_YANG_MELAKUKAN_KEGIATAN_DI_INDUSTRI_KEUANGAN_NONBANK.pdf
Peraturan_OJK_29_2019.pdf,POJK,29,2019,COCOK,downloads/Peraturan_OJK_29_2019.pdf
Peraturan_ADK_13_Tahun_2015_FASILITAS_DARMASISWA_BAGI_PEGAWAI_OTORITAS_JASA_KEUANGAN.pdf,PADK,13,2015,TIDAK_COCOK,downloads/Peraturan_ADK_13_Tahun_2015_FASILITAS_DARMASISWA_BAGI_PEGAWAI_OTORITAS_JASA_KEUANGAN.pdf
SEBI_4-241-UPPK-PK-1968_Overdraft_karena_Bunga_atau_Bea_Materai_Tanda_Bukti_Pemberian_Kredit_1968.pdf,,4,1968,TIDAK_COCOK,downloads/SEBI_4-241-UPPK-PK-1968_Overdraft_karena_Bunga_atau_Bea_Materai_Tanda_Bukti_Pemberian_Kredit_1968.pdf
SK_Dir_24-32-KEP-DIR-1991_Kredit_Kepada_Perusahaan_Sekuritas_Dan_Kredit_Dengan_Agunan_Saham_1991.pdf,KEPDIR,24,1991,TIDAK_COCOK,downloads/SK_Dir_24-32-KEP-DIR-1991_Kredit_Kepada_Perusahaan_Sekuritas_Dan_Kredit_Dengan_Agunan_Saham_1991.pdf
Surat_Edaran_OJK_40_2016.pdf,SEOJK,40,2016,COCOK,downloads/Surat_Edaran_OJK_40_2016.pdf
Peraturan_ADK_1_Tahun_2023_ORGANISASI_OTORITAS_JASA_KEUANGAN.pdf,PADK,1,2023,TIDAK_COCOK,downloads/Peraturan_ADK_1_Tahun_2023_ORGANISASI_OTORITAS_JASA_KEUANGAN.pdf
Peraturan_ADK_11_Tahun_2014_PERUBAHAN_ATAS_PERATURAN_DEWAN_KOMISIONER_OTORITAS_JASA_KEUANGAN_NOMOR_01_13_PDK_XII_2012_TENTANG_STANDAR_DAN_KEBIJAKAN_AKUNTANSI_OTORITAS_JASA_KEUANGAN.pdf,PADK,11,2014,TIDAK_COCOK,downloads/Peraturan_ADK_11_Tahun_2014_PERUBAHAN_ATAS_PERATURAN_DEWAN_KOMISIONER_OTORITAS_JASA_KEUANGAN_NOMOR_01_13_PDK_XII_2012_TENTANG_STANDAR_DAN_KEBIJAKAN_AKUNTANSI_OTORITAS_JASA_KEUANGAN.pdf
Peraturan_ADK_19_Tahun_2013_PERUBAHAN_ATAS_PERATURAN_DEWAN_KOMISIONER_NOMOR_01_19_PDK_XII_2012_TENTANG_KOMITE_DI_OTORITAS_JASA_KEUANGAN.pdf,PADK,19,2013,TIDAK_COCOK,downloads/Peraturan_ADK_19_Tahun_2013_PERUBAHAN_ATAS_PERATURAN_DEWAN_KOMISIONER_NOMOR_01_19_PDK_XII_2012_TENTANG_KOMITE_DI_OTORITAS_JASA_KEUANGAN.pdf
Peraturan_OJK_38_2016.pdf,POJK,38,2016,COCOK,downloads/Peraturan_OJK_38_2016.pdf
Abstrak_20POJK_2041_20Tahun_202025_20Kantor_20Perwakilan_20Lembaga_20Pembiayaan_2c_20Perusahaan_20Modal_20Ventura_2c_20dan_20Lembaga_20Jasa_20Keuangan_20Lainnya_20yang_20Berkantor_20Pusat_20di_20Luar_20Negeri.pdf,,41,2025,TIDAK_COCOK,downloads/Abstrak_20POJK_2041_20Tahun_202025_20Kantor_20Perwakilan_20Lembaga_20Pembiayaan_2c_20Perusahaan_20Modal_20Ventura_2c_20dan_20Lembaga_20Jasa_20Keuangan_20Lainnya_20yang_20Berkantor_20Pusat_20di_20Luar_20Negeri.pdf
Peraturan_ADK_02_Tahun_2021_PEDOMAN_UMUM_AUDIT_INVESTIGASI_DI_OTORITAS_JASA_KEUANGAN.pdf,PADK,2,2021,TIDAK_COCOK,downloads/Peraturan_ADK_02_Tahun_2021_PEDOMAN_UMUM_AUDIT_INVESTIGASI_DI_OTORITAS_JASA_KEUANGAN.pdf
Peraturan_OJK_58_2017.pdf,POJK,58,2017,COCOK,downloads/Peraturan_OJK_58_2017.pdf
Surat_Edaran_OJK_15_2025.pdf,SEOJK,15,2025,COCOK,downloads/Surat_Edaran_OJK_15_2025.pdf
Surat_Edaran_OJK_8_2015.pdf,SEOJK,8,2015,COCOK,downloads/Surat_Edaran_OJK_8_2015.pdf
Peraturan_ADK_15_Tahun_2013_PROGRAM_PENSIUN_IURAN_PASTI_BAGI_PEGAWAI_OTORITAS_JASA_KEUANGAN.pdf,PADK,15,2013,TIDAK_COCOK,downloads/Peraturan_ADK_15_Tahun_2013_PROGRAM_PENSIUN_IURAN_PASTI_BAGI_PEGAWAI_OTORITAS_JASA_KEUANGAN.pdf
Peraturan_ADK_8_Tahun_2018_PEDOMAN_PENILAIAN_PENERAPAN_TATA_KELOLA_BANK_PERKREDITAN_RAKYAT.pdf,PADK,8,2018,TIDAK_COCOK,downloads/Peraturan_ADK_8_Tahun_2018_PEDOMAN_PENILAIAN_PENERAPAN_TATA_KELOLA_BANK_PERKREDITAN_RAKYAT.pdf
Surat_Edaran_OJK_5_2017.pdf,SEOJK,5,2017,COCOK,downloads/Surat_Edaran_OJK_5_2017.pdf
Peraturan_ADK_33_Tahun_2013_PEDOMAN_TATA_NASKAH_DINAS_OTORITAS_JASA_KEUANGAN.pdf,PADK,33,2013,TIDAK_COCOK,downloads/Peraturan_ADK_33_Tahun_2013_PEDOMAN_TATA_NASKAH_DINAS_OTORITAS_JASA_KEUANGAN.pdf
Peraturan_ADK_47_Tahun_2013_KOMITE_PENGEMBANGAN_JASA_KEUANGAN_SYARIAH_DI_OTORITAS_JASA_KEUANGAN.pdf,PADK,47,2013,TIDAK_COCOK,downloads/Peraturan_ADK_47_Tahun_2013_KOMITE_PENGEMBANGAN_JASA_KEUANGAN_SYARIAH_DI_OTORITAS_JASA_KEUANGAN.pdf
SEOJK_204-SEOJK.05-2024_20Dasar_20Penilaian_20Investasi_20Dana_20Pensiun.pdf,SEOJK,4,2024,COCOK,downloads/SEOJK_204-SEOJK.05-2024_20Dasar_20Penilaian_20Investasi_20Dana_20Pensiun.pdf
Peraturan_OJK_23_2023.pdf,POJK,23,2023,COCOK,downloads/Peraturan_OJK_23_2023.pdf
Peraturan_ADK_21_Tahun_2011_TATA_NASKAH_DINAS_OTORITAS_JASA_KEUANGAN.pdf,PADK,21,2011,TIDAK_COCOK,downloads/Peraturan_ADK_21_Tahun_2011_TATA_NASKAH_DINAS_OTORITAS_JASA_KEUANGAN.pdf
Peraturan_ADK_4_Tahun_2025_PEMERIKSAAN_KHUSUS_DUGAAN_TINDAK_PIDANA_PADA_LEMBAGA_PEMBIAYAAN_PERUSAHAAN_MODAL_VENTURA_LEMBAGA_KEUANGAN_MIKRO_DAN_LEMBAGA_JASA_KEUANGAN_LAINNYA.pdf,PADK,4,2025,TIDAK_COCOK,downloads/Peraturan_ADK_4_Tahun_2025_PEMERIKSAAN_KHUSUS_DUGAAN_TINDAK_PIDANA_PADA_LEMBAGA_PEMBIAYAAN_PERUSAHAAN_MODAL_VENTURA_LEMBAGA_KEUANGAN_MIKRO_DAN_LEMBAGA_JASA_KEUANGAN_LAINNYA.pdf
Peraturan_ADK_1_Tahun_2016_PERUBAHAN_ATAS_PERATURAN_DEWAN_KOMISIONER_OTORITAS_JASA_KEUANGAN_NOMOR_1_PDK.07_2015_TENTANG_SISTEM_LAYANAN_KONSUMEN_TERINTEGRASI_DI_SEKTOR_JASA_KEUANGAN.pdf,PADK,1,2016,TIDAK_COCOK,downloads/Peraturan_ADK_1_Tahun_2016_PERUBAHAN_ATAS_PERATURAN_DEWAN_KOMISIONER_OTORITAS_JASA_KEUANGAN_NOMOR_1_PDK.07_2015_TENTANG_SISTEM_LAYANAN_KONSUMEN_TERINTEGRASI_DI_SEKTOR_JASA_KEUANGAN.pdf
Peraturan_ADK_36_Tahun_2013_PEMBAGIAN_TUGAS_ANGGOTA_DEWAN_KOMISIONER_OTORITAS_JASA_KEUANGAN.pdf,PADK,36,2013,TIDAK_COCOK,downloads/Peraturan_ADK_36_Tahun_2013_PEMBAGIAN_TUGAS_ANGGOTA_DEWAN_KOMISIONER_OTORITAS_JASA_KEUANGAN.pdf
Peraturan_OJK_4_2020.pdf,POJK,4,2020,COCOK,downloads/Peraturan_OJK_4_2020.pdf
Peraturan_ADK_1_Tahun_2020_PERUBAHAN_ATAS_PERATURAN_DEWAN_KOMISIONER_OTORITAS_JASA_KEUANGAN_NOMOR_2_PDK.06_2015_TENTANG_PENGENDALIAN_GRATIFIKASI_DI_OTORITAS_JASA_KEUANGAN.pdf,PADK,1,2020,TIDAK_COCOK,downloads/Peraturan_ADK_1_Tahun_2020_PERUBAHAN_ATAS_PERATURAN_DEWAN_KOMISIONER_OTORITAS_JASA_KEUANGAN_NOMOR_2_PDK.06_2015_TENTANG_PENGENDALIAN_GRATIFIKASI_DI_OTORITAS_JASA_KEUANGAN.pdf
FAQ_20POJK_2034_20Tahun_202025_20Penyelenggaraan_20Teknologi_20Informasi_20oleh_20Bank_20Perekonomian_20Rakyat_20dan_20Bank_20Perekonomian_20Rakyat_20Syariah.pdf,,34,2025,TIDAK_COCOK,downloads/FAQ_20POJK_2034_20Tahun_202025_20Penyelenggaraan_20Teknologi_20Informasi_20oleh_20Bank_20Perekonomian_20Rakyat_20dan_20Bank_20Perekonomian_20Rakyat_20Syariah.pdf
Surat_Edaran_OJK_15_2015.pdf,SEOJK,15,2015,COCOK,downloads/Surat_Edaran_OJK_15_2015.pdf
POJK_2036_20Tahun_202024_20Perubahan_20Atas_20POJK_20692016_20tentang_20Penyelenggaraan_20Usaha_20Perusahaan_20Asuransi_20Perusahaan_20Asuransi_20Syariah_20Perusahaan_20Reasuransi_20dan_20Perusahaan_20Reasuransi_20Syariah.pdf,POJK,36,2024,COCOK,downloads/POJK_2036_20Tahun_202024_20Perubahan_20Atas_20POJK_20692016_20tentang_20Penyelenggaraan_20Usaha_20Perusahaan_20Asuransi_20Perusahaan_20Asuransi_20Syariah_20Perusahaan_20Reasuransi_20dan_20Perusahaan_20Reasuransi_20Syariah.pdf
Surat_Edaran_OJK_7_2023.pdf,SEOJK,7,2023,COCOK,downloads/Surat_Edaran_OJK_7_2023.pdf
Surat_Edaran_OJK_16_2019.pdf,SEOJK,16,2019,TIDAK_COCOK,downloads/Surat_Edaran_OJK_16_2019.pdf
Peraturan_ADK_1_Tahun_2025_PEDOMAN_PENGAWASAN_LEMBAGA_PEMBIAYAAN_EKSPOR_INDONESIA_BERBASIS_RISIKO.pdf,PADK,1,2025,TIDAK_COCOK,downloads/Peraturan_ADK_1_Tahun_2025_PEDOMAN_PENGAWASAN_LEMBAGA_PEMBIAYAAN_EKSPOR_INDONESIA_BERBASIS_RISIKO.pdf
Surat_Edaran_OJK_12_2020.pdf,SEOJK,12,2020,COCOK,downloads/Surat_Edaran_OJK_12_2020.pdf
Peraturan_OJK_54_2017.pdf,POJK,54,2017,COCOK,downloads/Peraturan_OJK_54_2017.pdf
Peraturan_OJK_33_2020.pdf,POJK,33,2020,COCOK,downloads/Peraturan_OJK_33_2020.pdf
Surat_Edaran_OJK_20_2025.pdf,SEOJK,20,2025,COCOK,downloads/Surat_Edaran_OJK_20_2025.pdf
Peraturan_ADK_7_Tahun_2025_ORGANISASI_BIDANG_PENGAWASAN_SEKTOR_PERASURANSIAN_PENJAMINAN_DAN_DANA_PENSIUN.pdf,PADK,7,2025,TIDAK_COCOK,downloads/Peraturan_ADK_7_Tahun_2025_ORGANISASI_BIDANG_PENGAWASAN_SEKTOR_PERASURANSIAN_PENJAMINAN_DAN_DANA_PENSIUN.pdf
Tahun_PERUBAHAN_ATAS_KEPUTUSAN_DEWAN_KOMISIONER_OTORITAS_JASA_KEUANGAN_NOMOR_1_KDK.02_2019_TENTANG_PENUNJUKAN_PEJABAT_DAN_ATAU_PEGAWAI_SEBAGAI_PELAKSANA_ANGGARAN_OTORITAS_JASA_KEUANGAN.pdf,KDK,1,2019,TIDAK_COCOK,downloads/Tahun_PERUBAHAN_ATAS_KEPUTUSAN_DEWAN_KOMISIONER_OTORITAS_JASA_KEUANGAN_NOMOR_1_KDK.02_2019_TENTANG_PENUNJUKAN_PEJABAT_DAN_ATAU_PEGAWAI_SEBAGAI_PELAKSANA_ANGGARAN_OTORITAS_JASA_KEUANGAN.pdf
FAQ_20SEOJK_201-SEOJK.06-2024_20Tata_20Cara_20dan_20Mekanisme_20Penyampaian_20Data_20Transaksi_20Pendanaan_20dan_20Pelaporan_20Penyelenggara_20LPBBTI.pdf,,1,2024,TIDAK_COCOK,downloads/FAQ_20SEOJK_201-SEOJK.06-2024_20Tata_20Cara_20dan_20Mekanisme_20Penyampaian_20Data_20Transaksi_20Pendanaan_20dan_20Pelaporan_20Penyelenggara_20LPBBTI.pdf
Peraturan_ADK_10_Tahun_2013_PEMBENTUKAN_KOMITE_ETIK_DI_OTORITAS_JASA_KEUANGAN.pdf,PADK,10,2013,TIDAK_COCOK,downloads/Peraturan_ADK_10_Tahun_2013_PEMBENTUKAN_KOMITE_ETIK_DI_OTORITAS_JASA_KEUANGAN.pdf
Peraturan_ADK_Tahun_MEKANISME_KOORDINASI_PELINDUNGAN_KONSUMEN_DAN_MASYARAKAT_DI_SEKTOR_JASA_KEUANGAN.pdf,PADK,,,TIDAK_COCOK,downloads/Peraturan_ADK_Tahun_MEKANISME_KOORDINASI_PELINDUNGAN_KONSUMEN_DAN_MASYARAKAT_DI_SEKTOR_JASA_KEUANGAN.pdf
Surat_Edaran_OJK_15_2016.pdf,SEOJK,15,2016,COCOK,downloads/Surat_Edaran_OJK_15_2016.pdf
Peraturan_ADK_30_Tahun_2017_PEDOMAN_AKUNTANSI_PIUTANG_OTORITAS_JASA_KEUANGAN.pdf,PADK,30,2017,TIDAK_COCOK,downloads/Peraturan_ADK_30_Tahun_2017_PEDOMAN_AKUNTANSI_PIUTANG_OTORITAS_JASA_KEUANGAN.pdf
Peraturan_OJK_20_2022.pdf,POJK,20,2022,COCOK,downloads/Peraturan_OJK_20_2022.pdf
Peraturan_OJK_12_2014.pdf,POJK,12,2014,COCOK,downloads/Peraturan_OJK_12_2014.pdf
Peraturan_OJK_5_2026.pdf,POJK,5,2026,COCOK,downloads/Peraturan_OJK_5_2026.pdf
Peraturan_ADK_10_Tahun_2013_LARANGAN_MEROKOK_PADA_KAWASAN_PERKANTORAN_OTORITAS_JASA_KEUANGAN.pdf,PADK,10,2013,TIDAK_COCOK,downloads/Peraturan_ADK_10_Tahun_2013_LARANGAN_MEROKOK_PADA_KAWASAN_PERKANTORAN_OTORITAS_JASA_KEUANGAN.pdf
Peraturan_ADK_21_Tahun_2011_STANDAR_MANAJEMEN_RISIKO_OTORITAS_JASA_KEUANGAN.pdf,PADK,21,2011,TIDAK_COCOK,downloads/Peraturan_ADK_21_Tahun_2011_STANDAR_MANAJEMEN_RISIKO_OTORITAS_JASA_KEUANGAN.pdf
Peraturan_OJK_15_2018.pdf,POJK,15,2018,COCOK,downloads/Peraturan_OJK_15_2018.pdf
Surat_Edaran_OJK_14_2015.pdf,SEOJK,14,2015,COCOK,downloads/Surat_Edaran_OJK_14_2015.pdf
Peraturan_OJK_62_2017.pdf,POJK,62,2017,COCOK,downloads/Peraturan_OJK_62_2017.pdf
Peraturan_OJK_41_2025.pdf,POJK,41,2025,COCOK,downloads/Peraturan_OJK_41_2025.pdf
Peraturan_ADK_1_Tahun_2023_PEDOMAN_PENGAWASAN_TERINTEGRASI_BERDASARKAN_RISIKO_TERHADAP_KONGLOMERASI_KEUANGAN_UNTUK_TAHAPAN_PEMAHAMAN_TERHADAP_KONGLOMERASI_KEUANGAN_KNOW_YOUR_FINANCIAL_CONGLOMERATE.pdf,PADK,1,2023,TIDAK_COCOK,downloads/Peraturan_ADK_1_Tahun_2023_PEDOMAN_PENGAWASAN_TERINTEGRASI_BERDASARKAN_RISIKO_TERHADAP_KONGLOMERASI_KEUANGAN_UNTUK_TAHAPAN_PEMAHAMAN_TERHADAP_KONGLOMERASI_KEUANGAN_KNOW_YOUR_FINANCIAL_CONGLOMERATE.pdf
Peraturan_ADK_3_Tahun_2015_PENGADAAN_JASA_PENASEHAT_HUKUM_EKSTERNAL.pdf,PADK,3,2015,TIDAK_COCOK,downloads/Peraturan_ADK_3_Tahun_2015_PENGADAAN_JASA_PENASEHAT_HUKUM_EKSTERNAL.pdf
Peraturan_ADK_11_Tahun_2013_PERUBAHAN_ATAS_KEPUTUSAN_DEWAN_KOMISIONER_OTORITAS_JASA_KEUANGAN_NOMOR_16_KDK.02_2014_TENTANG_PENETAPAN_DAN_PENGANGKATAN_PEGAWAI_TETAP_OTORITAS_JASA_KEUANGAN.pdf,PADK,11,2013,TIDAK_COCOK,downloads/Peraturan_ADK_11_Tahun_2013_PERUBAHAN_ATAS_KEPUTUSAN_DEWAN_KOMISIONER_OTORITAS_JASA_KEUANGAN_NOMOR_16_KDK.02_2014_TENTANG_PENETAPAN_DAN_PENGANGKATAN_PEGAWAI_TETAP_OTORITAS_JASA_KEUANGAN.pdf
Peraturan_Bapepam_11_1992.pdf,,11,1992,TIDAK_COCOK,downloads/Peraturan_Bapepam_11_1992.pdf
Peraturan_OJK_26_2021.pdf,POJK,26,2021,COCOK,downloads/Peraturan_OJK_26_2021.pdf
Surat_Edaran_OJK.pdf,SEOJK,,,TIDAK_COCOK,downloads/Surat_Edaran_OJK.pdf
Surat_Edaran_OJK_48_2016.pdf,SEOJK,48,2016,COCOK,downloads/Surat_Edaran_OJK_48_2016.pdf
Peraturan_OJK_32_2017.pdf,POJK,32,2017,COCOK,downloads/Peraturan_OJK_32_2017.pdf
Surat_Edaran_OJK_8_2025.pdf,SEOJK,8,2025,COCOK,downloads/Surat_Edaran_OJK_8_2025.pdf
Surat_Edaran_OJK_18_2023.pdf,SEOJK,18,2023,COCOK,downloads/Surat_Edaran_OJK_18_2023.pdf
Surat_Edaran_OJK_18_2013.pdf,SEOJK,18,2013,COCOK,downloads/Surat_Edaran_OJK_18_2013.pdf
Tahun_PEMINDAHTANGANAN_PEMUSNAHAN_DAN_PENGHAPUSAN_BARANG_MILIK_OJK_DAN_BARANG_MILIK_PIHAK_LAINNYA_Ringkasan_Surat_Edaran.pdf,SEOJK,,,TIDAK_COCOK,downloads/Tahun_PEMINDAHTANGANAN_PEMUSNAHAN_DAN_PENGHAPUSAN_BARANG_MILIK_OJK_DAN_BARANG_MILIK_PIHAK_LAINNYA_Ringkasan_Surat_Edaran.pdf
FAQ_20POJK_2038_20Tahun_202024_20Perubahan_20Atas_20POJK_20282015_20tentang_20Pembubaran_20Likuidasi_20dan_20Kepailitan_20Perusahaan_20Asuransi_20Perusahaan_20Asuransi_20Syariah_20Perusahaan_20Reasuransi_20dan_20Perusahaan_20Rea.pdf,,38,2024,TIDAK_COCOK,downloads/FAQ_20POJK_2038_20Tahun_202024_20Perubahan_20Atas_20POJK_20282015_20tentang_20Pembubaran_20Likuidasi_20dan_20Kepailitan_20Perusahaan_20Asuransi_20Perusahaan_20Asuransi_20Syariah_20Perusahaan_20Reasuransi_20dan_20Perusahaan_20Rea.pdf
Surat_Edaran_OJK_6_2017.pdf,SEOJK,6,2017,COCOK,downloads/Surat_Edaran_OJK_6_2017.pdf
Peraturan_OJK_7_2015.pdf,POJK,7,2015,COCOK,downloads/Peraturan_OJK_7_2015.pdf
Peraturan_ADK_11_Tahun_1992_PENDIRI_DAN_PEMEGANG_SAHAM_DANA_PENSIUN_OTORITAS_JASA_KEUANGAN.pdf,PADK,11,1992,TIDAK_COCOK,downloads/Peraturan_ADK_11_Tahun_1992_PENDIRI_DAN_PEMEGANG_SAHAM_DANA_PENSIUN_OTORITAS_JASA_KEUANGAN.pdf
Peraturan_ADK_10_Tahun_2015_PETUNJUK_TEKNIS_PENILAIAN_RISIKO_TRANSAKSI_INTRAGRUP_BAGI_KONGLOMERASI_KEUANGAN.pdf,PADK,10,2015,TIDAK_COCOK,downloads/Peraturan_ADK_10_Tahun_2015_PETUNJUK_TEKNIS_PENILAIAN_RISIKO_TRANSAKSI_INTRAGRUP_BAGI_KONGLOMERASI_KEUANGAN.pdf
Peraturan_OJK_15_2019.pdf,POJK,15,2019,COCOK,downloads/Peraturan_OJK_15_2019.pdf
FAQ_20POJK_20Nomor_205_20Tahun_202024_20Penetapan_20Status_20Pengawasan_20dan_20Penanganan_20Permasalahan_20Bank_20Umum.pdf,,5,2024,TIDAK_COCOK,downloads/FAQ_20POJK_20Nomor_205_20Tahun_202024_20Penetapan_20Status_20Pengawasan_20dan_20Penanganan_20Permasalahan_20Bank_20Umum.pdf
Abstrak_20SEOJK_2014-SEOJK.03.2025_20Penerapan_20Tata_20Kelola_20Bagi_20Bank_20Umum.pdf,,14,2025,TIDAK_COCOK,downloads/Abstrak_20SEOJK_2014-SEOJK.03.2025_20Penerapan_20Tata_20Kelola_20Bagi_20Bank_20Umum.pdf
FAQ_20POJK_2025_20Tahun_202023_20Penyelenggaraan_20Usaha_20Perusahaan_20Modal_20Ventura_20dan_20Perusahaan_20Modal_20Ventura_20Syariah.pdf,,25,2023,TIDAK_COCOK,downloads/FAQ_20POJK_2025_20Tahun_202023_20Penyelenggaraan_20Usaha_20Perusahaan_20Modal_20Ventura_20dan_20Perusahaan_20Modal_20Ventura_20Syariah.pdf
Abstrak_20POJK_2013_20Tahun_202025_20Pengendalian_20Internal_20dan_20Perilaku_20Perusahaan_20Efek_20yang_20Melakukan_20Kegiatan_20Usaha_20Sebagai_20Penjamin_20Emisi_20Efek_20dan_20Perantara_20Pedagang_20Efek.pdf,,13,2025,TIDAK_COCOK,downloads/Abstrak_20POJK_2013_20Tahun_202025_20Pengendalian_20Internal_20dan_20Perilaku_20Perusahaan_20Efek_20yang_20Melakukan_20Kegiatan_20Usaha_20Sebagai_20Penjamin_20Emisi_20Efek_20dan_20Perantara_20Pedagang_20Efek.pdf
SEOJKNo02Tahun2013_1395202423.pdf,SEOJK,2,2013,COCOK,downloads/SEOJKNo02Tahun2013_1395202423.pdf
Peraturan_ADK_1_Tahun_2018_PEMBENTUKAN_PERATURAN_DI_OTORITAS_JASA_KEUANGAN.pdf,PADK,1,2018,TIDAK_COCOK,downloads/Peraturan_ADK_1_Tahun_2018_PEMBENTUKAN_PERATURAN_DI_OTORITAS_JASA_KEUANGAN.pdf
Peraturan_OJK_65_2016.pdf,POJK,65,2016,COCOK,downloads/Peraturan_OJK_65_2016.pdf
Peraturan_ADK_6_Tahun_2014_PEDOMAN_PENGAWASAN_BERDASARKAN_RISIKO_BAGI_BANK_UMUM_SYARIAH_DAN_UNIT_USAHA_SYARIAH_UNTUK_PENILAIAN_TINGKAT_KESEHATAN_BANK_RISK-BASED_BANK_RATING.pdf,PADK,6,2014,TIDAK_COCOK,downloads/Peraturan_ADK_6_Tahun_2014_PEDOMAN_PENGAWASAN_BERDASARKAN_RISIKO_BAGI_BANK_UMUM_SYARIAH_DAN_UNIT_USAHA_SYARIAH_UNTUK_PENILAIAN_TINGKAT_KESEHATAN_BANK_RISK-BASED_BANK_RATING.pdf
Surat_Edaran_OJK_37_2016.pdf,SEOJK,37,2016,COCOK,downloads/Surat_Edaran_OJK_37_2016.pdf
2_2026.pdf,,2,2026,TIDAK_COCOK,downloads/2_2026.pdf
FAQ_20SEOJK_20Nomor_2026-SEOJK03-2025_20Proses_20Asesmen_20Kecukupan_20Likuiditas_20Secara_20Internal_20Bagi_20Bank_20Umum.pdf,,26,2025,TIDAK_COCOK,downloads/FAQ_20SEOJK_20Nomor_2026-SEOJK03-2025_20Proses_20Asesmen_20Kecukupan_20Likuiditas_20Secara_20Internal_20Bagi_20Bank_20Umum.pdf
Surat_Edaran_OJK_4_2014.pdf,SEOJK,4,2014,TIDAK_COCOK,downloads/Surat_Edaran_OJK_4_2014.pdf
Surat_Edaran_OJK_18_2019.pdf,SEOJK,18,2019,COCOK,downloads/Surat_Edaran_OJK_18_2019.pdf
Peraturan_OJK_27_2019.pdf,POJK,27,2019,COCOK,downloads/Peraturan_OJK_27_2019.pdf
Peraturan_ADK_7_Tahun_2021_PEDOMAN_PELAKSANAAN_FORUM_PANEL_PENGAWASAN_TERINTEGRASI_BERDASARKAN_RISIKO_TERHADAP_KONGLOMERASI_KEUANGAN.pdf,PADK,7,2021,TIDAK_COCOK,downloads/Peraturan_ADK_7_Tahun_2021_PEDOMAN_PELAKSANAAN_FORUM_PANEL_PENGAWASAN_TERINTEGRASI_BERDASARKAN_RISIKO_TERHADAP_KONGLOMERASI_KEUANGAN.pdf
Peraturan_OJK_12_2018.pdf,POJK,12,2018,COCOK,downloads/Peraturan_OJK_12_2018.pdf
Peraturan_ADK_1_Tahun_2023_PERUBAHAN_ATAS_SURAT_EDARAN_DEWAN_KOMISIONER_OTORITAS_JASA_KEUANGAN_NOMOR_2_SEDK.05_2022_TENTANG_PEDOMAN_PEMERIKSAAN_LEMBAGA_KEUANGAN_MIKRO.pdf,PADK,1,2023,TIDAK_COCOK,downloads/Peraturan_ADK_1_Tahun_2023_PERUBAHAN_ATAS_SURAT_EDARAN_DEWAN_KOMISIONER_OTORITAS_JASA_KEUANGAN_NOMOR_2_SEDK.05_2022_TENTANG_PEDOMAN_PEMERIKSAAN_LEMBAGA_KEUANGAN_MIKRO.pdf
Peraturan_ADK_5_Tahun_2014_MANAJEMEN_PUNGUTAN.pdf,PADK,5,2014,TIDAK_COCOK,downloads/Peraturan_ADK_5_Tahun_2014_MANAJEMEN_PUNGUTAN.pdf
Peraturan_OJK_48_2016.pdf,POJK,48,2016,COCOK,downloads/Peraturan_OJK_48_2016.pdf
Peraturan_ADK_11_Tahun_2024_PERUBAHAN_KEDUA_ATAS_SURAT_EDARAN_DEWAN_KOMISIONER_OTORITAS_JASA_KEUANGAN_NOMOR_19_SEDK.02_2023_TENTANG_ORGANISASI_BIDANG_KEBIJAKAN_STRATEGIS.pdf,PADK,11,2024,TIDAK_COCOK,downloads/Peraturan_ADK_11_Tahun_2024_PERUBAHAN_KEDUA_ATAS_SURAT_EDARAN_DEWAN_KOMISIONER_OTORITAS_JASA_KEUANGAN_NOMOR_19_SEDK.02_2023_TENTANG_ORGANISASI_BIDANG_KEBIJAKAN_STRATEGIS.pdf
Peraturan_ADK_3_Tahun_2015_PEDOMAN_PENGAWASAN_TERINTEGRASI_BERDASARKAN_RISIKO_TERHADAP_KONGLOMERASI_KEUANGAN_UNTUK_TAHAPAN_PERENCANAAN_PENGAWASAN_TERINTEGRASI_INTEGRATED_SUPERVISORY_PLAN.pdf,PADK,3,2015,TIDAK_COCOK,downloads/Peraturan_ADK_3_Tahun_2015_PEDOMAN_PENGAWASAN_TERINTEGRASI_BERDASARKAN_RISIKO_TERHADAP_KONGLOMERASI_KEUANGAN_UNTUK_TAHAPAN_PERENCANAAN_PENGAWASAN_TERINTEGRASI_INTEGRATED_SUPERVISORY_PLAN.pdf
Salinan_20POJK_20Nomor_205_20Tahun_202024_20Penetapan_20Status_20Pengawasan_20dan_20Penanganan_20Permasalahan_20Bank_20Umum.pdf,,5,2024,TIDAK_COCOK,downloads/Salinan_20POJK_20Nomor_205_20Tahun_202024_20Penetapan_20Status_20Pengawasan_20dan_20Penanganan_20Permasalahan_20Bank_20Umum.pdf
SEOJK_2024-SEOJK03-2025_20Rencana_20Bisnis_20Bank_20Perekonomian_20Rakyat.pdf,SEOJK,24,2025,COCOK,downloads/SEOJK_2024-SEOJK03-2025_20Rencana_20Bisnis_20Bank_20Perekonomian_20Rakyat.pdf
Peraturan_OJK_6_2020.pdf,POJK,6,2020,COCOK,downloads/Peraturan_OJK_6_2020.pdf
Peraturan_ADK_Tahun_PETUNJUK_TEKNIS_PELAKSANAAN_PENGADAAN_PEKERJAAN_KONSTRUKSI_TERINTEGRASI_RANCANG_DAN_BANGUN_CONSTRUCTION_-_DESIGN_BUILD.pdf,PADK,,,TIDAK_COCOK,downloads/Peraturan_ADK_Tahun_PETUNJUK_TEKNIS_PELAKSANAAN_PENGADAAN_PEKERJAAN_KONSTRUKSI_TERINTEGRASI_RANCANG_DAN_BANGUN_CONSTRUCTION_-_DESIGN_BUILD.pdf
Abstrak_20POJK_206_20Tahun_202024_20Pembiayaan_20Transaksi_20Efek_20Oleh_20Perusahaan_20Efek_20Bagi_20Nasabah_20dan_20Transaksi_20Short_20Selling_20Oleh_20Perusahaan_20Efek.pdf,,6,2024,TIDAK_COCOK,downloads/Abstrak_20POJK_206_20Tahun_202024_20Pembiayaan_20Transaksi_20Efek_20Oleh_20Perusahaan_20Efek_20Bagi_20Nasabah_20dan_20Transaksi_20Short_20Selling_20Oleh_20Perusahaan_20Efek.pdf
Peraturan_ADK_29_Tahun_2014_PERUBAHAN_KETIGA_ATAS_SURAT_EDARAN_DEWAN_KOMISIONER_OTORITAS_JASA_KEUANGAN_NOMOR_33_SEDK.02_2013_TENTANG_PEDOMAN_TATA_NASKAH_DINAS_OTORITAS_JASA_KEUANGAN.pdf,PADK,29,2014,TIDAK_COCOK,downloads/Peraturan_ADK_29_Tahun_2014_PERUBAHAN_KETIGA_ATAS_SURAT_EDARAN_DEWAN_KOMISIONER_OTORITAS_JASA_KEUANGAN_NOMOR_33_SEDK.02_2013_TENTANG_PEDOMAN_TATA_NASKAH_DINAS_OTORITAS_JASA_KEUANGAN.pdf
Peraturan_OJK_25_2017.pdf,POJK,25,2017,COCOK,downloads/Peraturan_OJK_25_2017.pdf
Peraturan_ADK_2_Tahun_2017_PEDOMAN_PENGAWASAN_BERBASIS_RISIKO_DALAM_PENERAPAN_PROGRAM_ANTI_PENCUCIAN_UANG_DAN_PENCEGAHAN_PENDANAAN_TERORISME_PADA_MANAJER_INVESTASI.pdf,PADK,2,2017,TIDAK_COCOK,downloads/Peraturan_ADK_2_Tahun_2017_PEDOMAN_PENGAWASAN_BERBASIS_RISIKO_DALAM_PENERAPAN_PROGRAM_ANTI_PENCUCIAN_UANG_DAN_PENCEGAHAN_PENDANAAN_TERORISME_PADA_MANAJER_INVESTASI.pdf
Peraturan_ADK_19_Tahun_2013_PEMBENTUKAN_KOMITE_MANAJEMEN_STRATEGI_ANGGARAN_DAN_KINERJA_DI_OTORITAS_JASA_KEUANGAN.pdf,PADK,19,2013,TIDAK_COCOK,downloads/Peraturan_ADK_19_Tahun_2013_PEMBENTUKAN_KOMITE_MANAJEMEN_STRATEGI_ANGGARAN_DAN_KINERJA_DI_OTORITAS_JASA_KEUANGAN.pdf
FAQ_20PADK_20Nomor_203_20Tahun_202026_20Penyelenggaraan_20Perdagangan_20Aset_20Keuangan_20Digital_20termasuk_20Aset_20Kripto.pdf,,3,2026,TIDAK_COCOK,downloads/FAQ_20PADK_20Nomor_203_20Tahun_202026_20Penyelenggaraan_20Perdagangan_20Aset_20Keuangan_20Digital_20termasuk_20Aset_20Kripto.pdf
FAQ_20SEOJK_2032-SEOJK03-2025_20Transparansi_20dan_20Publikasi_20Laporan_20Bank_20Umum_20Syariah_20dan_20Unit_20Usaha_20Syariah.pdf,,32,2025,TIDAK_COCOK,downloads/FAQ_20SEOJK_2032-SEOJK03-2025_20Transparansi_20dan_20Publikasi_20Laporan_20Bank_20Umum_20Syariah_20dan_20Unit_20Usaha_20Syariah.pdf
Peraturan_OJK_32_2025.pdf,POJK,32,2025,COCOK,downloads/Peraturan_OJK_32_2025.pdf
Abstrak_20PADK_2045-PADK06-2025_20Laporan_20Bulanan_20Perusahaan_20Pembiayaan_20dan_20Perusahaan_20Pembiayaan_20Syariah.pdf,,45,2025,TIDAK_COCOK,downloads/Abstrak_20PADK_2045-PADK06-2025_20Laporan_20Bulanan_20Perusahaan_20Pembiayaan_20dan_20Perusahaan_20Pembiayaan_20Syariah.pdf
Peraturan_OJK_39_2014.pdf,POJK,39,2014,COCOK,downloads/Peraturan_OJK_39_2014.pdf
Peraturan_ADK_16_Tahun_2024_PEDOMAN_PENGELOLAAN_KENDARAAN_DINAS_OPERASIONAL_DI_LINGKUNGAN_OTORITAS_JASA_KEUANGAN.pdf,PADK,16,2024,TIDAK_COCOK,downloads/Peraturan_ADK_16_Tahun_2024_PEDOMAN_PENGELOLAAN_KENDARAAN_DINAS_OPERASIONAL_DI_LINGKUNGAN_OTORITAS_JASA_KEUANGAN.pdf
Surat_Edaran_OJK_4_2020.pdf,SEOJK,4,2020,COCOK,downloads/Surat_Edaran_OJK_4_2020.pdf
Peraturan_OJK_64_2017.pdf,POJK,64,2017,COCOK,downloads/Peraturan_OJK_64_2017.pdf
Surat_Edaran_OJK_55_2016.pdf,SEOJK,55,2016,COCOK,downloads/Surat_Edaran_OJK_55_2016.pdf
Peraturan_OJK_16_2019.pdf,POJK,16,2019,COCOK,downloads/Peraturan_OJK_16_2019.pdf
Peraturan_ADK_8_Tahun_2024_TATA_CARA_PENANGKAPAN_DAN_PENAHANAN_TERSANGKA_TINDAK_PIDANA_DI_SEKTOR_JASA_KEUANGAN.pdf,PADK,8,2024,TIDAK_COCOK,downloads/Peraturan_ADK_8_Tahun_2024_TATA_CARA_PENANGKAPAN_DAN_PENAHANAN_TERSANGKA_TINDAK_PIDANA_DI_SEKTOR_JASA_KEUANGAN.pdf
Abstrak_20POJK_202_20Tahun_202025_20Tata_20Cara_20Pelaksanaan_20Pungutan_20di_20Sektor_20Jasa_20Keuangan_20dan_20Penerimaan_20Lainnya.pdf,,2,2025,TIDAK_COCOK,downloads/Abstrak_20POJK_202_20Tahun_202025_20Tata_20Cara_20Pelaksanaan_20Pungutan_20di_20Sektor_20Jasa_20Keuangan_20dan_20Penerimaan_20Lainnya.pdf
Peraturan_OJK_35_2016.pdf,POJK,35,2016,COCOK,downloads/Peraturan_OJK_35_2016.pdf
Surat_Edaran_OJK_21_2023.pdf,SEOJK,21,2023,TIDAK_COCOK,downloads/Surat_Edaran_OJK_21_2023.pdf
Peraturan_OJK_31_2018.pdf,POJK,31,2018,COCOK,downloads/Peraturan_OJK_31_2018.pdf
Peraturan_ADK_8_Tahun_2017_PERUBAHAN_KELIMA_ATAS_SURAT_EDARAN_DEWAN_KOMISIONER_OTORITAS_JASA_KEUANGAN_NOMOR_33_SEDK.02_2013_TENTANG_PEDOMAN_TATA_NASKAH_DINAS_OTORITAS_JASA_KEUANGAN.pdf,PADK,8,2017,TIDAK_COCOK,downloads/Peraturan_ADK_8_Tahun_2017_PERUBAHAN_KELIMA_ATAS_SURAT_EDARAN_DEWAN_KOMISIONER_OTORITAS_JASA_KEUANGAN_NOMOR_33_SEDK.02_2013_TENTANG_PEDOMAN_TATA_NASKAH_DINAS_OTORITAS_JASA_KEUANGAN.pdf
Peraturan_ADK_23_Tahun_2014_PERUBAHAN_KEDUA_ATAS_PERATURAN_DEWAN_KOMISIONER_OTORITAS_JASA_KEUANGAN_NOMOR_29_PDK.02_2013_TENTANG_ORGANISASI_BIDANG_PENGAWASAN_SEKTOR_PERBANKAN_KANTOR_REGIONAL_DAN_KANTOR_OTORITAS_JASA_KEUANGAN.pdf,PADK,23,2014,TIDAK_COCOK,downloads/Peraturan_ADK_23_Tahun_2014_PERUBAHAN_KEDUA_ATAS_PERATURAN_DEWAN_KOMISIONER_OTORITAS_JASA_KEUANGAN_NOMOR_29_PDK.02_2013_TENTANG_ORGANISASI_BIDANG_PENGAWASAN_SEKTOR_PERBANKAN_KANTOR_REGIONAL_DAN_KANTOR_OTORITAS_JASA_KEUANGAN.pdf
PADK_2044-PADK01-2025_20Tata_20Cara_20Penggunaan_20Profesi_20Penunjang_20di_20SJK.pdf,PADK,44,2025,COCOK,downloads/PADK_2044-PADK01-2025_20Tata_20Cara_20Penggunaan_20Profesi_20Penunjang_20di_20SJK.pdf
Peraturan_ADK_2_Tahun_2015_CUTI_ANGGOTA_DEWAN_KOMISIONER_OTORITAS_JASA_KEUANGAN.pdf,PADK,2,2015,TIDAK_COCOK,downloads/Peraturan_ADK_2_Tahun_2015_CUTI_ANGGOTA_DEWAN_KOMISIONER_OTORITAS_JASA_KEUANGAN.pdf
Peraturan_ADK_19_Tahun_2016_AKUNTANSI_PIUTANG_OTORITAS_JASA_KEUANGAN.pdf,PADK,19,2016,TIDAK_COCOK,downloads/Peraturan_ADK_19_Tahun_2016_AKUNTANSI_PIUTANG_OTORITAS_JASA_KEUANGAN.pdf
Peraturan_OJK_9_2015.pdf,POJK,9,2015,COCOK,downloads/Peraturan_OJK_9_2015.pdf
Surat_Edaran_OJK_41_2016.pdf,SEOJK,41,2016,COCOK,downloads/Surat_Edaran_OJK_41_2016.pdf
Peraturan_OJK_14_2023.pdf,POJK,14,2023,COCOK,downloads/Peraturan_OJK_14_2023.pdf
FAQ_20SEOJK_2023-SEOJK06-2025_20Laporan_20Bulanan_20Perusahaan_20Modal_20Ventura_20dan_20Perusahaan_20Modal_20Ventura_20Syariah.pdf,,23,2025,TIDAK_COCOK,downloads/FAQ_20SEOJK_2023-SEOJK06-2025_20Laporan_20Bulanan_20Perusahaan_20Modal_20Ventura_20dan_20Perusahaan_20Modal_20Ventura_20Syariah.pdf
Abstrak_20SEOJK_204-SEOJK.07-2025_20Pelaporan_20Penyelenggara_20Inovasi_20Teknologi_20Sektor_20Keuangan_20Yang_20Memiliki_20Izin_20Usaha_20di_20Otoritas_20Jasa_20Keuangan.pdf,,4,2025,TIDAK_COCOK,downloads/Abstrak_20SEOJK_204-SEOJK.07-2025_20Pelaporan_20Penyelenggara_20Inovasi_20Teknologi_20Sektor_20Keuangan_20Yang_20Memiliki_20Izin_20Usaha_20di_20Otoritas_20Jasa_20Keuangan.pdf
Peraturan_ADK_3_Tahun_2017_PERUBAHAN_KETIGA_ATAS_PERATURAN_DEWAN_KOMISIONER_OTORITAS_JASA_KEUANGAN_NOMOR_01_16_PDK_XII_2012_TENTANG_PELAKSANAAN_TUGAS_DAN_WEWENANG.pdf,PADK,3,2017,TIDAK_COCOK,downloads/Peraturan_ADK_3_Tahun_2017_PERUBAHAN_KETIGA_ATAS_PERATURAN_DEWAN_KOMISIONER_OTORITAS_JASA_KEUANGAN_NOMOR_01_16_PDK_XII_2012_TENTANG_PELAKSANAAN_TUGAS_DAN_WEWENANG.pdf
Surat_Edaran_OJK_16_2023.pdf,SEOJK,16,2023,COCOK,downloads/Surat_Edaran_OJK_16_2023.pdf
Peraturan_OJK_11_2019.pdf,POJK,11,2019,COCOK,downloads/Peraturan_OJK_11_2019.pdf
Peraturan_ADK_6_Tahun_2021_PEDOMAN_PELAKSANAAN_PEMISAHAN_UNIT_USAHA_SYARIAH.pdf,PADK,6,2021,TIDAK_COCOK,downloads/Peraturan_ADK_6_Tahun_2021_PEDOMAN_PELAKSANAAN_PEMISAHAN_UNIT_USAHA_SYARIAH.pdf
FAQ_20POJK_2013_20Tahun_202025_20Pengendalian_20Internal_20dan_20Perilaku_20Perusahaan_20Efek_20yang_20Melakukan_20Kegiatan_20Usaha_20Sebagai_20Penjamin_20Emisi_20Efek_20dan_20Perantara_20Pedagang_20Efek.pdf,,13,2025,TIDAK_COCOK,downloads/FAQ_20POJK_2013_20Tahun_202025_20Pengendalian_20Internal_20dan_20Perilaku_20Perusahaan_20Efek_20yang_20Melakukan_20Kegiatan_20Usaha_20Sebagai_20Penjamin_20Emisi_20Efek_20dan_20Perantara_20Pedagang_20Efek.pdf
Peraturan_ADK_9_Tahun_2016_PEDOMAN_PELAKSANAAN_FORUM_PANEL_PENGAWASAN_BANK_PERKREDITAN_RAKYAT_BERDASARKAN_RISIKO.pdf,PADK,9,2016,TIDAK_COCOK,downloads/Peraturan_ADK_9_Tahun_2016_PEDOMAN_PELAKSANAAN_FORUM_PANEL_PENGAWASAN_BANK_PERKREDITAN_RAKYAT_BERDASARKAN_RISIKO.pdf
Peraturan_ADK_2_Tahun_2013_PEMBENTUKAN_KOMITE_MANAJEMEN_RISIKO_DI_OTORITAS_JASA_KEUANGAN.pdf,PADK,2,2013,TIDAK_COCOK,downloads/Peraturan_ADK_2_Tahun_2013_PEMBENTUKAN_KOMITE_MANAJEMEN_RISIKO_DI_OTORITAS_JASA_KEUANGAN.pdf
Peraturan_ADK_23_Tahun_2017_PERUBAHAN_ATAS_SURAT_EDARAN_DEWAN_KOMISIONER_OTORITAS_JASA_KEUANGAN_NOMOR_17_SEDK.02_2015_TENTANG_PENYUSUNAN_LAPORAN_KEUANGAN_OTORITAS_JASA_KEUANGAN.pdf,PADK,23,2017,TIDAK_COCOK,downloads/Peraturan_ADK_23_Tahun_2017_PERUBAHAN_ATAS_SURAT_EDARAN_DEWAN_KOMISIONER_OTORITAS_JASA_KEUANGAN_NOMOR_17_SEDK.02_2015_TENTANG_PENYUSUNAN_LAPORAN_KEUANGAN_OTORITAS_JASA_KEUANGAN.pdf
Peraturan_OJK_35_2025.pdf,POJK,35,2025,COCOK,downloads/Peraturan_OJK_35_2025.pdf
Peraturan_ADK_3_Tahun_2016_TATA_CARA_REVISI_ANGGARAN_PENGELUARAN_OTORITAS_JASA_KEUANGAN.pdf,PADK,3,2016,TIDAK_COCOK,downloads/Peraturan_ADK_3_Tahun_2016_TATA_CARA_REVISI_ANGGARAN_PENGELUARAN_OTORITAS_JASA_KEUANGAN.pdf
Undang-Undang_25_1992.pdf,UU,25,1992,TIDAK_COCOK,downloads/Undang-Undang_25_1992.pdf
Peraturan_OJK_54_2015.pdf,POJK,54,2015,COCOK,downloads/Peraturan_OJK_54_2015.pdf
Surat_Edaran_OJK_19_2019.pdf,SEOJK,19,2019,COCOK,downloads/Surat_Edaran_OJK_19_2019.pdf
Peraturan_ADK_1_Tahun_2024_PEDOMAN_PENGEMBANGAN_DAN_PENGELOLAAN_DATA_WAREHOUSE_DAN_BUSINESS_INTELLIGENCE.pdf,PADK,1,2024,TIDAK_COCOK,downloads/Peraturan_ADK_1_Tahun_2024_PEDOMAN_PENGEMBANGAN_DAN_PENGELOLAAN_DATA_WAREHOUSE_DAN_BUSINESS_INTELLIGENCE.pdf
Peraturan_ADK_6_Tahun_2021_PETUNJUK_PELAKSANAAN_PROTOKOL_MANAJEMEN_KRISIS_OTORITAS_JASA_KEUANGAN.pdf,PADK,6,2021,TIDAK_COCOK,downloads/Peraturan_ADK_6_Tahun_2021_PETUNJUK_PELAKSANAAN_PROTOKOL_MANAJEMEN_KRISIS_OTORITAS_JASA_KEUANGAN.pdf
Peraturan_OJK_4_2015.pdf,POJK,4,2015,COCOK,downloads/Peraturan_OJK_4_2015.pdf
Peraturan_ADK_3_Tahun_2019_PERUBAHAN_ATAS_PERATURAN_DEWAN_KOMISIONER_OTORITAS_JASA_KEUANGAN_NOMOR_48_PDK.02_2013_TENTANG_TATA_TERTIB_DAN_DISIPLIN_PEGAWAI_OTORITAS_JASA_KEUANGAN.pdf,PADK,3,2019,TIDAK_COCOK,downloads/Peraturan_ADK_3_Tahun_2019_PERUBAHAN_ATAS_PERATURAN_DEWAN_KOMISIONER_OTORITAS_JASA_KEUANGAN_NOMOR_48_PDK.02_2013_TENTANG_TATA_TERTIB_DAN_DISIPLIN_PEGAWAI_OTORITAS_JASA_KEUANGAN.pdf
Peraturan_OJK_45_Tahun_2017_PENETAPAN_BEBERAPA_DAERAH_DI_PROVINSI_SULAWESI_BARAT_SEBAGAI_DAERAH_YANG_MEMERLUKAN_PERLAKUAN_KHUSUS_TERHADAP_KREDIT_ATAU_PEMBIAYAAN_BANK.pdf,POJK,45,2017,COCOK,downloads/Peraturan_OJK_45_Tahun_2017_PENETAPAN_BEBERAPA_DAERAH_DI_PROVINSI_SULAWESI_BARAT_SEBAGAI_DAERAH_YANG_MEMERLUKAN_PERLAKUAN_KHUSUS_TERHADAP_KREDIT_ATAU_PEMBIAYAAN_BANK.pdf
SEBI_24-1-UKU-1991_Kredit_Kepada_Perusahaan_Sekuritas_dan_Kredit_Dengan_Agunan_Saham_1991.pdf,,24,1991,TIDAK_COCOK,downloads/SEBI_24-1-UKU-1991_Kredit_Kepada_Perusahaan_Sekuritas_dan_Kredit_Dengan_Agunan_Saham_1991.pdf
Peraturan_ADK_5_Tahun_2015_PENUNJUKAN_PEJABAT_PENGGANTI_DI_LINGKUNGAN_OTORITAS_JASA_KEUANGAN.pdf,PADK,5,2015,TIDAK_COCOK,downloads/Peraturan_ADK_5_Tahun_2015_PENUNJUKAN_PEJABAT_PENGGANTI_DI_LINGKUNGAN_OTORITAS_JASA_KEUANGAN.pdf
SEOJK_2021-SEOJK07-2025_20Penilaian_20Kemampuan_20dan_20Kepatutan_20Serta_20Penilaian_20Kembali_20Bagi_20Pihak_20Utama_20di_20Sektor_20Inovasi_20Teknologi_20Sektor_20Keuangan_20serta_20Aset_20Keuangan_20Digital_20dan_20Aset_20Kripto.pdf,SEOJK,21,2025,COCOK,downloads/SEOJK_2021-SEOJK07-2025_20Penilaian_20Kemampuan_20dan_20Kepatutan_20Serta_20Penilaian_20Kembali_20Bagi_20Pihak_20Utama_20di_20Sektor_20Inovasi_20Teknologi_20Sektor_20Keuangan_20serta_20Aset_20Keuangan_20Digital_20dan_20Aset_20Kripto.pdf
Surat_Edaran_OJK_19_2016.pdf,SEOJK,19,2016,COCOK,downloads/Surat_Edaran_OJK_19_2016.pdf
Peraturan_OJK_39_2016.pdf,POJK,39,2016,COCOK,downloads/Peraturan_OJK_39_2016.pdf
Surat_Edaran_OJK_4_2024.pdf,SEOJK,4,2024,COCOK,downloads/Surat_Edaran_OJK_4_2024.pdf
Peraturan_ADK_31_Tahun_2013_CUTI_PEGAWAI_OTORITAS_JASA_KEUANGAN.pdf,PADK,31,2013,TIDAK_COCOK,downloads/Peraturan_ADK_31_Tahun_2013_CUTI_PEGAWAI_OTORITAS_JASA_KEUANGAN.pdf
Abstrak_20POJK_2032_20Tahun_202025_20Penyelenggaraan_20Beli_20Sekarang_20Bayar_20Nanti_20BNPL.pdf,,32,2025,TIDAK_COCOK,downloads/Abstrak_20POJK_2032_20Tahun_202025_20Penyelenggaraan_20Beli_20Sekarang_20Bayar_20Nanti_20BNPL.pdf
Peraturan_OJK_78_2017.pdf,POJK,78,2017,COCOK,downloads/Peraturan_OJK_78_2017.pdf
Peraturan_OJK_26_2023.pdf,POJK,26,2023,COCOK,downloads/Peraturan_OJK_26_2023.pdf
21_Tahun_2011_PEMBENTUKAN_TIM_PERCEPATAN_PENYIAPAN_GEDUNG_KANTOR_PUSAT_KANTOR_REGIONAL_DAN_KANTOR_OTORITAS_JASA_KEUANGAN_SERTA_RUMAH_JABATAN_OTORITAS_JASA_KEUANGAN.pdf,,21,2011,TIDAK_COCOK,downloads/21_Tahun_2011_PEMBENTUKAN_TIM_PERCEPATAN_PENYIAPAN_GEDUNG_KANTOR_PUSAT_KANTOR_REGIONAL_DAN_KANTOR_OTORITAS_JASA_KEUANGAN_SERTA_RUMAH_JABATAN_OTORITAS_JASA_KEUANGAN.pdf
Peraturan_ADK_2_Tahun_2015_PERUBAHAN_PERATURAN_DEWAN_KOMISIONER_OTORITAS_JASA_KEUANGAN_NOMOR_2_PDK.06_2015_TENTANG_PENGENDALIAN_GRATIFIKASI_DI_OTORITAS_JASA_KEUANGAN.pdf,PADK,2,2015,TIDAK_COCOK,downloads/Peraturan_ADK_2_Tahun_2015_PERUBAHAN_PERATURAN_DEWAN_KOMISIONER_OTORITAS_JASA_KEUANGAN_NOMOR_2_PDK.06_2015_TENTANG_PENGENDALIAN_GRATIFIKASI_DI_OTORITAS_JASA_KEUANGAN.pdf
Peraturan_ADK_2_Tahun_2022_PERUBAHAN_ATAS_SURAT_EDARAN_DEWAN_KOMISIONER_OTORITAS_JASA_KEUANGAN_NOMOR_12_SEDK.01_2018_TENTANG_PEDOMAN_PENGGUNAAN_TENDER_MANAGEMENT_OTORITAS_JASA_KEUANGAN.pdf,PADK,2,2022,TIDAK_COCOK,downloads/Peraturan_ADK_2_Tahun_2022_PERUBAHAN_ATAS_SURAT_EDARAN_DEWAN_KOMISIONER_OTORITAS_JASA_KEUANGAN_NOMOR_12_SEDK.01_2018_TENTANG_PEDOMAN_PENGGUNAAN_TENDER_MANAGEMENT_OTORITAS_JASA_KEUANGAN.pdf
Surat_Edaran_OJK_52_2017.pdf,SEOJK,52,2017,COCOK,downloads/Surat_Edaran_OJK_52_2017.pdf
Surat_Edaran_OJK_21_2019.pdf,SEOJK,21,2019,TIDAK_COCOK,downloads/Surat_Edaran_OJK_21_2019.pdf
Peraturan_OJK_31_2016.pdf,POJK,31,2016,COCOK,downloads/Peraturan_OJK_31_2016.pdf
Peraturan_ADK_1_Tahun_2013_RENCANA_KERJA_DAN_ANGGARAN_OTORITAS_JASA_KEUANGAN_TAHUN_ANGGARAN_2015.pdf,PADK,1,2013,TIDAK_COCOK,downloads/Peraturan_ADK_1_Tahun_2013_RENCANA_KERJA_DAN_ANGGARAN_OTORITAS_JASA_KEUANGAN_TAHUN_ANGGARAN_2015.pdf
SK_Dir_23-82-KEP-DIR-1991_Tindak_Lanjut_Pelaksanaan_Pengawasan_dan_Pembinaan_Bank_1991.pdf,KEPDIR,23,1991,TIDAK_COCOK,downloads/SK_Dir_23-82-KEP-DIR-1991_Tindak_Lanjut_Pelaksanaan_Pengawasan_dan_Pembinaan_Bank_1991.pdf
Peraturan_ADK_9_Tahun_2015_PERUBAHAN_ATAS_SURAT_EDARAN_DEWAN_KOMISIONER_OTORITAS_JASA_KEUANGAN_NOMOR_24_SEDK.02_2014_TENTANG_TATA_CARA_PEMBERIAN_BANTUAN_BIAYA_TRANSPORTASI_KE_HOME_BASE_BAGI_PEGAWAI_OTORITAS_JASA_KEUANGAN.pdf,PADK,9,2015,TIDAK_COCOK,downloads/Peraturan_ADK_9_Tahun_2015_PERUBAHAN_ATAS_SURAT_EDARAN_DEWAN_KOMISIONER_OTORITAS_JASA_KEUANGAN_NOMOR_24_SEDK.02_2014_TENTANG_TATA_CARA_PEMBERIAN_BANTUAN_BIAYA_TRANSPORTASI_KE_HOME_BASE_BAGI_PEGAWAI_OTORITAS_JASA_KEUANGAN.pdf
POJK_2024_20Tahun_202025_20Pengelolaan_20Rekening_20pada_20Bank_20Umum.pdf,POJK,24,2025,COCOK,downloads/POJK_2024_20Tahun_202025_20Pengelolaan_20Rekening_20pada_20Bank_20Umum.pdf
Surat_Edaran_OJK_1_2017.pdf,SEOJK,1,2017,COCOK,downloads/Surat_Edaran_OJK_1_2017.pdf
Undang-Undang_2_1992.pdf,UU,2,1992,COCOK,downloads/Undang-Undang_2_1992.pdf
Peraturan_Bank_Indonesia_12_2023.pdf,PBI,12,2023,TIDAK_COCOK,downloads/Peraturan_Bank_Indonesia_12_2023.pdf
Peraturan_OJK_36_2014.pdf,POJK,36,2014,COCOK,downloads/Peraturan_OJK_36_2014.pdf
Peraturan_ADK_9_Tahun_2022_PEDOMAN_PELAKSANAAN_TINDAK_LANJUT_LAPORAN_BANK_UMUM.pdf,PADK,9,2022,TIDAK_COCOK,downloads/Peraturan_ADK_9_Tahun_2022_PEDOMAN_PELAKSANAAN_TINDAK_LANJUT_LAPORAN_BANK_UMUM.pdf
Peraturan_ADK_5_Tahun_2021_STANDAR_DOKUMEN_PEMILIHAN_OTORITAS_JASA_KEUANGAN.pdf,PADK,5,2021,TIDAK_COCOK,downloads/Peraturan_ADK_5_Tahun_2021_STANDAR_DOKUMEN_PEMILIHAN_OTORITAS_JASA_KEUANGAN.pdf
Peraturan_ADK_4_Tahun_2014_PENGELOLAAN_TENAGA_KERJA_PERJANJIAN_KERJA_WAKTU_TERTENTU.pdf,PADK,4,2014,TIDAK_COCOK,downloads/Peraturan_ADK_4_Tahun_2014_PENGELOLAAN_TENAGA_KERJA_PERJANJIAN_KERJA_WAKTU_TERTENTU.pdf
Peraturan_OJK_48_2017.pdf,POJK,48,2017,COCOK,downloads/Peraturan_OJK_48_2017.pdf
e7eb97ab-fef3-6284-fdf2-4e65adf72950.pdf,,6284,,TIDAK_COCOK,downloads/e7eb97ab-fef3-6284-fdf2-4e65adf72950.pdf
Peraturan_ADK_1_Tahun_2021_PENGELOLAAN_DATA_TERINTEGRASI_DI_OTORITAS_JASA_KEUANGAN.pdf,PADK,1,2021,TIDAK_COCOK,downloads/Peraturan_ADK_1_Tahun_2021_PENGELOLAAN_DATA_TERINTEGRASI_DI_OTORITAS_JASA_KEUANGAN.pdf
Surat_Edaran_OJK_16_2021.pdf,SEOJK,16,2021,COCOK,downloads/Surat_Edaran_OJK_16_2021.pdf
Peraturan_ADK_10_Tahun_2024_PEDOMAN_PENILAIAN_KEMAMPUAN_DAN_KEPATUTAN_BAGI_CALON_ANGGOTA_DEWAN_PENGAWAS_SYARIAH_BANK_UMUM_SYARIAH_DAN_UNIT_USAHA_SYARIAH.pdf,PADK,10,2024,TIDAK_COCOK,downloads/Peraturan_ADK_10_Tahun_2024_PEDOMAN_PENILAIAN_KEMAMPUAN_DAN_KEPATUTAN_BAGI_CALON_ANGGOTA_DEWAN_PENGAWAS_SYARIAH_BANK_UMUM_SYARIAH_DAN_UNIT_USAHA_SYARIAH.pdf
Peraturan_ADK_2_Tahun_2018_TATA_CARA_REVISI_ANGGARAN_OTORITAS_JASA_KEUANGAN.pdf,PADK,2,2018,TIDAK_COCOK,downloads/Peraturan_ADK_2_Tahun_2018_TATA_CARA_REVISI_ANGGARAN_OTORITAS_JASA_KEUANGAN.pdf
Peraturan_ADK_7_Tahun_2017_MEKANISME_KOORDINASI_DAN_PELAPORAN_KOMITE_DI_LINGKUNGAN_OTORITAS_JASA_KEUANGAN.pdf,PADK,7,2017,TIDAK_COCOK,downloads/Peraturan_ADK_7_Tahun_2017_MEKANISME_KOORDINASI_DAN_PELAPORAN_KOMITE_DI_LINGKUNGAN_OTORITAS_JASA_KEUANGAN.pdf
Peraturan_OJK_32_2020.pdf,POJK,32,2020,COCOK,downloads/Peraturan_OJK_32_2020.pdf
Peraturan_ADK_34_Tahun_2018_PEDOMAN_PELAKSANAAN_PENILAIAN_KEMBALI_BAGI_PIHAK_UTAMA_BANK_DAN_TRACK_RECORD.pdf,PADK,34,2018,TIDAK_COCOK,downloads/Peraturan_ADK_34_Tahun_2018_PEDOMAN_PELAKSANAAN_PENILAIAN_KEMBALI_BAGI_PIHAK_UTAMA_BANK_DAN_TRACK_RECORD.pdf
Surat_Edaran_OJK_12_2022.pdf,SEOJK,12,2022,COCOK,downloads/Surat_Edaran_OJK_12_2022.pdf
Peraturan_ADK_21_Tahun_2011_SISTEM_PERENCANAAN_SUMBER_DAYA_MANUSIA_OTORITAS_JASA_KEUANGAN.pdf,PADK,21,2011,TIDAK_COCOK,downloads/Peraturan_ADK_21_Tahun_2011_SISTEM_PERENCANAAN_SUMBER_DAYA_MANUSIA_OTORITAS_JASA_KEUANGAN.pdf
Peraturan_OJK_14_Tahun_2014_PEDOMAN_PEMERIKSAAN_LEMBAGA_KEUANGAN_MIKRO_SEDK_PEMERIKSAAN_LKM.pdf,POJK,14,2014,COCOK,downloads/Peraturan_OJK_14_Tahun_2014_PEDOMAN_PEMERIKSAAN_LEMBAGA_KEUANGAN_MIKRO_SEDK_PEMERIKSAAN_LKM.pdf
Abstrak_20PADK_2040-PADK04-2025_20Pedoman_20Penyampaian_20Informasi_20oleh_20Emiten_20atau_20Perusahaan_20Publik_20dalam_20rangka_20Penyusunan_20DES_20dan_20Pedoman_20Bagi_20Pihak_20Penerbitan_20DES.pdf,,40,2025,TIDAK_COCOK,downloads/Abstrak_20PADK_2040-PADK04-2025_20Pedoman_20Penyampaian_20Informasi_20oleh_20Emiten_20atau_20Perusahaan_20Publik_20dalam_20rangka_20Penyusunan_20DES_20dan_20Pedoman_20Bagi_20Pihak_20Penerbitan_20DES.pdf
Peraturan_OJK_3_2013.pdf,POJK,3,2013,COCOK,downloads/Peraturan_OJK_3_2013.pdf
Abstrak_20POJK_2037_20Tahun_202024_20Perubahan_20Atas_20POJK_20172017_20tentang_20Prosedur_20dan_20Tata_20Cara_20Pengenaan_20Sanksi_20Administratif_20di_20Bidang_20Perasuransian_20dan_20Pemblokiran_20Kekayaan_20Perusahaan_20Asuransi.pdf,,37,2024,TIDAK_COCOK,downloads/Abstrak_20POJK_2037_20Tahun_202024_20Perubahan_20Atas_20POJK_20172017_20tentang_20Prosedur_20dan_20Tata_20Cara_20Pengenaan_20Sanksi_20Administratif_20di_20Bidang_20Perasuransian_20dan_20Pemblokiran_20Kekayaan_20Perusahaan_20Asuransi.pdf
FAQ_2022-SEOJK.05-2023._20Laporan_20Keuangan_20Bulanan_20Badan_20Penyelenggara_20Jaminan_20Sosial_20Dan_20Laporan_20Keuangan_20Bulanan_20Dana_20Jaminan_20Sosial.pdf,,22,2023,TIDAK_COCOK,downloads/FAQ_2022-SEOJK.05-2023._20Laporan_20Keuangan_20Bulanan_20Badan_20Penyelenggara_20Jaminan_20Sosial_20Dan_20Laporan_20Keuangan_20Bulanan_20Dana_20Jaminan_20Sosial.pdf
Surat_Edaran_OJK_34_2025.pdf,SEOJK,34,2025,COCOK,downloads/Surat_Edaran_OJK_34_2025.pdf
Peraturan_ADK_2_Tahun_2023_PEDOMAN_PELAKSANAAN_PENILAIAN_KEMAMPUAN_DAN_KEPATUTAN_BAGI_PIHAK_UTAMA_LEMBAGA_PEMBIAYAAN_PERUSAHAAN_MODAL_VENTURA_DAN_LEMBAGA_JASA_KEUANGAN_LAINNYA.pdf,PADK,2,2023,TIDAK_COCOK,downloads/Peraturan_ADK_2_Tahun_2023_PEDOMAN_PELAKSANAAN_PENILAIAN_KEMAMPUAN_DAN_KEPATUTAN_BAGI_PIHAK_UTAMA_LEMBAGA_PEMBIAYAAN_PERUSAHAAN_MODAL_VENTURA_DAN_LEMBAGA_JASA_KEUANGAN_LAINNYA.pdf
Abstrak_20PADK_2043-PADK03-2025_20Penyelenggaraan_20Teknologi_20Informasi_20oleh_20BPR_20BPRS.pdf,,43,2025,TIDAK_COCOK,downloads/Abstrak_20PADK_2043-PADK03-2025_20Penyelenggaraan_20Teknologi_20Informasi_20oleh_20BPR_20BPRS.pdf
Surat_Edaran_OJK_16_2018.pdf,SEOJK,16,2018,COCOK,downloads/Surat_Edaran_OJK_16_2018.pdf
Peraturan_OJK_21_2017.pdf,POJK,21,2017,COCOK,downloads/Peraturan_OJK_21_2017.pdf
Peraturan_ADK_5_Tahun_2014_Pedoman_Mekanisme_Koordinasi_dan_Komunikasi_Pengawasan_Terintegrasi_Berdasarkan_Risiko_terhadap_Konglomerasi_Keuangan.pdf,PADK,5,2014,TIDAK_COCOK,downloads/Peraturan_ADK_5_Tahun_2014_Pedoman_Mekanisme_Koordinasi_dan_Komunikasi_Pengawasan_Terintegrasi_Berdasarkan_Risiko_terhadap_Konglomerasi_Keuangan.pdf
Peraturan_ADK_14_Tahun_2020_PERUBAHAN_ATAS_SURAT_EDARAN_DEWAN_KOMISIONER_OTORITAS_JASA_KEUANGAN_NOMOR_13_SEDK.01_2018_TENTANG_PEDOMAN_PENGGUNAAN_VENDOR_MANAGEMENT_SYSTEM_OTORITAS_JASA_KEUANGAN.pdf,PADK,14,2020,TIDAK_COCOK,downloads/Peraturan_ADK_14_Tahun_2020_PERUBAHAN_ATAS_SURAT_EDARAN_DEWAN_KOMISIONER_OTORITAS_JASA_KEUANGAN_NOMOR_13_SEDK.01_2018_TENTANG_PEDOMAN_PENGGUNAAN_VENDOR_MANAGEMENT_SYSTEM_OTORITAS_JASA_KEUANGAN.pdf
Surat_Edaran_OJK_54_2017.pdf,SEOJK,54,2017,COCOK,downloads/Surat_Edaran_OJK_54_2017.pdf
Peraturan_ADK_1_Tahun_2014_PEDOMAN_PENGAWASAN_TERINTEGRASI_BERDASARKAN_RISIKO_TERHADAP_KONGLOMERASI_KEUANGAN_UNTUK_TAHAPAN_PEMAHAMAN_TERHADAP_KONGLOMERASI_KEUANGAN_KNOW_YOUR_FINANCIAL_CONGLOMERATE.pdf,PADK,1,2014,TIDAK_COCOK,downloads/Peraturan_ADK_1_Tahun_2014_PEDOMAN_PENGAWASAN_TERINTEGRASI_BERDASARKAN_RISIKO_TERHADAP_KONGLOMERASI_KEUANGAN_UNTUK_TAHAPAN_PEMAHAMAN_TERHADAP_KONGLOMERASI_KEUANGAN_KNOW_YOUR_FINANCIAL_CONGLOMERATE.pdf
Tahun_Pedoman_Pengawasan_Penerapan_Program_Anti_Pencucian_Uang_dan_Pencegahan_Pendanaan_Terorisme_Berdasarkan_Pendekatan_Berbasis_Risiko_bagi_Lembaga_Keuangan_Mikro_SEDK_Pedoman_Pengawasan_APU_PPT_LKM.pdf,,,,TIDAK_COCOK,downloads/Tahun_Pedoman_Pengawasan_Penerapan_Program_Anti_Pencucian_Uang_dan_Pencegahan_Pendanaan_Terorisme_Berdasarkan_Pendekatan_Berbasis_Risiko_bagi_Lembaga_Keuangan_Mikro_SEDK_Pedoman_Pengawasan_APU_PPT_LKM.pdf
Abstrak_20POJK_2036_20Tahun_202024_20Perubahan_20Atas_20POJK_20692016_20tentang_20Penyelenggaraan_20Usaha_20Perusahaan_20Asuransi_20Perusahaan_20Asuransi_20Syariah_20Perusahaan_20Reasuransi_20dan_20Perusahaan_20Reasuransi_20Syar.pdf,,36,2024,TIDAK_COCOK,downloads/Abstrak_20POJK_2036_20Tahun_202024_20Perubahan_20Atas_20POJK_20692016_20tentang_20Penyelenggaraan_20Usaha_20Perusahaan_20Asuransi_20Perusahaan_20Asuransi_20Syariah_20Perusahaan_20Reasuransi_20dan_20Perusahaan_20Reasuransi_20Syar.pdf
Abstrak_20POJK_2024_20Tahun_202024_20Kualitas_20Aset_20Bank_20Perekonomian_20Rakyat_20Syariah.pdf,,24,2024,TIDAK_COCOK,downloads/Abstrak_20POJK_2024_20Tahun_202024_20Kualitas_20Aset_20Bank_20Perekonomian_20Rakyat_20Syariah.pdf
Surat_Edaran_OJK_16_Tahun_2015_Bank_Perkreditan_Rakyat_atau_b_pemindahan_alamat_Kantor_Cabang_mengacu_pada_format_pen.pdf,SEOJK,16,2015,COCOK,downloads/Surat_Edaran_OJK_16_Tahun_2015_Bank_Perkreditan_Rakyat_atau_b_pemindahan_alamat_Kantor_Cabang_mengacu_pada_format_pen.pdf
Peraturan_ADK_4_Tahun_2017_Pedoman_Keprotokolan_untuk_Anggota_Dewan_Komisioner_Otoritas_Jasa_Keuangan.pdf,PADK,4,2017,TIDAK_COCOK,downloads/Peraturan_ADK_4_Tahun_2017_Pedoman_Keprotokolan_untuk_Anggota_Dewan_Komisioner_Otoritas_Jasa_Keuangan.pdf
Abstrak_20PADK_202_20Tahun_202026_20Penyelenggaraan_20Beli_20Sekarang_20Bayar_20Nanti_20_28Buy_20Now_20Pay_20Later_29_20Bagi_20Perusahaan_20Pembiayaan_20dan_20Perusahaan_20Pembiayaan_20Syariah.pdf,,2,2026,TIDAK_COCOK,downloads/Abstrak_20PADK_202_20Tahun_202026_20Penyelenggaraan_20Beli_20Sekarang_20Bayar_20Nanti_20_28Buy_20Now_20Pay_20Later_29_20Bagi_20Perusahaan_20Pembiayaan_20dan_20Perusahaan_20Pembiayaan_20Syariah.pdf
Tahun_PENETAPAN_DAN_PENGANGKATAN_PEJABAT_BANK_INDONESIA_DALAM_RANGKA_PENUGASAN_DI_OTORITAS_JASA_KEUANGAN_NOMOR_30_KDK.02_2014_TANGGAL_17_Juli_2014.pdf,,30,2014,TIDAK_COCOK,downloads/Tahun_PENETAPAN_DAN_PENGANGKATAN_PEJABAT_BANK_INDONESIA_DALAM_RANGKA_PENUGASAN_DI_OTORITAS_JASA_KEUANGAN_NOMOR_30_KDK.02_2014_TANGGAL_17_Juli_2014.pdf
Peraturan_OJK_1_2014.pdf,POJK,1,2014,COCOK,downloads/Peraturan_OJK_1_2014.pdf
Peraturan_OJK_36_2019.pdf,POJK,36,2019,COCOK,downloads/Peraturan_OJK_36_2019.pdf
Peraturan_OJK_25_2018.pdf,POJK,25,2018,COCOK,downloads/Peraturan_OJK_25_2018.pdf
Surat_Edaran_OJK_34_2016.pdf,SEOJK,34,2016,COCOK,downloads/Surat_Edaran_OJK_34_2016.pdf
Peraturan_ADK_3_Tahun_2023_PEDOMAN_PELAKSANAAN_PENILAIAN_KEMAMPUAN_DAN_KEPATUTAN_BAGI_PIHAK_UTAMA_PERUSAHAAN_PERASURANSIAN_LEMBAGA_PENJAMIN_DAN_DANA_PENSIUN.pdf,PADK,3,2023,TIDAK_COCOK,downloads/Peraturan_ADK_3_Tahun_2023_PEDOMAN_PELAKSANAAN_PENILAIAN_KEMAMPUAN_DAN_KEPATUTAN_BAGI_PIHAK_UTAMA_PERUSAHAAN_PERASURANSIAN_LEMBAGA_PENJAMIN_DAN_DANA_PENSIUN.pdf
Peraturan_ADK_10_Tahun_2015_SISTEM_REMUNERASI_ANGGOTA_DEWAN_KOMISIONER_OTORITAS_JASA_KEUANGAN.pdf,PADK,10,2015,TIDAK_COCOK,downloads/Peraturan_ADK_10_Tahun_2015_SISTEM_REMUNERASI_ANGGOTA_DEWAN_KOMISIONER_OTORITAS_JASA_KEUANGAN.pdf
Peraturan_ADK_3_Tahun_2014_PERUBAHAN_ATAS_PERATURAN_DEWAN_KOMISIONER_OTORITAS_JASA_KEUANGAN_NOMOR_36_PDK.02_2013_TENTANG_ORGANISASI_OTORITAS_JASA_KEUANGAN.pdf,PADK,3,2014,TIDAK_COCOK,downloads/Peraturan_ADK_3_Tahun_2014_PERUBAHAN_ATAS_PERATURAN_DEWAN_KOMISIONER_OTORITAS_JASA_KEUANGAN_NOMOR_36_PDK.02_2013_TENTANG_ORGANISASI_OTORITAS_JASA_KEUANGAN.pdf
Peraturan_OJK_69_2017.pdf,POJK,69,2017,COCOK,downloads/Peraturan_OJK_69_2017.pdf
Peraturan_OJK_58_2015.pdf,POJK,58,2015,COCOK,downloads/Peraturan_OJK_58_2015.pdf
Peraturan_OJK_2_2014.pdf,POJK,2,2014,COCOK,downloads/Peraturan_OJK_2_2014.pdf
Peraturan_ADK_18_Tahun_2016_FASILITAS_PEMBIAYAAN_BAGI_PEGAWAI_OTORITAS_JASA_KEUANGAN.pdf,PADK,18,2016,TIDAK_COCOK,downloads/Peraturan_ADK_18_Tahun_2016_FASILITAS_PEMBIAYAAN_BAGI_PEGAWAI_OTORITAS_JASA_KEUANGAN.pdf
Surat_Edaran_OJK_64_2016.pdf,SEOJK,64,2016,TIDAK_COCOK,downloads/Surat_Edaran_OJK_64_2016.pdf
Peraturan_OJK_3_2016.pdf,POJK,3,2016,COCOK,downloads/Peraturan_OJK_3_2016.pdf
Peraturan_ADK_19_Tahun_2013_PENILAIAN_KINERJA_PEGAWAI.pdf,PADK,19,2013,TIDAK_COCOK,downloads/Peraturan_ADK_19_Tahun_2013_PENILAIAN_KINERJA_PEGAWAI.pdf
Peraturan_ADK_12_Tahun_2013_SISTEM_PENGEMBANGAN_SUMBER_DAYA_MANUSIA.pdf,PADK,12,2013,TIDAK_COCOK,downloads/Peraturan_ADK_12_Tahun_2013_SISTEM_PENGEMBANGAN_SUMBER_DAYA_MANUSIA.pdf
Peraturan_ADK_6_Tahun_2020_PEDOMAN_PELAKSANAAN_PENILAIAN_KEMAMPUAN_DAN_KEPATUTAN_BAGI_PIHAK_UTAMA_LEMBAGA_JASA_KEUANGAN_NONBANK.pdf,PADK,6,2020,TIDAK_COCOK,downloads/Peraturan_ADK_6_Tahun_2020_PEDOMAN_PELAKSANAAN_PENILAIAN_KEMAMPUAN_DAN_KEPATUTAN_BAGI_PIHAK_UTAMA_LEMBAGA_JASA_KEUANGAN_NONBANK.pdf
Peraturan_ADK_3_Tahun_2014_PENEMPATAN_PEGAWAI_BADAN_PENGAWASAN_KEUANGAN_DAN_PEMBANGUNAN_YANG_DIPEKERJAKAN_PADA_OTORITAS_JASA_KEUANGAN.pdf,PADK,3,2014,TIDAK_COCOK,downloads/Peraturan_ADK_3_Tahun_2014_PENEMPATAN_PEGAWAI_BADAN_PENGAWASAN_KEUANGAN_DAN_PEMBANGUNAN_YANG_DIPEKERJAKAN_PADA_OTORITAS_JASA_KEUANGAN.pdf
Peraturan_ADK_15_Tahun_2026_PEDOMAN_PENGAWASAN_BERBASIS_RISIKO_UNTUK_TAHAPAN_PELAKSANAAN_KEGIATAN_PENGAWASAN_PENYELENGGARA_INOVASI_TEKNOLOGI_SEKTOR_KEUANGAN_ASET_KEUANGAN_DIGITAL_DAN_ASET_KRIPTO.pdf,PADK,15,2026,TIDAK_COCOK,downloads/Peraturan_ADK_15_Tahun_2026_PEDOMAN_PENGAWASAN_BERBASIS_RISIKO_UNTUK_TAHAPAN_PELAKSANAAN_KEGIATAN_PENGAWASAN_PENYELENGGARA_INOVASI_TEKNOLOGI_SEKTOR_KEUANGAN_ASET_KEUANGAN_DIGITAL_DAN_ASET_KRIPTO.pdf
Peraturan_ADK_4_Tahun_2023_ORGANISASI_BIDANG_PENGAWASAN_SEKTOR_PASAR_MODAL.pdf,PADK,4,2023,TIDAK_COCOK,downloads/Peraturan_ADK_4_Tahun_2023_ORGANISASI_BIDANG_PENGAWASAN_SEKTOR_PASAR_MODAL.pdf
Peraturan_ADK_1_Tahun_2018_PEDOMAN_PENGHAPUSAN_BARANG_MILIK_OTORITAS_JASA_KEUANGAN.pdf,PADK,1,2018,TIDAK_COCOK,downloads/Peraturan_ADK_1_Tahun_2018_PEDOMAN_PENGHAPUSAN_BARANG_MILIK_OTORITAS_JASA_KEUANGAN.pdf
Peraturan_OJK_32_2015.pdf,POJK,32,2015,COCOK,downloads/Peraturan_OJK_32_2015.pdf
Peraturan_ADK_1_Tahun_2016_PETUNJUK_PELAKSANAAN_PROTOKOL_MANAJEMEN_KRISIS_DI_SEKTOR_INDUSTRI_KEUANGAN_NON-BANK.pdf,PADK,1,2016,TIDAK_COCOK,downloads/Peraturan_ADK_1_Tahun_2016_PETUNJUK_PELAKSANAAN_PROTOKOL_MANAJEMEN_KRISIS_DI_SEKTOR_INDUSTRI_KEUANGAN_NON-BANK.pdf
Peraturan_ADK_19_Tahun_2015_PERUBAHAN_KEEMPAT_ATAS_SURAT_EDARAN_DEWAN_KOMISIONER_OTORITAS_JASA_KEUANGAN_NOMOR_33_SEDK.02_2013_TENTANG_PEDOMAN_TATA_NASKAH_DINAS_OTORITAS_JASA_KEUANGAN.pdf,PADK,19,2015,TIDAK_COCOK,downloads/Peraturan_ADK_19_Tahun_2015_PERUBAHAN_KEEMPAT_ATAS_SURAT_EDARAN_DEWAN_KOMISIONER_OTORITAS_JASA_KEUANGAN_NOMOR_33_SEDK.02_2013_TENTANG_PEDOMAN_TATA_NASKAH_DINAS_OTORITAS_JASA_KEUANGAN.pdf
Peraturan_OJK_52_2016.pdf,POJK,52,2016,COCOK,downloads/Peraturan_OJK_52_2016.pdf
e3e768df-9f13-cb07-5954-655e4cee48f4.pdf,,5954,,TIDAK_COCOK,downloads/e3e768df-9f13-cb07-5954-655e4cee48f4.pdf
Lampiran_RPADK_20Country_20Risk_20_26_20Transfer_20Risk.pdf,,26,,TIDAK_COCOK,downloads/Lampiran_RPADK_20Country_20Risk_20_26_20Transfer_20Risk.pdf
Peraturan_ADK_1_Tahun_2013_PENETAPAN_TARIF_TUNJANGAN_PENDUKUNG_OPERASIONAL_DAN_TUNJANGAN_FASILITAS_PEGAWAI_OTORITAS_JASA_KEUANGAN_TAHUN_2013.pdf,PADK,1,2013,TIDAK_COCOK,downloads/Peraturan_ADK_1_Tahun_2013_PENETAPAN_TARIF_TUNJANGAN_PENDUKUNG_OPERASIONAL_DAN_TUNJANGAN_FASILITAS_PEGAWAI_OTORITAS_JASA_KEUANGAN_TAHUN_2013.pdf
Peraturan_ADK_2_Tahun_2025_PEDOMAN_PELAKSANAAN_PENGENDALIAN_KUALITAS_PENGAWASAN_PERILAKU_PELAKU_USAHA_JASA_KEUANGAN_MARKET_CONDUCT_SEKTOR_JASA_KEUANGAN.pdf,PADK,2,2025,TIDAK_COCOK,downloads/Peraturan_ADK_2_Tahun_2025_PEDOMAN_PELAKSANAAN_PENGENDALIAN_KUALITAS_PENGAWASAN_PERILAKU_PELAKU_USAHA_JASA_KEUANGAN_MARKET_CONDUCT_SEKTOR_JASA_KEUANGAN.pdf
Peraturan_ADK_18_Tahun_2014_PENGADAAN_JASA_PENASEHAT_HUKUM_EKSTERNAL.pdf,PADK,18,2014,TIDAK_COCOK,downloads/Peraturan_ADK_18_Tahun_2014_PENGADAAN_JASA_PENASEHAT_HUKUM_EKSTERNAL.pdf
Peraturan_OJK_40_2019.pdf,POJK,40,2019,COCOK,downloads/Peraturan_OJK_40_2019.pdf
Peraturan_OJK_36_2025.pdf,POJK,36,2025,COCOK,downloads/Peraturan_OJK_36_2025.pdf
Peraturan_ADK_22_Tahun_2014_PENGELOLAAN_SISTEM_INFORMASI_OTORITAS_JASA_KEUANGAN.pdf,PADK,22,2014,TIDAK_COCOK,downloads/Peraturan_ADK_22_Tahun_2014_PENGELOLAAN_SISTEM_INFORMASI_OTORITAS_JASA_KEUANGAN.pdf
Surat_Edaran_OJK_10_2013.pdf,SEOJK,10,2013,COCOK,downloads/Surat_Edaran_OJK_10_2013.pdf
Peraturan_ADK_8_Tahun_2023_PERUBAHAN_KETIGA_ATAS_PERATURAN_DEWAN_KOMISIONER_OTORITAS_JASA_KEUANGAN_NOMOR_1_PDK.02_2023_TENTANG_ORGANISASI_OTORITAS_JASA_KEUANGAN.pdf,PADK,8,2023,TIDAK_COCOK,downloads/Peraturan_ADK_8_Tahun_2023_PERUBAHAN_KETIGA_ATAS_PERATURAN_DEWAN_KOMISIONER_OTORITAS_JASA_KEUANGAN_NOMOR_1_PDK.02_2023_TENTANG_ORGANISASI_OTORITAS_JASA_KEUANGAN.pdf
RPOJK_20Penyelenggaraan_20Structured_20Product_20oleh_20Bank_20Umum_20_28RPOJK_20SP_29.pdf,,,,TIDAK_COCOK,downloads/RPOJK_20Penyelenggaraan_20Structured_20Product_20oleh_20Bank_20Umum_20_28RPOJK_20SP_29.pdf
Peraturan_OJK_42_2020.pdf,POJK,42,2020,COCOK,downloads/Peraturan_OJK_42_2020.pdf
Peraturan_ADK_24_Tahun_2017_PEDOMAN_PELAKSANAAN_MONITORING_DAN_EVALUASI_ANGGARAN_OTORITAS_JASA_KEUANGAN.pdf,PADK,24,2017,TIDAK_COCOK,downloads/Peraturan_ADK_24_Tahun_2017_PEDOMAN_PELAKSANAAN_MONITORING_DAN_EVALUASI_ANGGARAN_OTORITAS_JASA_KEUANGAN.pdf
Peraturan_ADK_14_Tahun_2026_ORGANISASI_DEPARTEMEN_KHUSUS_TRANSFORMASI.pdf,PADK,14,2026,TIDAK_COCOK,downloads/Peraturan_ADK_14_Tahun_2026_ORGANISASI_DEPARTEMEN_KHUSUS_TRANSFORMASI.pdf
Peraturan_ADK_11_Tahun_2014_STANDAR_DOKUMEN_PENGADAAN_PEKERJAAN_BARANG_DAN_JASA_OTORITAS_JASA_KEUANGAN.pdf,PADK,11,2014,TIDAK_COCOK,downloads/Peraturan_ADK_11_Tahun_2014_STANDAR_DOKUMEN_PENGADAAN_PEKERJAAN_BARANG_DAN_JASA_OTORITAS_JASA_KEUANGAN.pdf
FAQ_20POJK_2025_20Tahun_202024_20Penerapan_20Tata_20Kelola_20Syariah_20Bagi_20Bank_20Perekonomian_20Rakyat_20Syariah.pdf,,25,2024,TIDAK_COCOK,downloads/FAQ_20POJK_2025_20Tahun_202024_20Penerapan_20Tata_20Kelola_20Syariah_20Bagi_20Bank_20Perekonomian_20Rakyat_20Syariah.pdf
Peraturan_ADK_1_Tahun_2016_PERUBAHAN_ATAS_PERATURAN_DEWAN_KOMISIONER_OTORITAS_JASA_KEUANGAN_NOMOR_12_PDK.02_2015_TENTANG_ORGANISASI_OTORITAS_JASA_KEUANGAN.pdf,PADK,1,2016,TIDAK_COCOK,downloads/Peraturan_ADK_1_Tahun_2016_PERUBAHAN_ATAS_PERATURAN_DEWAN_KOMISIONER_OTORITAS_JASA_KEUANGAN_NOMOR_12_PDK.02_2015_TENTANG_ORGANISASI_OTORITAS_JASA_KEUANGAN.pdf
Surat_Edaran_OJK_14_2022.pdf,SEOJK,14,2022,COCOK,downloads/Surat_Edaran_OJK_14_2022.pdf
Surat_Edaran_OJK_11_2016.pdf,SEOJK,11,2016,COCOK,downloads/Surat_Edaran_OJK_11_2016.pdf
Abstrak_20POJK_2029_20Tahun_202024_20Pemeringkat_20Kredit_20Alternatif_20_PKA_.pdf,,29,2024,TIDAK_COCOK,downloads/Abstrak_20POJK_2029_20Tahun_202024_20Pemeringkat_20Kredit_20Alternatif_20_PKA_.pdf
Peraturan_ADK_31_Tahun_2013_ORGANISASI_DEPARTEMEN_PENGEMBANGAN_DAN_PENGAWASAN_MANAJEMEN_KRISIS.pdf,PADK,31,2013,TIDAK_COCOK,downloads/Peraturan_ADK_31_Tahun_2013_ORGANISASI_DEPARTEMEN_PENGEMBANGAN_DAN_PENGAWASAN_MANAJEMEN_KRISIS.pdf
Peraturan_OJK_63_2016.pdf,POJK,63,2016,COCOK,downloads/Peraturan_OJK_63_2016.pdf
Surat_Edaran_OJK_3_2020.pdf,SEOJK,3,2020,COCOK,downloads/Surat_Edaran_OJK_3_2020.pdf
Peraturan_ADK_1_Tahun_2015_SISTEM_LAYANAN_KONSUMEN_TERINTEGRASI.pdf,PADK,1,2015,TIDAK_COCOK,downloads/Peraturan_ADK_1_Tahun_2015_SISTEM_LAYANAN_KONSUMEN_TERINTEGRASI.pdf
Peraturan_ADK_3_Tahun_2014_PENETAPAN_DAN_PENGANGKATAN_PEGAWAI_LEVEL_JABATAN_DEPUTI_DIREKTUR_KEPALA_BAGIAN_DAN_KEPALA_SUBBAGIAN_DI_LINGKUNGAN_OTORITAS_JASA_KEUANGAN.pdf,PADK,3,2014,TIDAK_COCOK,downloads/Peraturan_ADK_3_Tahun_2014_PENETAPAN_DAN_PENGANGKATAN_PEGAWAI_LEVEL_JABATAN_DEPUTI_DIREKTUR_KEPALA_BAGIAN_DAN_KEPALA_SUBBAGIAN_DI_LINGKUNGAN_OTORITAS_JASA_KEUANGAN.pdf
POJK_2043_20Tahun_202024_20Pengembangan_20Kualitas_20Sumber_20Daya_20Manusia_20Lembaga_20Pembiayaan_20PMV_20LKM_20LJK_20Lainnya.pdf,POJK,43,2024,COCOK,downloads/POJK_2043_20Tahun_202024_20Pengembangan_20Kualitas_20Sumber_20Daya_20Manusia_20Lembaga_20Pembiayaan_20PMV_20LKM_20LJK_20Lainnya.pdf
Peraturan_OJK_1_2017.pdf,POJK,1,2017,COCOK,downloads/Peraturan_OJK_1_2017.pdf
FAQ_20SEOJK_205-SEOJK.07-2024_20Mekanisme_20Ruang_20Uji_20Coba_20dan_20Pengembangan_20Inovasi.pdf,,5,2024,TIDAK_COCOK,downloads/FAQ_20SEOJK_205-SEOJK.07-2024_20Mekanisme_20Ruang_20Uji_20Coba_20dan_20Pengembangan_20Inovasi.pdf
SK_Dir_30-46-KEP-DIR-1997_Pembatasan_Pemberian_Kredit_Oleh_Bank_Umum_Untuk_Pembiayaan_Pengadaan_Dan_Atau_Pengolahan_Tanah_1997.pdf,KEPDIR,30,1997,TIDAK_COCOK,downloads/SK_Dir_30-46-KEP-DIR-1997_Pembatasan_Pemberian_Kredit_Oleh_Bank_Umum_Untuk_Pembiayaan_Pengadaan_Dan_Atau_Pengolahan_Tanah_1997.pdf
Tahun_VENDOR_MANAGEMENT_SYSTEM_OTORITAS_JASA_KEUANGAN.pdf,,,,TIDAK_COCOK,downloads/Tahun_VENDOR_MANAGEMENT_SYSTEM_OTORITAS_JASA_KEUANGAN.pdf
Peraturan_OJK_30_2015.pdf,POJK,30,2015,COCOK,downloads/Peraturan_OJK_30_2015.pdf
Peraturan_ADK_5_Tahun_2022_PERUBAHAN_ATAS_SURAT_EDARAN_DEWAN_KOMISIONER_OTORITAS_JASA_KEUANGAN_NOMOR_5_SEDK.02_2020_TENTANG_KEBIJAKAN_AKUNTANSI_OTORITAS_JASA_KEUANGAN.pdf,PADK,5,2022,TIDAK_COCOK,downloads/Peraturan_ADK_5_Tahun_2022_PERUBAHAN_ATAS_SURAT_EDARAN_DEWAN_KOMISIONER_OTORITAS_JASA_KEUANGAN_NOMOR_5_SEDK.02_2020_TENTANG_KEBIJAKAN_AKUNTANSI_OTORITAS_JASA_KEUANGAN.pdf
Peraturan_OJK_6_2021.pdf,POJK,6,2021,COCOK,downloads/Peraturan_OJK_6_2021.pdf
Surat_Edaran_OJK_18_2025.pdf,SEOJK,18,2025,COCOK,downloads/Surat_Edaran_OJK_18_2025.pdf
FAQ_20POJK_2033_20Tahun_202025_20Penilaian_20Tingkat_20Kesehatan_20Perusahaan_20Perasuransian_2c_20Lembaga_20Penjamin_2c_20dan_20Dana_20Pensiun.pdf,,33,2025,TIDAK_COCOK,downloads/FAQ_20POJK_2033_20Tahun_202025_20Penilaian_20Tingkat_20Kesehatan_20Perusahaan_20Perasuransian_2c_20Lembaga_20Penjamin_2c_20dan_20Dana_20Pensiun.pdf
Peraturan_ADK_2_Tahun_2015_PEDOMAN_PENGAWASAN_TERINTEGRASI_BERDASARKAN_RISIKO_TERHADAP_KONGLOMERASI_KEUANGAN_UNTUK_TAHAPAN_PENILAIAN_RISIKO_DAN_TINGKAT_KONDISI_KONGLOMERASI_KEUANGAN.pdf,PADK,2,2015,TIDAK_COCOK,downloads/Peraturan_ADK_2_Tahun_2015_PEDOMAN_PENGAWASAN_TERINTEGRASI_BERDASARKAN_RISIKO_TERHADAP_KONGLOMERASI_KEUANGAN_UNTUK_TAHAPAN_PENILAIAN_RISIKO_DAN_TINGKAT_KONDISI_KONGLOMERASI_KEUANGAN.pdf
Surat_Edaran_OJK_55_2017.pdf,SEOJK,55,2017,COCOK,downloads/Surat_Edaran_OJK_55_2017.pdf
Peraturan_OJK_28_2017.pdf,POJK,28,2017,COCOK,downloads/Peraturan_OJK_28_2017.pdf
Peraturan_ADK_19_Tahun_2013_PERUBAHAN_ATAS_SURAT_EDARAN_DEWAN_KOMISIONER_OTORITAS_JASA_KEUANGAN_NOMOR_19_SEDK.02_2013_TENTANG_PENILAIAN_KINERJA_PEGAWAI.pdf,PADK,19,2013,TIDAK_COCOK,downloads/Peraturan_ADK_19_Tahun_2013_PERUBAHAN_ATAS_SURAT_EDARAN_DEWAN_KOMISIONER_OTORITAS_JASA_KEUANGAN_NOMOR_19_SEDK.02_2013_TENTANG_PENILAIAN_KINERJA_PEGAWAI.pdf
SEOJK_2035-SEOJK05-2025_20Penilaian_20Tingkat_20Kesehatan_20Perusahaan_20Pergadaian_20dan_20Perusahaan_20Pergadaian_20Syariah.pdf,SEOJK,35,2025,COCOK,downloads/SEOJK_2035-SEOJK05-2025_20Penilaian_20Tingkat_20Kesehatan_20Perusahaan_20Pergadaian_20dan_20Perusahaan_20Pergadaian_20Syariah.pdf
Peraturan_ADK_25_Tahun_2014_PEDOMAN_PENGELOLAAN_ARSIP_DI_LINGKUNGAN_OTORITAS_JASA_KEUANGAN.pdf,PADK,25,2014,TIDAK_COCOK,downloads/Peraturan_ADK_25_Tahun_2014_PEDOMAN_PENGELOLAAN_ARSIP_DI_LINGKUNGAN_OTORITAS_JASA_KEUANGAN.pdf
FAQ_20POJK_203_20Tahun_202026_20Penyelenggaraan_20Kegiatan_20Usaha_20Perusahaan_20Efek_20yang_20Melakukan_20Kegiatan_20Usaha_20sebagai_20Penjamin_20Emisi_20Efek_20dan_20Perantara_20Pedagang_20Efek.pdf,,3,2026,TIDAK_COCOK,downloads/FAQ_20POJK_203_20Tahun_202026_20Penyelenggaraan_20Kegiatan_20Usaha_20Perusahaan_20Efek_20yang_20Melakukan_20Kegiatan_20Usaha_20sebagai_20Penjamin_20Emisi_20Efek_20dan_20Perantara_20Pedagang_20Efek.pdf
Peraturan_ADK_19_Tahun_2024_PERUBAHAN_KETIGA_ATAS_SURAT_EDARAN_DEWAN_KOMISIONER_OTORITAS_JASA_KEUANGAN_NOMOR_19_SEDK.02_2023_TENTANG_ORGANISASI_BIDANG_KEBIJAKAN_STRATEGIS.pdf,PADK,19,2024,TIDAK_COCOK,downloads/Peraturan_ADK_19_Tahun_2024_PERUBAHAN_KETIGA_ATAS_SURAT_EDARAN_DEWAN_KOMISIONER_OTORITAS_JASA_KEUANGAN_NOMOR_19_SEDK.02_2023_TENTANG_ORGANISASI_BIDANG_KEBIJAKAN_STRATEGIS.pdf
Surat_Edaran_OJK_17_2017.pdf,SEOJK,17,2017,COCOK,downloads/Surat_Edaran_OJK_17_2017.pdf
Peraturan_ADK_10_Tahun_2016_PEDOMAN_PELAKSANAAN_PENILAIAN_KEMAMPUAN_DAN_KEPATUTAN_CALON_PEMEGANG_SAHAM_PENGENDALI_CALON_ANGGOTA_DIREKSI_DAN_CALON_ANGGOTA_DEWAN_KOMISARIS_BANK_PERKREDITAN_RAKYAT_DAN_BANK_PEMBIAYAAN_RAKYAT_SYARIAH.pdf,PADK,10,2016,TIDAK_COCOK,downloads/Peraturan_ADK_10_Tahun_2016_PEDOMAN_PELAKSANAAN_PENILAIAN_KEMAMPUAN_DAN_KEPATUTAN_CALON_PEMEGANG_SAHAM_PENGENDALI_CALON_ANGGOTA_DIREKSI_DAN_CALON_ANGGOTA_DEWAN_KOMISARIS_BANK_PERKREDITAN_RAKYAT_DAN_BANK_PEMBIAYAAN_RAKYAT_SYARIAH.pdf
Peraturan_ADK_8_Tahun_2024_PEDOMAN_PELAKSANAAN_PERIZINAN_BANK_PEREKONOMIAN_RAKYAT_SYARIAH.pdf,PADK,8,2024,TIDAK_COCOK,downloads/Peraturan_ADK_8_Tahun_2024_PEDOMAN_PELAKSANAAN_PERIZINAN_BANK_PEREKONOMIAN_RAKYAT_SYARIAH.pdf
Surat_Edaran_OJK_12_2019.pdf,SEOJK,12,2019,COCOK,downloads/Surat_Edaran_OJK_12_2019.pdf
Undang-Undang.pdf,UU,,,TIDAK_COCOK,downloads/Undang-Undang.pdf
POJK_16-2014.pdf,POJK,16,2014,COCOK,downloads/POJK_16-2014.pdf
Surat_Edaran_Bank_Indonesia.pdf,SEOJK,,,TIDAK_COCOK,downloads/Surat_Edaran_Bank_Indonesia.pdf
Peraturan_OJK_43_2017.pdf,POJK,43,2017,COCOK,downloads/Peraturan_OJK_43_2017.pdf
Peraturan_ADK_3_Tahun_2014_TATA_CARA_PEMERIKSAAN_LANGSUNG_LEMBAGA_JASA_KEUANGAN_NON-BANK.pdf,PADK,3,2014,TIDAK_COCOK,downloads/Peraturan_ADK_3_Tahun_2014_TATA_CARA_PEMERIKSAAN_LANGSUNG_LEMBAGA_JASA_KEUANGAN_NON-BANK.pdf
Peraturan_ADK_12_Tahun_2022_PEDOMAN_PELAKSANAAN_PERIZINAN_BANK_PERKREDITAN_RAKYAT.pdf,PADK,12,2022,TIDAK_COCOK,downloads/Peraturan_ADK_12_Tahun_2022_PEDOMAN_PELAKSANAAN_PERIZINAN_BANK_PERKREDITAN_RAKYAT.pdf
Peraturan_ADK_2_Tahun_2021_MANAJEMEN_PENATALAKSANAAN_LEMBAGA_SERTIFIKASI_PROFESI_DI_SEKTOR_JASA_KEUANGAN.pdf,PADK,2,2021,TIDAK_COCOK,downloads/Peraturan_ADK_2_Tahun_2021_MANAJEMEN_PENATALAKSANAAN_LEMBAGA_SERTIFIKASI_PROFESI_DI_SEKTOR_JASA_KEUANGAN.pdf
Peraturan_OJK_48_2020.pdf,POJK,48,2020,COCOK,downloads/Peraturan_OJK_48_2020.pdf
Peraturan_ADK_6_Tahun_2022_PEDOMAN_PELAKSANAAN_TOP_DOWN_STRESS_TEST_PERBANKAN.pdf,PADK,6,2022,TIDAK_COCOK,downloads/Peraturan_ADK_6_Tahun_2022_PEDOMAN_PELAKSANAAN_TOP_DOWN_STRESS_TEST_PERBANKAN.pdf
Peraturan_ADK_6_Tahun_2016_PERUBAHAN_ATAS_SURAT_EDARAN_DEWAN_KOMISIONER_OTORITAS_JASA_KEUANGAN_NOMOR_4_SEDK.01_2015_TENTANG_PEDOMAN_SISTEM_MONITORING_DATA_SEKTOR_JASA_KEUANGAN_TERINTEGRASI_OTORITAS_JASA_KEUANGAN.pdf,PADK,6,2016,TIDAK_COCOK,downloads/Peraturan_ADK_6_Tahun_2016_PERUBAHAN_ATAS_SURAT_EDARAN_DEWAN_KOMISIONER_OTORITAS_JASA_KEUANGAN_NOMOR_4_SEDK.01_2015_TENTANG_PEDOMAN_SISTEM_MONITORING_DATA_SEKTOR_JASA_KEUANGAN_TERINTEGRASI_OTORITAS_JASA_KEUANGAN.pdf
Peraturan_ADK_1_Tahun_2021_tentang_Pedoman_Pelaksanaan_Penilaian_Kemampuan_dan_Kepatutan_Bagi_Calon_Pihak_Utama_Perusahaan_Pemeringkat_Efek.pdf,PADK,1,2021,TIDAK_COCOK,downloads/Peraturan_ADK_1_Tahun_2021_tentang_Pedoman_Pelaksanaan_Penilaian_Kemampuan_dan_Kepatutan_Bagi_Calon_Pihak_Utama_Perusahaan_Pemeringkat_Efek.pdf
Surat_Edaran_OJK_18_2015.pdf,SEOJK,18,2015,COCOK,downloads/Surat_Edaran_OJK_18_2015.pdf
Peraturan_Bank_Indonesia_15_2018.pdf,PBI,15,2018,TIDAK_COCOK,downloads/Peraturan_Bank_Indonesia_15_2018.pdf
Peraturan_OJK_9_2017.pdf,POJK,9,2017,COCOK,downloads/Peraturan_OJK_9_2017.pdf
POJK_209_20Tahun_202024_20Penerapan_20Tata_20Kelola_20bagi_20BPR_20dan_20BPRS.pdf,POJK,9,2024,COCOK,downloads/POJK_209_20Tahun_202024_20Penerapan_20Tata_20Kelola_20bagi_20BPR_20dan_20BPRS.pdf
Peraturan_OJK_6_2015.pdf,POJK,6,2015,COCOK,downloads/Peraturan_OJK_6_2015.pdf
Peraturan_OJK_47_2015.pdf,POJK,47,2015,COCOK,downloads/Peraturan_OJK_47_2015.pdf
Peraturan_ADK_8_Tahun_2017_TUNJANGAN_PENDUKUNG_OPERASIONAL_TUNJANGAN_FASILITAS_ASURANSI_DAN_PESANGON_BAGI_PEGAWAI_DAN_PENSIUNAN_OTORITAS_JASA_KEUANGAN.pdf,PADK,8,2017,TIDAK_COCOK,downloads/Peraturan_ADK_8_Tahun_2017_TUNJANGAN_PENDUKUNG_OPERASIONAL_TUNJANGAN_FASILITAS_ASURANSI_DAN_PESANGON_BAGI_PEGAWAI_DAN_PENSIUNAN_OTORITAS_JASA_KEUANGAN.pdf
Peraturan_OJK_23_2017.pdf,POJK,23,2017,COCOK,downloads/Peraturan_OJK_23_2017.pdf
POJK_2030_20Tahun_202025_20Penerapan_20Tata_20Kelola_20dan_20Manajemen_20Risiko_20Bagi_20Penyelenggara_20Inovasi_20Teknologi_20Sektor_20Keuangan.pdf,POJK,30,2025,COCOK,downloads/POJK_2030_20Tahun_202025_20Penerapan_20Tata_20Kelola_20dan_20Manajemen_20Risiko_20Bagi_20Penyelenggara_20Inovasi_20Teknologi_20Sektor_20Keuangan.pdf
Peraturan_ADK_1_Tahun_2024_PEDOMAN_PENGAWASAN_PERUSAHAAN_EFEK_YANG_MELAKUKAN_KEGIATAN_SEBAGAI_PENJAMIN_EMISI_EFEK_DAN_PERANTARA_PEDAGANG_EFEK.pdf,PADK,1,2024,TIDAK_COCOK,downloads/Peraturan_ADK_1_Tahun_2024_PEDOMAN_PENGAWASAN_PERUSAHAAN_EFEK_YANG_MELAKUKAN_KEGIATAN_SEBAGAI_PENJAMIN_EMISI_EFEK_DAN_PERANTARA_PEDAGANG_EFEK.pdf
Peraturan_OJK_6_2016.pdf,POJK,6,2016,COCOK,downloads/Peraturan_OJK_6_2016.pdf
Peraturan_ADK_39_2025.pdf,PADK,39,2025,COCOK,downloads/Peraturan_ADK_39_2025.pdf
Undang-Undang_7_1992.pdf,UU,7,1992,TIDAK_COCOK,downloads/Undang-Undang_7_1992.pdf
Peraturan_ADK_13_Tahun_2017_PEDOMAN_PENGAWASAN_BANK_BERDASARKAN_RISIKO_UNTUK_TAHAPAN_PERENCANAAN_PENGAWASAN_SUPERVISORY_PLAN.pdf,PADK,13,2017,TIDAK_COCOK,downloads/Peraturan_ADK_13_Tahun_2017_PEDOMAN_PENGAWASAN_BANK_BERDASARKAN_RISIKO_UNTUK_TAHAPAN_PERENCANAAN_PENGAWASAN_SUPERVISORY_PLAN.pdf
Peraturan_OJK_74_2016.pdf,POJK,74,2016,COCOK,downloads/Peraturan_OJK_74_2016.pdf
Surat_Edaran_OJK_4_2025.pdf,SEOJK,4,2025,COCOK,downloads/Surat_Edaran_OJK_4_2025.pdf
Peraturan_OJK_4_2018.pdf,POJK,4,2018,COCOK,downloads/Peraturan_OJK_4_2018.pdf
Peraturan_ADK_21_Tahun_2011_SISTEM_MANAJEMEN_STRATEGI_ANGGARAN_DAN_KINERJA_OTORITAS_JASA_KEUANGAN.pdf,PADK,21,2011,TIDAK_COCOK,downloads/Peraturan_ADK_21_Tahun_2011_SISTEM_MANAJEMEN_STRATEGI_ANGGARAN_DAN_KINERJA_OTORITAS_JASA_KEUANGAN.pdf
SEOJK_2014-SEOJK.05-2024_20Persetujuan_20dan_20Pelaporan_20Produk_20Asuransi.pdf,SEOJK,14,2024,COCOK,downloads/SEOJK_2014-SEOJK.05-2024_20Persetujuan_20dan_20Pelaporan_20Produk_20Asuransi.pdf
POJK_2038_20Tahun_202025_20Gugatan_20oleh_20OJK_20untuk_20Pelindungan_20Konsumen_20di_20Sektor_20Jasa_20Keuangan.pdf,POJK,38,2025,COCOK,downloads/POJK_2038_20Tahun_202025_20Gugatan_20oleh_20OJK_20untuk_20Pelindungan_20Konsumen_20di_20Sektor_20Jasa_20Keuangan.pdf
Peraturan_ADK_3_Tahun_2015_PERUBAHAN_ATAS_PERATURAN_DEWAN_KOMISIONER_OTORITAS_JASA_KEUANGAN_NOMOR_33_PDK.02_2013_TENTANG_SISTEM_PELAPORAN_PELANGGARAN_DI_OTORITAS_JASA_KEUANGAN.pdf,PADK,3,2015,TIDAK_COCOK,downloads/Peraturan_ADK_3_Tahun_2015_PERUBAHAN_ATAS_PERATURAN_DEWAN_KOMISIONER_OTORITAS_JASA_KEUANGAN_NOMOR_33_PDK.02_2013_TENTANG_SISTEM_PELAPORAN_PELANGGARAN_DI_OTORITAS_JASA_KEUANGAN.pdf
Peraturan_ADK_10_Tahun_2019_PERUBAHAN_SURAT_EDARAN_DEWAN_KOMISIONER_OTORITAS_JASA_KEUANGAN_NOMOR_10_SEDK.01_2019_TENTANG_PETUNJUK_TEKNIS_PENYEDIAAN_PERSIL_DAN_ATAU_BANGUNAN_OTORITAS_JASA_KEUANGAN.pdf,PADK,10,2019,TIDAK_COCOK,downloads/Peraturan_ADK_10_Tahun_2019_PERUBAHAN_SURAT_EDARAN_DEWAN_KOMISIONER_OTORITAS_JASA_KEUANGAN_NOMOR_10_SEDK.01_2019_TENTANG_PETUNJUK_TEKNIS_PENYEDIAAN_PERSIL_DAN_ATAU_BANGUNAN_OTORITAS_JASA_KEUANGAN.pdf
Peraturan_ADK_21_Tahun_2011_PEMBAGIAN_TUGAS_ANGGOTA_DEWAN_KOMISIONER_OTORITAS_JASA_KEUANGAN.pdf,PADK,21,2011,TIDAK_COCOK,downloads/Peraturan_ADK_21_Tahun_2011_PEMBAGIAN_TUGAS_ANGGOTA_DEWAN_KOMISIONER_OTORITAS_JASA_KEUANGAN.pdf
FAQ_20POJK_2033_20Tahun_202024_20Pengembangan_20dan_20Penguatan_20Pengelolaan_20Investasi_20di_20Pasar_20Modal.pdf,,33,2024,TIDAK_COCOK,downloads/FAQ_20POJK_2033_20Tahun_202024_20Pengembangan_20dan_20Penguatan_20Pengelolaan_20Investasi_20di_20Pasar_20Modal.pdf
Surat_Edaran_OJK_5_2013.pdf,SEOJK,5,2013,COCOK,downloads/Surat_Edaran_OJK_5_2013.pdf
Peraturan_ADK_9_Tahun_2014_PERUBAHAN_ATAS_PERATURAN_DEWAN_KOMISIONER_OTORITAS_JASA_KEUANGAN_NOMOR_01_12_PDK_XII_2012_TENTANG_STANDAR_BIAYA_OTORITAS_JASA_KEUANGAN.pdf,PADK,9,2014,TIDAK_COCOK,downloads/Peraturan_ADK_9_Tahun_2014_PERUBAHAN_ATAS_PERATURAN_DEWAN_KOMISIONER_OTORITAS_JASA_KEUANGAN_NOMOR_01_12_PDK_XII_2012_TENTANG_STANDAR_BIAYA_OTORITAS_JASA_KEUANGAN.pdf
Peraturan_ADK_19_Tahun_2023_ORGANISASI_BIDANG_KEBIJAKAN_STRATEGIS.pdf,PADK,19,2023,TIDAK_COCOK,downloads/Peraturan_ADK_19_Tahun_2023_ORGANISASI_BIDANG_KEBIJAKAN_STRATEGIS.pdf
POJK_2015_20Tahun_202025_20Penilaian_20Reksa_20Dana_20dan_20Penilaian_20Manajer_20Investasi.pdf,POJK,15,2025,COCOK,downloads/POJK_2015_20Tahun_202025_20Penilaian_20Reksa_20Dana_20dan_20Penilaian_20Manajer_20Investasi.pdf
Peraturan_OJK_45_2015.pdf,POJK,45,2015,COCOK,downloads/Peraturan_OJK_45_2015.pdf
Peraturan_ADK_3_Tahun_2020_PEDOMAN_PEMERIKSAAN_KEPATUHAN_DAN_PEMERIKSAAN_TEKNIS_BANK_KUSTODIAN.pdf,PADK,3,2020,TIDAK_COCOK,downloads/Peraturan_ADK_3_Tahun_2020_PEDOMAN_PEMERIKSAAN_KEPATUHAN_DAN_PEMERIKSAAN_TEKNIS_BANK_KUSTODIAN.pdf
Abstrak_20POJK_2011_20Tahun_202024_20Pelaporan_20dan_20Permintaan_20Informasi_20Debitur_20Melalui_20SLIK.pdf,,11,2024,TIDAK_COCOK,downloads/Abstrak_20POJK_2011_20Tahun_202024_20Pelaporan_20dan_20Permintaan_20Informasi_20Debitur_20Melalui_20SLIK.pdf
Peraturan_ADK_9_Tahun_2022_PEDOMAN_PEMERIKSAAN_KEPATUHAN_DAN_PEMERIKSAAN_TEKNIS_PENYELENGGARA_LAYANAN_URUN_DANA_BERBASIS_TEKNOLOGI_INFORMASI.pdf,PADK,9,2022,TIDAK_COCOK,downloads/Peraturan_ADK_9_Tahun_2022_PEDOMAN_PEMERIKSAAN_KEPATUHAN_DAN_PEMERIKSAAN_TEKNIS_PENYELENGGARA_LAYANAN_URUN_DANA_BERBASIS_TEKNOLOGI_INFORMASI.pdf
Surat_Edaran_OJK_49_2016.pdf,SEOJK,49,2016,COCOK,downloads/Surat_Edaran_OJK_49_2016.pdf
Peraturan_OJK_42_2016.pdf,POJK,42,2016,COCOK,downloads/Peraturan_OJK_42_2016.pdf
Peraturan_OJK_6_2019.pdf,POJK,6,2019,COCOK,downloads/Peraturan_OJK_6_2019.pdf
Peraturan_ADK_1_Tahun_2019_PEDOMAN_PENETAPAN_LEMBAGA_PEMBIAYAAN_PERUSAHAAN_MODAL_VENTURA_LEMBAGA_KEUANGAN_MIKRO_DAN_LEMBAGA_JASA_KEUANGAN_LAINNYA_UTAMA.pdf,PADK,1,2019,TIDAK_COCOK,downloads/Peraturan_ADK_1_Tahun_2019_PEDOMAN_PENETAPAN_LEMBAGA_PEMBIAYAAN_PERUSAHAAN_MODAL_VENTURA_LEMBAGA_KEUANGAN_MIKRO_DAN_LEMBAGA_JASA_KEUANGAN_LAINNYA_UTAMA.pdf
Surat_Edaran_OJK_40_2024.pdf,SEOJK,40,2024,TIDAK_COCOK,downloads/Surat_Edaran_OJK_40_2024.pdf
Peraturan_OJK_36_2020.pdf,POJK,36,2020,COCOK,downloads/Peraturan_OJK_36_2020.pdf
Peraturan_ADK_1_Tahun_2015_PEDOMAN_PEMERIKSAAN_BADAN_PENYELENGGARA_JAMINAN_SOSIAL_OLEH_OTORITAS_JASA_KEUANGAN.pdf,PADK,1,2015,TIDAK_COCOK,downloads/Peraturan_ADK_1_Tahun_2015_PEDOMAN_PEMERIKSAAN_BADAN_PENYELENGGARA_JAMINAN_SOSIAL_OLEH_OTORITAS_JASA_KEUANGAN.pdf
Peraturan_ADK_21_Tahun_2011_IMBALAN_ANGGOTA_DEWAN_AUDIT_OTORITAS_JASA_KEUANGAN.pdf,PADK,21,2011,TIDAK_COCOK,downloads/Peraturan_ADK_21_Tahun_2011_IMBALAN_ANGGOTA_DEWAN_AUDIT_OTORITAS_JASA_KEUANGAN.pdf
FAQ_20PADK_2046-PADK05-2025_20Lini_20Usaha_20Asuransi_20Umum_2c_20Asuransi_20Umum_20Syariah_2c_20Asuransi_20Jiwa_2c_20dan_20Asuransi_20Jiwa_20Syariah.pdf,,46,2025,TIDAK_COCOK,downloads/FAQ_20PADK_2046-PADK05-2025_20Lini_20Usaha_20Asuransi_20Umum_2c_20Asuransi_20Umum_20Syariah_2c_20Asuransi_20Jiwa_2c_20dan_20Asuransi_20Jiwa_20Syariah.pdf
Surat_Edaran_OJK_51_2016.pdf,SEOJK,51,2016,COCOK,downloads/Surat_Edaran_OJK_51_2016.pdf
Abstrak_20POJK_2040_20Tahun_202025_20Penggunaan_20Dana_20Hasil_20Penawaran_20Umum.pdf,,40,2025,TIDAK_COCOK,downloads/Abstrak_20POJK_2040_20Tahun_202025_20Penggunaan_20Dana_20Hasil_20Penawaran_20Umum.pdf
Peraturan_ADK_5_Tahun_2016_ADMINISTRASI_PENYIDIKAN_TINDAK_PIDANA_DI_SEKTOR_JASA_KEUANGAN.pdf,PADK,5,2016,TIDAK_COCOK,downloads/Peraturan_ADK_5_Tahun_2016_ADMINISTRASI_PENYIDIKAN_TINDAK_PIDANA_DI_SEKTOR_JASA_KEUANGAN.pdf
Peraturan_ADK_2_Tahun_2024_PETUNJUK_PELAKSANAAN_PROTOKOL_MANAJEMEN_KRISIS_DI_SEKTOR_LEMBAGA_PEMBIAYAAN_PERUSAHAAN_MODAL_VENTURA_LEMBAGA_KEUANGAN_MIKRO_DAN_LEMBAGA_JASA_KEUANGAN_LAINNYA.pdf,PADK,2,2024,TIDAK_COCOK,downloads/Peraturan_ADK_2_Tahun_2024_PETUNJUK_PELAKSANAAN_PROTOKOL_MANAJEMEN_KRISIS_DI_SEKTOR_LEMBAGA_PEMBIAYAAN_PERUSAHAAN_MODAL_VENTURA_LEMBAGA_KEUANGAN_MIKRO_DAN_LEMBAGA_JASA_KEUANGAN_LAINNYA.pdf
SEOJK_2022-SEOJK06-2024_20Penilaian_20Kemampuan_20dan_20Kepatutan_20Bagi_20Pihak_20Utama_20Lembaga_20Pembiayaan_20PMV_20LKM_20dan_20LJK_20Lainnya.pdf,SEOJK,22,2024,COCOK,downloads/SEOJK_2022-SEOJK06-2024_20Penilaian_20Kemampuan_20dan_20Kepatutan_20Bagi_20Pihak_20Utama_20Lembaga_20Pembiayaan_20PMV_20LKM_20dan_20LJK_20Lainnya.pdf
Surat_Edaran_OJK_12_2016.pdf,SEOJK,12,2016,COCOK,downloads/Surat_Edaran_OJK_12_2016.pdf
FAQ_20SEOJK_207-SEOJK.07-2024_20Pelaporan_20Penyelenggara_20Inovasi_20Teknologi_20Sektor_20Keuangan_20yang_20Terdaftar_20di_20Otoritas_20Jasa_20Keuangan.pdf,,7,2024,TIDAK_COCOK,downloads/FAQ_20SEOJK_207-SEOJK.07-2024_20Pelaporan_20Penyelenggara_20Inovasi_20Teknologi_20Sektor_20Keuangan_20yang_20Terdaftar_20di_20Otoritas_20Jasa_20Keuangan.pdf
Peraturan_OJK_24_2018.pdf,POJK,24,2018,COCOK,downloads/Peraturan_OJK_24_2018.pdf
Peraturan_OJK_10_2023.pdf,POJK,10,2023,COCOK,downloads/Peraturan_OJK_10_2023.pdf
Peraturan_ADK_2_Tahun_2023_PEDOMAN_PENILAIAN_TINGKAT_KESEHATAN_BANK_PEREKONOMIAN_RAKYAT_DAN_BANK_PEREKONOMIAN_RAKYAT_SYARIAH.pdf,PADK,2,2023,TIDAK_COCOK,downloads/Peraturan_ADK_2_Tahun_2023_PEDOMAN_PENILAIAN_TINGKAT_KESEHATAN_BANK_PEREKONOMIAN_RAKYAT_DAN_BANK_PEREKONOMIAN_RAKYAT_SYARIAH.pdf
Peraturan_OJK_40_2025.pdf,POJK,40,2025,COCOK,downloads/Peraturan_OJK_40_2025.pdf
Peraturan_ADK_9_Tahun_2024_PEDOMAN_PELAKSANAAN_PERUBAHAN_KEGIATAN_USAHA_BANK_KONVENSIONAL_MENJADI_BANK_SYARIAH.pdf,PADK,9,2024,TIDAK_COCOK,downloads/Peraturan_ADK_9_Tahun_2024_PEDOMAN_PELAKSANAAN_PERUBAHAN_KEGIATAN_USAHA_BANK_KONVENSIONAL_MENJADI_BANK_SYARIAH.pdf
Peraturan_OJK_49_2017.pdf,POJK,49,2017,COCOK,downloads/Peraturan_OJK_49_2017.pdf
Peraturan_OJK_25_2016.pdf,POJK,25,2016,COCOK,downloads/Peraturan_OJK_25_2016.pdf
Peraturan_ADK_4_Tahun_2021_PERUBAHAN_ATAS_SURAT_EDARAN_DEWAN_KOMISIONER_OTORITAS_JASA_KEUANGAN_NOMOR_15_SEDK.01_202O_TENTANG_PETUNJUK_TEKNIS_PELAKSANAAN_PENGADAAN_BARANG_JASA_OTORITAS_JASA_KEUANGAN.pdf,PADK,4,2021,TIDAK_COCOK,downloads/Peraturan_ADK_4_Tahun_2021_PERUBAHAN_ATAS_SURAT_EDARAN_DEWAN_KOMISIONER_OTORITAS_JASA_KEUANGAN_NOMOR_15_SEDK.01_202O_TENTANG_PETUNJUK_TEKNIS_PELAKSANAAN_PENGADAAN_BARANG_JASA_OTORITAS_JASA_KEUANGAN.pdf
POJK_2032_20Tahun_202024_20Pengembangan_20dan_20Penguatan_20Transaksi_20dan_20Lembaga_20Efek.pdf,POJK,32,2024,COCOK,downloads/POJK_2032_20Tahun_202024_20Pengembangan_20dan_20Penguatan_20Transaksi_20dan_20Lembaga_20Efek.pdf
Peraturan_ADK_12_Tahun_2020_URAIAN_JABATAN_DALAM_ORGANISASI_OTORITAS_JASA_KEUANGAN.pdf,PADK,12,2020,TIDAK_COCOK,downloads/Peraturan_ADK_12_Tahun_2020_URAIAN_JABATAN_DALAM_ORGANISASI_OTORITAS_JASA_KEUANGAN.pdf
Peraturan_ADK_1_Tahun_2017_PEDOMAN_PEMERIKSAAN_BERDASARKAN_RISIKO_UNTUK_PEMERIKSAAN_PERMODALAN.pdf,PADK,1,2017,TIDAK_COCOK,downloads/Peraturan_ADK_1_Tahun_2017_PEDOMAN_PEMERIKSAAN_BERDASARKAN_RISIKO_UNTUK_PEMERIKSAAN_PERMODALAN.pdf
Abstrak_20SEOJK_2021-SEOJK07-2025_20Penilaian_20Kemampuan_20dan_20Kepatutan_20Serta_20Penilaian_20Kembali_20Bagi_20Pihak_20Utama_20di_20Sektor_20Inovasi_20Teknologi_20Sektor_20Keuangan_20serta_20Aset_20Keuangan_20Digital_20dan_20Aset.pdf,,21,2025,TIDAK_COCOK,downloads/Abstrak_20SEOJK_2021-SEOJK07-2025_20Penilaian_20Kemampuan_20dan_20Kepatutan_20Serta_20Penilaian_20Kembali_20Bagi_20Pihak_20Utama_20di_20Sektor_20Inovasi_20Teknologi_20Sektor_20Keuangan_20serta_20Aset_20Keuangan_20Digital_20dan_20Aset.pdf
Peraturan_ADK_15_Tahun_2015_PEDOMAN_PEMERIKSAAN_BERDASARKAN_RISIKO_UNTUK_PEMERIKSAAN_RISIKO_STRATEJIK.pdf,PADK,15,2015,TIDAK_COCOK,downloads/Peraturan_ADK_15_Tahun_2015_PEDOMAN_PEMERIKSAAN_BERDASARKAN_RISIKO_UNTUK_PEMERIKSAAN_RISIKO_STRATEJIK.pdf
Peraturan_OJK_4_2025.pdf,POJK,4,2025,COCOK,downloads/Peraturan_OJK_4_2025.pdf
Peraturan_OJK_22_2015.pdf,POJK,22,2015,COCOK,downloads/Peraturan_OJK_22_2015.pdf
Peraturan_OJK_39_2025.pdf,POJK,39,2025,COCOK,downloads/Peraturan_OJK_39_2025.pdf
Peraturan_ADK_1_Tahun_2022_PERUBAHAN_ATAS_PERATURAN_DEWAN_KOMISIONER_OTORITAS_JASA_KEUANGAN_NOMOR_1_PDK.01_2017_TENTANG_TATA_CARA_PENYELENGGARAAN_RAPAT_DEWAN_KOMISIONER_OTORITAS_JASA_KEUANGAN.pdf,PADK,1,2022,TIDAK_COCOK,downloads/Peraturan_ADK_1_Tahun_2022_PERUBAHAN_ATAS_PERATURAN_DEWAN_KOMISIONER_OTORITAS_JASA_KEUANGAN_NOMOR_1_PDK.01_2017_TENTANG_TATA_CARA_PENYELENGGARAAN_RAPAT_DEWAN_KOMISIONER_OTORITAS_JASA_KEUANGAN.pdf
Peraturan_ADK_Tahun_STRATEGI_KOMUNIKASI_OTORITAS_JASA_KEUANGAN_TAHUN_2020.pdf,PADK,,2020,TIDAK_COCOK,downloads/Peraturan_ADK_Tahun_STRATEGI_KOMUNIKASI_OTORITAS_JASA_KEUANGAN_TAHUN_2020.pdf
Surat_Edaran_OJK_28_2017.pdf,SEOJK,28,2017,COCOK,downloads/Surat_Edaran_OJK_28_2017.pdf
FAQ_20SEOJK_203-SEOJK.04-2025_20Pedoman_20Perlakuan_20Akuntansi_20Perusahaan_20Efek.pdf,,3,2025,TIDAK_COCOK,downloads/FAQ_20SEOJK_203-SEOJK.04-2025_20Pedoman_20Perlakuan_20Akuntansi_20Perusahaan_20Efek.pdf
Peraturan_OJK_62_2020.pdf,POJK,62,2020,COCOK,downloads/Peraturan_OJK_62_2020.pdf
Peraturan_ADK_3_Tahun_2024_PERUBAHAN_ATAS_PERATURAN_DEWAN_KOMISIONER_OTORITAS_JASA_KEUANGAN_NOMOR_21_PDK.02_2014_TENTANG_PENILAIAN_KINERJA_ANGGOTA_DEWAN_KOMISIONER_OTORITAS_JASA_KEUANGAN.pdf,PADK,3,2024,TIDAK_COCOK,downloads/Peraturan_ADK_3_Tahun_2024_PERUBAHAN_ATAS_PERATURAN_DEWAN_KOMISIONER_OTORITAS_JASA_KEUANGAN_NOMOR_21_PDK.02_2014_TENTANG_PENILAIAN_KINERJA_ANGGOTA_DEWAN_KOMISIONER_OTORITAS_JASA_KEUANGAN.pdf
Surat_Edaran_OJK_8_2018.pdf,SEOJK,8,2018,COCOK,downloads/Surat_Edaran_OJK_8_2018.pdf
Peraturan_ADK_2_Tahun_2017_STANDAR_PENGENDALIAN_KUALITAS_OTORITAS_JASA_KEUANGAN.pdf,PADK,2,2017,TIDAK_COCOK,downloads/Peraturan_ADK_2_Tahun_2017_STANDAR_PENGENDALIAN_KUALITAS_OTORITAS_JASA_KEUANGAN.pdf
Surat_Edaran_OJK_25_2016.pdf,SEOJK,25,2016,COCOK,downloads/Surat_Edaran_OJK_25_2016.pdf
Peraturan_ADK_8_Tahun_2017_PERUBAHAN_KELIMA_SURAT_EDARAN_DEWAN_KOMISIONER_OTORITAS_JASA_KEUANGAN_NOMOR_33_SEDK.02_2013_TENTANG_PEDOMAN_TATA_NASKAH_DINAS_OTORITAS_JASA_KEUANGAN.pdf,PADK,8,2017,TIDAK_COCOK,downloads/Peraturan_ADK_8_Tahun_2017_PERUBAHAN_KELIMA_SURAT_EDARAN_DEWAN_KOMISIONER_OTORITAS_JASA_KEUANGAN_NOMOR_33_SEDK.02_2013_TENTANG_PEDOMAN_TATA_NASKAH_DINAS_OTORITAS_JASA_KEUANGAN.pdf
Abstrak_20SEOJK_208-SEOJK03-2025_20Penerapan_20Fungsi_20Kepatuhan_20Bagi_20Bank_20Perekonomian_20Rakyat_20dan_20Bank_20Perekonomian_20Rakyat_20Syariah.pdf,,8,2025,TIDAK_COCOK,downloads/Abstrak_20SEOJK_208-SEOJK03-2025_20Penerapan_20Fungsi_20Kepatuhan_20Bagi_20Bank_20Perekonomian_20Rakyat_20dan_20Bank_20Perekonomian_20Rakyat_20Syariah.pdf
Peraturan_ADK_1_Tahun_2016_PEDOMAN_SINGKATAN_AKRONIM_DAN_KODERING_NASKAH_DINAS_SATUAN_KERJA_DAN_ATAU_UNIT_KERJA_DI_LINGKUNGAN_OTORITAS_JASA_KEUANGAN.pdf,PADK,1,2016,TIDAK_COCOK,downloads/Peraturan_ADK_1_Tahun_2016_PEDOMAN_SINGKATAN_AKRONIM_DAN_KODERING_NASKAH_DINAS_SATUAN_KERJA_DAN_ATAU_UNIT_KERJA_DI_LINGKUNGAN_OTORITAS_JASA_KEUANGAN.pdf
Surat_Edaran_OJK_27_2024.pdf,SEOJK,27,2024,TIDAK_COCOK,downloads/Surat_Edaran_OJK_27_2024.pdf
Peraturan_ADK_4_Tahun_2020_PEDOMAN_PENETAPAN_DAN_KEGIATAN_PENGAWASAN_TERHADAP_LEMBAGA_JASA_KEUANGAN_NONBANK_DALAM_PENGAWASAN_KHUSUS.pdf,PADK,4,2020,TIDAK_COCOK,downloads/Peraturan_ADK_4_Tahun_2020_PEDOMAN_PENETAPAN_DAN_KEGIATAN_PENGAWASAN_TERHADAP_LEMBAGA_JASA_KEUANGAN_NONBANK_DALAM_PENGAWASAN_KHUSUS.pdf
Peraturan_ADK_22_Tahun_2015_PROSEDUR_PENGEMBANGAN_APLIKASI_OTORITAS_JASA_KEUANGAN.pdf,PADK,22,2015,TIDAK_COCOK,downloads/Peraturan_ADK_22_Tahun_2015_PROSEDUR_PENGEMBANGAN_APLIKASI_OTORITAS_JASA_KEUANGAN.pdf
4_Tahun_2026_PERUBAHAN_ATAS_PERATURAN_DEWAN_KOMISIONER_OTORITAS_JASA_KEUANGAN_NOMOR_1_TAHUN_2026_TENTANG_ORGANISASI_OTORITAS_JASA_KEUANGAN.pdf,PDK,4,2026,TIDAK_COCOK,downloads/4_Tahun_2026_PERUBAHAN_ATAS_PERATURAN_DEWAN_KOMISIONER_OTORITAS_JASA_KEUANGAN_NOMOR_1_TAHUN_2026_TENTANG_ORGANISASI_OTORITAS_JASA_KEUANGAN.pdf
Peraturan_ADK_39_Tahun_2013_PERUBAHAN_KEDUA_ATAS_PERATURAN_DEWAN_KOMISIONER_OTORITAS_JASA_KEUANGAN_NOMOR_01_06_PDK_IX_2012_TENTANG_SISTEM_REMUNERASI_ANGGOTA_DEWAN_KOMISIONER_OTORITAS_JASA_KEUANGAN.pdf,PADK,39,2013,TIDAK_COCOK,downloads/Peraturan_ADK_39_Tahun_2013_PERUBAHAN_KEDUA_ATAS_PERATURAN_DEWAN_KOMISIONER_OTORITAS_JASA_KEUANGAN_NOMOR_01_06_PDK_IX_2012_TENTANG_SISTEM_REMUNERASI_ANGGOTA_DEWAN_KOMISIONER_OTORITAS_JASA_KEUANGAN.pdf
Peraturan_ADK_1_Tahun_2015_PEDOMAN_UMUM_PELAKSANAAN_PENGELOLAAN_KEAMANAN_SISTEM_INFORMASI_OTORITAS_JASA_KEUANGAN.pdf,PADK,1,2015,TIDAK_COCOK,downloads/Peraturan_ADK_1_Tahun_2015_PEDOMAN_UMUM_PELAKSANAAN_PENGELOLAAN_KEAMANAN_SISTEM_INFORMASI_OTORITAS_JASA_KEUANGAN.pdf
Peraturan_ADK_1_Tahun_2019_PENAMPILAN_DI_OTORITAS_JASA_KEUANGAN.pdf,PADK,1,2019,TIDAK_COCOK,downloads/Peraturan_ADK_1_Tahun_2019_PENAMPILAN_DI_OTORITAS_JASA_KEUANGAN.pdf
Peraturan_ADK_21_Tahun_2016_PERUBAHAN_KETIGA_ATAS_SURAT_EDARAN_DEWAN_KOMISIONER_OTORITAS_JASA_KEUANGAN_NOMOR_10_SEDK.02_2014_TENTANG_PENGELOLAAN_TENAGA_KERJA_PERJANJIAN_KERJA_WAKTU_TERTENTU.pdf,PADK,21,2016,TIDAK_COCOK,downloads/Peraturan_ADK_21_Tahun_2016_PERUBAHAN_KETIGA_ATAS_SURAT_EDARAN_DEWAN_KOMISIONER_OTORITAS_JASA_KEUANGAN_NOMOR_10_SEDK.02_2014_TENTANG_PENGELOLAAN_TENAGA_KERJA_PERJANJIAN_KERJA_WAKTU_TERTENTU.pdf
Peraturan_OJK_44_2015.pdf,POJK,44,2015,COCOK,downloads/Peraturan_OJK_44_2015.pdf
Peraturan_OJK_12_2022.pdf,POJK,12,2022,COCOK,downloads/Peraturan_OJK_12_2022.pdf
Peraturan_ADK_21_Tahun_2011_PERUBAHAN_ATAS_KEPUTUSAN_DEWAN_KOMISIONER_OTORITAS_JASA_KEUANGAN_NOMOR_01_12_KDK_XII_2012_TENTANG_PENEMPATAN_PEGAWAI_NON_PEJABAT_DI_LINGKUNGAN_OTORITAS_JASA_KEUANGAN.pdf,PADK,21,2011,TIDAK_COCOK,downloads/Peraturan_ADK_21_Tahun_2011_PERUBAHAN_ATAS_KEPUTUSAN_DEWAN_KOMISIONER_OTORITAS_JASA_KEUANGAN_NOMOR_01_12_KDK_XII_2012_TENTANG_PENEMPATAN_PEGAWAI_NON_PEJABAT_DI_LINGKUNGAN_OTORITAS_JASA_KEUANGAN.pdf
Peraturan_OJK_43_2020.pdf,POJK,43,2020,COCOK,downloads/Peraturan_OJK_43_2020.pdf
Peraturan_Bank_Indonesia_18_2017.pdf,PBI,18,2017,TIDAK_COCOK,downloads/Peraturan_Bank_Indonesia_18_2017.pdf
Peraturan_ADK_8_Tahun_2022_PEDOMAN_PENGAWASAN_RENCANA_BISNIS_BANK_PERKREDITAN_RAKYAT_DAN_BANK_PEMBIAYAAN_RAKYAT_SYARIAH.pdf,PADK,8,2022,TIDAK_COCOK,downloads/Peraturan_ADK_8_Tahun_2022_PEDOMAN_PENGAWASAN_RENCANA_BISNIS_BANK_PERKREDITAN_RAKYAT_DAN_BANK_PEMBIAYAAN_RAKYAT_SYARIAH.pdf
Peraturan_ADK_9_Tahun_2016_TATA_CARA_PEMBERIAN_FASILITAS_DAN_PERTANGGUNGJAWABAN_PERJALANAN_DINAS_PEGAWAI_OTORITAS_JASA_KEUANGAN.pdf,PADK,9,2016,TIDAK_COCOK,downloads/Peraturan_ADK_9_Tahun_2016_TATA_CARA_PEMBERIAN_FASILITAS_DAN_PERTANGGUNGJAWABAN_PERJALANAN_DINAS_PEGAWAI_OTORITAS_JASA_KEUANGAN.pdf
Abstrak_20POJK_2043_20Tahun_202024_20Pengembangan_20Kualitas_20Sumber_20Daya_20Manusia_20Lembaga_20Pembiayaan_20PMV_20LKM_20LJK_20Lainnya.pdf,,43,2024,TIDAK_COCOK,downloads/Abstrak_20POJK_2043_20Tahun_202024_20Pengembangan_20Kualitas_20Sumber_20Daya_20Manusia_20Lembaga_20Pembiayaan_20PMV_20LKM_20LJK_20Lainnya.pdf
Peraturan_ADK_16_Tahun_2017_PEDOMAN_PELAKSANAAN_BOTTOM_UP_STRESS_TEST_PERBANKAN.pdf,PADK,16,2017,TIDAK_COCOK,downloads/Peraturan_ADK_16_Tahun_2017_PEDOMAN_PELAKSANAAN_BOTTOM_UP_STRESS_TEST_PERBANKAN.pdf
SEOJK_2025-SEOJK04-2025_20Verifikasi_20Pesanan_20dan_20Dana_20Alokasi_20Penjatahan_20dan_20Penyelesaian_20Pemesanan_20Efek_20dalam_20Penawaran_20Umum_20Saham_20Secara_20Elektronik.pdf,SEOJK,25,2025,TIDAK_COCOK,downloads/SEOJK_2025-SEOJK04-2025_20Verifikasi_20Pesanan_20dan_20Dana_20Alokasi_20Penjatahan_20dan_20Penyelesaian_20Pemesanan_20Efek_20dalam_20Penawaran_20Umum_20Saham_20Secara_20Elektronik.pdf
Peraturan_ADK_1_Tahun_2025_PEDOMAN_PENGENAAN_SANKSI_ADMINISTRATIF_DI_SEKTOR_PERASURANSIAN_PENJAMINAN_DAN_DANA_PENSIUN.pdf,PADK,1,2025,TIDAK_COCOK,downloads/Peraturan_ADK_1_Tahun_2025_PEDOMAN_PENGENAAN_SANKSI_ADMINISTRATIF_DI_SEKTOR_PERASURANSIAN_PENJAMINAN_DAN_DANA_PENSIUN.pdf
PADK_2046-PADK05-2025_20Lini_20Usaha_20Asuransi_20Umum_2c_20Asuransi_20Umum_20Syariah_2c_20Asuransi_20Jiwa_2c_20dan_20Asuransi_20Jiwa_20Syariah.pdf,PADK,46,2025,COCOK,downloads/PADK_2046-PADK05-2025_20Lini_20Usaha_20Asuransi_20Umum_2c_20Asuransi_20Umum_20Syariah_2c_20Asuransi_20Jiwa_2c_20dan_20Asuransi_20Jiwa_20Syariah.pdf
POJK_2011_20Tahun_202024_20Pelaporan_20dan_20Permintaan_20Informasi_20Debitur_20Melalui_20SLIK.pdf,POJK,11,2024,COCOK,downloads/POJK_2011_20Tahun_202024_20Pelaporan_20dan_20Permintaan_20Informasi_20Debitur_20Melalui_20SLIK.pdf
SK_Dir_27-162-KEP-DIR-1995_Kewajiban_Penyusunan_dan_Pelaksanaan_Kebijaksanaan_Perkreditan_Bank_Bagi_Bank_Umum_1995.pdf,KEPDIR,27,1995,TIDAK_COCOK,downloads/SK_Dir_27-162-KEP-DIR-1995_Kewajiban_Penyusunan_dan_Pelaksanaan_Kebijaksanaan_Perkreditan_Bank_Bagi_Bank_Umum_1995.pdf
Peraturan_ADK_5_Tahun_2018_Prosedur_Pengembangan_Aplikasi_Otoritas_Jasa_Keuangan.pdf,PADK,5,2018,TIDAK_COCOK,downloads/Peraturan_ADK_5_Tahun_2018_Prosedur_Pengembangan_Aplikasi_Otoritas_Jasa_Keuangan.pdf
Surat_Edaran_OJK_31_2019.pdf,SEOJK,31,2019,TIDAK_COCOK,downloads/Surat_Edaran_OJK_31_2019.pdf
Peraturan_Bapepam_40_2007.pdf,,40,2007,TIDAK_COCOK,downloads/Peraturan_Bapepam_40_2007.pdf
Peraturan_OJK_11_2017.pdf,POJK,11,2017,COCOK,downloads/Peraturan_OJK_11_2017.pdf
POJK_2047_20Tahun_202024_20Koperasi_20di_20Sektor_20Jasa_20Keuangan.pdf,POJK,47,2024,COCOK,downloads/POJK_2047_20Tahun_202024_20Koperasi_20di_20Sektor_20Jasa_20Keuangan.pdf
Surat_Edaran_OJK_15_2022.pdf,SEOJK,15,2022,COCOK,downloads/Surat_Edaran_OJK_15_2022.pdf
Surat_Edaran_OJK_13_2022.pdf,SEOJK,13,2022,COCOK,downloads/Surat_Edaran_OJK_13_2022.pdf
FAQ_20SEOJK_201-SEOJK.06-2025_20Laporan_20Keuangan_20Lembaga_20Keuangan_20Mikro.pdf,,1,2025,TIDAK_COCOK,downloads/FAQ_20SEOJK_201-SEOJK.06-2025_20Laporan_20Keuangan_20Lembaga_20Keuangan_20Mikro.pdf
Surat_Edaran_OJK_12_2014.pdf,SEOJK,12,2014,COCOK,downloads/Surat_Edaran_OJK_12_2014.pdf
Peraturan_ADK_6_Tahun_2016_PERUBAHAN_ATAS_PERATURAN_DEWAN_KOMISIONER_OTORITAS_JASA_KEUANGAN_NOMOR_4_PDK.02_2014_TENTANG_PENGELOLAAN_TENAGA_KERJA_PERJANJIAN_KERJA_WAKTU_TERTENTU.pdf,PADK,6,2016,TIDAK_COCOK,downloads/Peraturan_ADK_6_Tahun_2016_PERUBAHAN_ATAS_PERATURAN_DEWAN_KOMISIONER_OTORITAS_JASA_KEUANGAN_NOMOR_4_PDK.02_2014_TENTANG_PENGELOLAAN_TENAGA_KERJA_PERJANJIAN_KERJA_WAKTU_TERTENTU.pdf
Peraturan_OJK_79_2017.pdf,POJK,79,2017,COCOK,downloads/Peraturan_OJK_79_2017.pdf
Peraturan_OJK_11_2014.pdf,POJK,11,2014,COCOK,downloads/Peraturan_OJK_11_2014.pdf
POJK_19._Layanan_Laku_Pandai.pdf,POJK,19,,TIDAK_COCOK,downloads/POJK_19._Layanan_Laku_Pandai.pdf
Surat_Edaran_OJK_34_2015.pdf,SEOJK,34,2015,COCOK,downloads/Surat_Edaran_OJK_34_2015.pdf
Peraturan_Bank_Indonesia_21_Tahun_2011_PENETAPAN_KECAMATAN_DI_KABUPATEN_KEDIRI_KABUPATEN_BLITAR_KABUPATEN_MALANG_KOTAMADYA_KEDIRI_DAN_KOTAMADYA_BATU_SEBAGAI_DAERAH_YANG_MEMERLUKAN_PERLAKUAN_KHUSUS_TERHADAP_KREDIT_BANK.pdf,PBI,21,2011,TIDAK_COCOK,downloads/Peraturan_Bank_Indonesia_21_Tahun_2011_PENETAPAN_KECAMATAN_DI_KABUPATEN_KEDIRI_KABUPATEN_BLITAR_KABUPATEN_MALANG_KOTAMADYA_KEDIRI_DAN_KOTAMADYA_BATU_SEBAGAI_DAERAH_YANG_MEMERLUKAN_PERLAKUAN_KHUSUS_TERHADAP_KREDIT_BANK.pdf
Peraturan_ADK_5_Tahun_2025_PERUBAHAN_KEDUA_ATAS_PERATURAN_DEWAN_KOMISIONER_OTORITAS_JASA_KEUANGAN_NOMOR_6_PDK.02_2013_TENTANG_PERJALANAN_DINAS_ANGGOTA_DEWAN_KOMISIONER_OTORITAS_JASA_KEUANGAN.pdf,PADK,5,2025,TIDAK_COCOK,downloads/Peraturan_ADK_5_Tahun_2025_PERUBAHAN_KEDUA_ATAS_PERATURAN_DEWAN_KOMISIONER_OTORITAS_JASA_KEUANGAN_NOMOR_6_PDK.02_2013_TENTANG_PERJALANAN_DINAS_ANGGOTA_DEWAN_KOMISIONER_OTORITAS_JASA_KEUANGAN.pdf
Peraturan_OJK_29_2018.pdf,POJK,29,2018,COCOK,downloads/Peraturan_OJK_29_2018.pdf
SK_Dir_32-51-KEP-DIR-1999_Persyaratan_Dan_Tata_Cara_Merger_Konsolidasi_Dan_Akuisisi_Bank_Umum_1999.pdf,KEPDIR,32,1999,TIDAK_COCOK,downloads/SK_Dir_32-51-KEP-DIR-1999_Persyaratan_Dan_Tata_Cara_Merger_Konsolidasi_Dan_Akuisisi_Bank_Umum_1999.pdf
Surat_Edaran_OJK_37_2015.pdf,SEOJK,37,2015,COCOK,downloads/Surat_Edaran_OJK_37_2015.pdf
Surat_Edaran_OJK_26_2016.pdf,SEOJK,26,2016,COCOK,downloads/Surat_Edaran_OJK_26_2016.pdf
Peraturan_ADK_1_Tahun_2022_PETUNJUK_PELAKSANAAN_PROTOKOL_MANAJEMEN_KRISIS_DI_SEKTOR_PERBANKAN_OTORITAS_JASA_KEUANGAN.pdf,PADK,1,2022,TIDAK_COCOK,downloads/Peraturan_ADK_1_Tahun_2022_PETUNJUK_PELAKSANAAN_PROTOKOL_MANAJEMEN_KRISIS_DI_SEKTOR_PERBANKAN_OTORITAS_JASA_KEUANGAN.pdf
Surat_Edaran_OJK_43_2016.pdf,SEOJK,43,2016,COCOK,downloads/Surat_Edaran_OJK_43_2016.pdf
Abstrak_20POJK_2025_20Tahun_202024_20Penerapan_20Tata_20Kelola_20Syariah_20Bagi_20Bank_20Perekonomian_20Rakyat_20Syariah.pdf,,25,2024,TIDAK_COCOK,downloads/Abstrak_20POJK_2025_20Tahun_202024_20Penerapan_20Tata_20Kelola_20Syariah_20Bagi_20Bank_20Perekonomian_20Rakyat_20Syariah.pdf
Abstrak_20POJK_207_20Tahun_202024_20Bank_20Perekonomian_20Rakyat_20dan_20Bank_20Perekonomian_20Rakyat_20Syariah.pdf,,7,2024,TIDAK_COCOK,downloads/Abstrak_20POJK_207_20Tahun_202024_20Bank_20Perekonomian_20Rakyat_20dan_20Bank_20Perekonomian_20Rakyat_20Syariah.pdf
FAQ_20POJK_20Nomor_207_20Tahun_202026_20Kewajiban_20Penyediaan_20Modal_20Minimum_20dan_20Pemenuhan_20Modal_20Inti_20Minimum_20Bank_20Perekonomian_20Rakyat.pdf,,7,2026,TIDAK_COCOK,downloads/FAQ_20POJK_20Nomor_207_20Tahun_202026_20Kewajiban_20Penyediaan_20Modal_20Minimum_20dan_20Pemenuhan_20Modal_20Inti_20Minimum_20Bank_20Perekonomian_20Rakyat.pdf
Abstrak_20POJK_205_20Tahun_202026_20Penyelenggaraan_20Kegiatan_20Usaha_20Manajer_20Investasi.pdf,,5,2026,TIDAK_COCOK,downloads/Abstrak_20POJK_205_20Tahun_202026_20Penyelenggaraan_20Kegiatan_20Usaha_20Manajer_20Investasi.pdf
Peraturan_ADK_7_2021.pdf,PADK,7,2021,TIDAK_COCOK,downloads/Peraturan_ADK_7_2021.pdf
Surat_Edaran_OJK_22_2019.pdf,SEOJK,22,2019,TIDAK_COCOK,downloads/Surat_Edaran_OJK_22_2019.pdf
Peraturan_ADK_9_Tahun_2020_PERUBAHAN_ATAS_SURAT_EDARAN_DEWAN_KOMISIONER_OTORITAS_JASA_KEUANGAN_NOMOR_3_SEDK.01_2020_TENTANG_PEDOMAN_SINGKATAN_AKRONIM_DAN_KODERING_NASKAH_DINAS_SATUAN_KERJA_DAN_ATAU_UNIT_KERJA_DI_LINGKUNGAN_OTORITAS_JASA_KEUANGAN.pdf,PADK,9,2020,TIDAK_COCOK,downloads/Peraturan_ADK_9_Tahun_2020_PERUBAHAN_ATAS_SURAT_EDARAN_DEWAN_KOMISIONER_OTORITAS_JASA_KEUANGAN_NOMOR_3_SEDK.01_2020_TENTANG_PEDOMAN_SINGKATAN_AKRONIM_DAN_KODERING_NASKAH_DINAS_SATUAN_KERJA_DAN_ATAU_UNIT_KERJA_DI_LINGKUNGAN_OTORITAS_JASA_KEUANGAN.pdf
529c9ac2-1992-d523-3197-f373227e6148.pdf,,3197,1992,TIDAK_COCOK,downloads/529c9ac2-1992-d523-3197-f373227e6148.pdf
Peraturan_ADK_1_Tahun_2016_PETUNJUK_PELAKSANAAN_PROTOKOL_MANAJEMEN_KRISIS_DI_SEKTOR_PERBANKAN_OTORITAS_JASA_KEUANGAN.pdf,PADK,1,2016,TIDAK_COCOK,downloads/Peraturan_ADK_1_Tahun_2016_PETUNJUK_PELAKSANAAN_PROTOKOL_MANAJEMEN_KRISIS_DI_SEKTOR_PERBANKAN_OTORITAS_JASA_KEUANGAN.pdf
Peraturan_OJK_17_2020.pdf,POJK,17,2020,COCOK,downloads/Peraturan_OJK_17_2020.pdf
Peraturan_OJK_19_2016.pdf,POJK,19,2016,COCOK,downloads/Peraturan_OJK_19_2016.pdf
Peraturan_OJK_12_2023.pdf,POJK,12,2023,COCOK,downloads/Peraturan_OJK_12_2023.pdf
Surat_Edaran_OJK_36_2016.pdf,SEOJK,36,2016,COCOK,downloads/Surat_Edaran_OJK_36_2016.pdf
PADK_2039-PADK05-2025_20Unit_20Usaha_20Penjaminan_20Pada_20Perusahaan_20Asuransi_20Umum_20dan_20Perusahaan_20Asuransi_20Umum_20Syariah.pdf,PADK,39,2025,COCOK,downloads/PADK_2039-PADK05-2025_20Unit_20Usaha_20Penjaminan_20Pada_20Perusahaan_20Asuransi_20Umum_20dan_20Perusahaan_20Asuransi_20Umum_20Syariah.pdf
Peraturan_ADK_1_Tahun_2024_PENGUATAN_PENGENDALIAN_KUALITAS_PENGAWASAN_OTORITAS_JASA_KEUANGAN.pdf,PADK,1,2024,TIDAK_COCOK,downloads/Peraturan_ADK_1_Tahun_2024_PENGUATAN_PENGENDALIAN_KUALITAS_PENGAWASAN_OTORITAS_JASA_KEUANGAN.pdf
Surat_Edaran_OJK_9_2015.pdf,SEOJK,9,2015,COCOK,downloads/Surat_Edaran_OJK_9_2015.pdf
Peraturan_OJK_17_2023.pdf,POJK,17,2023,COCOK,downloads/Peraturan_OJK_17_2023.pdf
Abstrak_20PADK_2046-PADK05-2025_20Lini_20Usaha_20Asuransi_20Umum_2c_20Asuransi_20Umum_20Syariah_2c_20Asuransi_20Jiwa_2c_20dan_20Asuransi_20Jiwa_20Syar.pdf,,46,2025,TIDAK_COCOK,downloads/Abstrak_20PADK_2046-PADK05-2025_20Lini_20Usaha_20Asuransi_20Umum_2c_20Asuransi_20Umum_20Syariah_2c_20Asuransi_20Jiwa_2c_20dan_20Asuransi_20Jiwa_20Syar.pdf
Surat_Edaran_OJK_2_2014.pdf,SEOJK,2,2014,COCOK,downloads/Surat_Edaran_OJK_2_2014.pdf
Surat_Edaran_OJK_36_2015.pdf,SEOJK,36,2015,COCOK,downloads/Surat_Edaran_OJK_36_2015.pdf
Abstrak_20SEOJK_204-SEOJK.05-2024_20Dasar_20Penilaian_20Investasi_20Dana_20Pensiun.pdf,,4,2024,TIDAK_COCOK,downloads/Abstrak_20SEOJK_204-SEOJK.05-2024_20Dasar_20Penilaian_20Investasi_20Dana_20Pensiun.pdf
Peraturan_ADK_2_Tahun_2022_STANDAR_MANAJEMEN_RISIKO_OTORITAS_JASA_KEUANGAN.pdf,PADK,2,2022,TIDAK_COCOK,downloads/Peraturan_ADK_2_Tahun_2022_STANDAR_MANAJEMEN_RISIKO_OTORITAS_JASA_KEUANGAN.pdf
Surat_Edaran_OJK_17_2013.pdf,SEOJK,17,2013,COCOK,downloads/Surat_Edaran_OJK_17_2013.pdf
Peraturan_OJK_37_2019.pdf,POJK,37,2019,COCOK,downloads/Peraturan_OJK_37_2019.pdf
Peraturan_ADK_21_Tahun_2017_PEDOMAN_PENGAWASAN_RENCANA_BISNIS_BANK_UMUM.pdf,PADK,21,2017,TIDAK_COCOK,downloads/Peraturan_ADK_21_Tahun_2017_PEDOMAN_PENGAWASAN_RENCANA_BISNIS_BANK_UMUM.pdf
Surat_Edaran_OJK_16_2017.pdf,SEOJK,16,2017,COCOK,downloads/Surat_Edaran_OJK_16_2017.pdf
Peraturan_ADK_2_Tahun_2022_PERUBAHAN_KETIGA_ATAS_PERATURAN_DEWAN_KOMISIONER_OTORITAS_JASA_KEUANGAN_NOMOR_5_PDK.01_2018_TENTANG_ORGANISASI_OTORITAS_JASA_KEUANGAN_Salinan_ini_sesuai_dengan_aslinya_Direktur_Hukum_1_Departemen_Hukum_ttd_Mufli_Asmawidjaja.PDF,PADK,2,2022,TIDAK_COCOK,downloads/Peraturan_ADK_2_Tahun_2022_PERUBAHAN_KETIGA_ATAS_PERATURAN_DEWAN_KOMISIONER_OTORITAS_JASA_KEUANGAN_NOMOR_5_PDK.01_2018_TENTANG_ORGANISASI_OTORITAS_JASA_KEUANGAN_Salinan_ini_sesuai_dengan_aslinya_Direktur_Hukum_1_Departemen_Hukum_ttd_Mufli_Asmawidjaja.PDF
Peraturan_OJK_21_2025.pdf,POJK,21,2025,COCOK,downloads/Peraturan_OJK_21_2025.pdf
Peraturan_ADK_11_Tahun_2017_PEMBERIAN_REMUNERASI_BAGI_PEGAWAI_OTORITAS_JASA_KEUANGAN.pdf,PADK,11,2017,TIDAK_COCOK,downloads/Peraturan_ADK_11_Tahun_2017_PEMBERIAN_REMUNERASI_BAGI_PEGAWAI_OTORITAS_JASA_KEUANGAN.pdf
Peraturan_ADK_43_Tahun_2013_PERUBAHAN_KETIGA_ATAS_KEPUTUSAN_DEWAN_KOMISIONER_NOMOR_15_KDK.02_2013_TENTANG_PEMBENTUKAN_KOMITE_ETIK_DI_OTORITAS_JASA_KEUANGAN.pdf,PADK,43,2013,TIDAK_COCOK,downloads/Peraturan_ADK_43_Tahun_2013_PERUBAHAN_KETIGA_ATAS_KEPUTUSAN_DEWAN_KOMISIONER_NOMOR_15_KDK.02_2013_TENTANG_PEMBENTUKAN_KOMITE_ETIK_DI_OTORITAS_JASA_KEUANGAN.pdf
SEOJK_201-SEOJK.06-2025_20Laporan_20Keuangan_20Lembaga_20Keuangan_20Mikro.pdf,SEOJK,1,2025,COCOK,downloads/SEOJK_201-SEOJK.06-2025_20Laporan_20Keuangan_20Lembaga_20Keuangan_20Mikro.pdf
Peraturan_ADK_44_Tahun_2013_PERUBAHAN_ATAS_KEPUTUSAN_DEWAN_KOMISIONER_OTORITAS_JASA_KEUANGAN_NOMOR_24_KDK.02_2013_TENTANG_PEMBENTUKAN_KOMITE_MANAJEMEN_STRATEGI_ANGGARAN_DAN_KINERJA_DI_OTORITAS_JASA_KEUANGAN.pdf,PADK,44,2013,TIDAK_COCOK,downloads/Peraturan_ADK_44_Tahun_2013_PERUBAHAN_ATAS_KEPUTUSAN_DEWAN_KOMISIONER_OTORITAS_JASA_KEUANGAN_NOMOR_24_KDK.02_2013_TENTANG_PEMBENTUKAN_KOMITE_MANAJEMEN_STRATEGI_ANGGARAN_DAN_KINERJA_DI_OTORITAS_JASA_KEUANGAN.pdf
Peraturan_ADK_6_Tahun_2021_PEDOMAN_PENETAPAN_STATUS_DAN_TINDAK_LANJUT_PENGAWASAN_LEMBAGA_JASA_KEUANGAN_NONBANK.pdf,PADK,6,2021,TIDAK_COCOK,downloads/Peraturan_ADK_6_Tahun_2021_PEDOMAN_PENETAPAN_STATUS_DAN_TINDAK_LANJUT_PENGAWASAN_LEMBAGA_JASA_KEUANGAN_NONBANK.pdf
Surat_Edaran_OJK_46_2017.pdf,SEOJK,46,2017,COCOK,downloads/Surat_Edaran_OJK_46_2017.pdf
Peraturan_OJK_16_2025.pdf,POJK,16,2025,COCOK,downloads/Peraturan_OJK_16_2025.pdf
Peraturan_ADK_22_Tahun_2015_MANAJEMEN_LAYANAN_SISTEM_INFORMASI_OTORITAS_JASA_KEUANGAN.pdf,PADK,22,2015,TIDAK_COCOK,downloads/Peraturan_ADK_22_Tahun_2015_MANAJEMEN_LAYANAN_SISTEM_INFORMASI_OTORITAS_JASA_KEUANGAN.pdf
FAQ_20SEOJK_2021-SEOJK07-2025_20Penilaian_20Kemampuan_20dan_20Kepatutan_20Serta_20Penilaian_20Kembali_20Bagi_20Pihak_20Utama_20di_20Sektor_20Inovasi_20Teknologi_20Sektor_20Keuangan_20serta_20Aset_20Keuangan_20Digital_20dan_20Aset_20Kri.pdf,,21,2025,TIDAK_COCOK,downloads/FAQ_20SEOJK_2021-SEOJK07-2025_20Penilaian_20Kemampuan_20dan_20Kepatutan_20Serta_20Penilaian_20Kembali_20Bagi_20Pihak_20Utama_20di_20Sektor_20Inovasi_20Teknologi_20Sektor_20Keuangan_20serta_20Aset_20Keuangan_20Digital_20dan_20Aset_20Kri.pdf
Peraturan_OJK_55_2020.pdf,POJK,55,2020,COCOK,downloads/Peraturan_OJK_55_2020.pdf
Peraturan_ADK_4_Tahun_2018_PERUBAHAN_ATAS_PERATURAN_DEWAN_KOMISIONER_OTORITAS_JASA_KEUANGAN_NOMOR_6_PDK.02_2015_TENTANG_SISTEM_PEMENUHAN_SUMBER_DAYA_MANUSIA_OTORITAS_JASA_KEUANGAN.pdf,PADK,4,2018,TIDAK_COCOK,downloads/Peraturan_ADK_4_Tahun_2018_PERUBAHAN_ATAS_PERATURAN_DEWAN_KOMISIONER_OTORITAS_JASA_KEUANGAN_NOMOR_6_PDK.02_2015_TENTANG_SISTEM_PEMENUHAN_SUMBER_DAYA_MANUSIA_OTORITAS_JASA_KEUANGAN.pdf
Surat_Edaran_OJK_57_2017.pdf,SEOJK,57,2017,COCOK,downloads/Surat_Edaran_OJK_57_2017.pdf
Surat_Edaran_OJK_23_2022.pdf,SEOJK,23,2022,COCOK,downloads/Surat_Edaran_OJK_23_2022.pdf
Abstrak_20SEOJK_206-SEOJK04-2025_20Pedoman_20Pelaporan_20dan_20Kontrak_20Penerimaan_20dan_20Pemberian_20Pinjaman_20Reksa_20Dana.pdf,,6,2025,TIDAK_COCOK,downloads/Abstrak_20SEOJK_206-SEOJK04-2025_20Pedoman_20Pelaporan_20dan_20Kontrak_20Penerimaan_20dan_20Pemberian_20Pinjaman_20Reksa_20Dana.pdf
Peraturan_ADK_11_Tahun_2016_PERUBAHAN_ATAS_SURAT_EDARAN_DEWAN_KOMISIONER_OTORITAS_JASA_KEUANGAN_NOMOR_21_SEDK.02_2014_TENTANG_KEBIJAKAN_AKUNTANSI_OTORITAS_JASA_KEUANGAN.pdf,PADK,11,2016,TIDAK_COCOK,downloads/Peraturan_ADK_11_Tahun_2016_PERUBAHAN_ATAS_SURAT_EDARAN_DEWAN_KOMISIONER_OTORITAS_JASA_KEUANGAN_NOMOR_21_SEDK.02_2014_TENTANG_KEBIJAKAN_AKUNTANSI_OTORITAS_JASA_KEUANGAN.pdf
Peraturan_ADK_1_Tahun_2019_TATA_CARA_PENYELENGGARAAN_SISTEM_LAYANAN_KONSUMEN_TERINTEGRASI_DI_SEKTOR_JASA_KEUANGAN.pdf,PADK,1,2019,TIDAK_COCOK,downloads/Peraturan_ADK_1_Tahun_2019_TATA_CARA_PENYELENGGARAAN_SISTEM_LAYANAN_KONSUMEN_TERINTEGRASI_DI_SEKTOR_JASA_KEUANGAN.pdf
Peraturan_OJK_49_2024.pdf,POJK,49,2024,COCOK,downloads/Peraturan_OJK_49_2024.pdf
Surat_Edaran_OJK_6_2018.pdf,SEOJK,6,2018,COCOK,downloads/Surat_Edaran_OJK_6_2018.pdf
Peraturan_ADK_1_Tahun_2025_PENGAWASAN_PERUSAHAAN_PERASURANSIAN_LEMBAGA_PENJAMIN_DAN_DANA_PENSIUN_BERBASIS_RISIKO.pdf,PADK,1,2025,TIDAK_COCOK,downloads/Peraturan_ADK_1_Tahun_2025_PENGAWASAN_PERUSAHAAN_PERASURANSIAN_LEMBAGA_PENJAMIN_DAN_DANA_PENSIUN_BERBASIS_RISIKO.pdf
Surat_Edaran_OJK_13_2018.pdf,SEOJK,13,2018,COCOK,downloads/Surat_Edaran_OJK_13_2018.pdf
Peraturan_OJK_64_2020.pdf,POJK,64,2020,COCOK,downloads/Peraturan_OJK_64_2020.pdf
Peraturan_ADK_11_Tahun_2023_ORGANISASI_BIDANG_PENGAWASAN_SEKTOR_PERBANKAN.pdf,PADK,11,2023,TIDAK_COCOK,downloads/Peraturan_ADK_11_Tahun_2023_ORGANISASI_BIDANG_PENGAWASAN_SEKTOR_PERBANKAN.pdf
Abstrak_20POJK_204_20Tahun_202026_20Penyelenggaraan_20Produk_20Investasi_20Perbankan_20Syariah.pdf,,4,2026,TIDAK_COCOK,downloads/Abstrak_20POJK_204_20Tahun_202026_20Penyelenggaraan_20Produk_20Investasi_20Perbankan_20Syariah.pdf
Peraturan_ADK_1_Tahun_2019_TATA_KELOLA_SISTEM_MANAJEMEN_ANTI_PENYUAPAN_DI_OTORITAS_JASA_KEUANGAN.pdf,PADK,1,2019,TIDAK_COCOK,downloads/Peraturan_ADK_1_Tahun_2019_TATA_KELOLA_SISTEM_MANAJEMEN_ANTI_PENYUAPAN_DI_OTORITAS_JASA_KEUANGAN.pdf
Peraturan_OJK_21_2020.pdf,POJK,21,2020,COCOK,downloads/Peraturan_OJK_21_2020.pdf
Peraturan_ADK_1_Tahun_2025_TAT_CARA_MANAJEMEN_PUNGUTAN_DI_SEKTOR_JASA_KEUANGAN_DAN_PENERIMAAN_LAINNYA.pdf,PADK,1,2025,TIDAK_COCOK,downloads/Peraturan_ADK_1_Tahun_2025_TAT_CARA_MANAJEMEN_PUNGUTAN_DI_SEKTOR_JASA_KEUANGAN_DAN_PENERIMAAN_LAINNYA.pdf
Peraturan_ADK_3_Tahun_2017_NAMA_SATUAN_KERJA_UNIT_KERJA_DAN_JABATAN_DI_OTORITAS_JASA_KEUANGAN_DALAM_BAHASA_INGGRIS.pdf,PADK,3,2017,TIDAK_COCOK,downloads/Peraturan_ADK_3_Tahun_2017_NAMA_SATUAN_KERJA_UNIT_KERJA_DAN_JABATAN_DI_OTORITAS_JASA_KEUANGAN_DALAM_BAHASA_INGGRIS.pdf
Peraturan_ADK_21_Tahun_2011_STANDAR_BIAYA_OTORITAS_JASA_KEUANGAN_TAHUN_2015.pdf,PADK,21,2011,TIDAK_COCOK,downloads/Peraturan_ADK_21_Tahun_2011_STANDAR_BIAYA_OTORITAS_JASA_KEUANGAN_TAHUN_2015.pdf
Abstrak_20POJK_208_20Tahun_202025_20Penerbitan_20Daftar_20Efek_20Syariah_20dan_20Daftar_20Efek_20Syariah_20Luar_20Negeri.pdf,,8,2025,TIDAK_COCOK,downloads/Abstrak_20POJK_208_20Tahun_202025_20Penerbitan_20Daftar_20Efek_20Syariah_20dan_20Daftar_20Efek_20Syariah_20Luar_20Negeri.pdf
Surat_Edaran_OJK_19_2018.pdf,SEOJK,19,2018,COCOK,downloads/Surat_Edaran_OJK_19_2018.pdf
Abstrak_20SEOJK_2021-SEOJK.03-2024_20Panduan_20Akuntansi_20Perbankan_20bagi_20Bank_20Perekonomian_20Rakyat.pdf,,21,2024,TIDAK_COCOK,downloads/Abstrak_20SEOJK_2021-SEOJK.03-2024_20Panduan_20Akuntansi_20Perbankan_20bagi_20Bank_20Perekonomian_20Rakyat.pdf
Peraturan_ADK_1_Tahun_2015_PENGELOLAAN_SISTEM_PELAPORAN_PELANGGARAN_DI_OTORITAS_JASA_KEUANGAN.pdf,PADK,1,2015,TIDAK_COCOK,downloads/Peraturan_ADK_1_Tahun_2015_PENGELOLAAN_SISTEM_PELAPORAN_PELANGGARAN_DI_OTORITAS_JASA_KEUANGAN.pdf
Peraturan_ADK_45_Tahun_2013_Penilaian_Kinerja_Anggota.pdf,PADK,45,2013,TIDAK_COCOK,downloads/Peraturan_ADK_45_Tahun_2013_Penilaian_Kinerja_Anggota.pdf
Peraturan_OJK_41_2015.pdf,POJK,41,2015,COCOK,downloads/Peraturan_OJK_41_2015.pdf
Peraturan_OJK_7_2023.pdf,POJK,7,2023,COCOK,downloads/Peraturan_OJK_7_2023.pdf
Tahun_NAMA_SATUAN_KERJA_UNIT_KERJA_DAN_JABATAN_DI_OTORITAS_JASA_KEUANGAN_DALAM_BAHASA_INGGRIS.pdf,,,,TIDAK_COCOK,downloads/Tahun_NAMA_SATUAN_KERJA_UNIT_KERJA_DAN_JABATAN_DI_OTORITAS_JASA_KEUANGAN_DALAM_BAHASA_INGGRIS.pdf
Surat_Edaran_OJK_12_2015.pdf,SEOJK,12,2015,COCOK,downloads/Surat_Edaran_OJK_12_2015.pdf
Peraturan_ADK_3_Tahun_2015_PEDOMAN_PENGAWASAN_LEMBAGA_JASA_KEUANGAN_NON-BANK_BERBASIS_RISIKO.pdf,PADK,3,2015,TIDAK_COCOK,downloads/Peraturan_ADK_3_Tahun_2015_PEDOMAN_PENGAWASAN_LEMBAGA_JASA_KEUANGAN_NON-BANK_BERBASIS_RISIKO.pdf
Peraturan_ADK_21_Tahun_2011_PROTOKOL_MANAJEMEN_KRISIS.pdf,PADK,21,2011,TIDAK_COCOK,downloads/Peraturan_ADK_21_Tahun_2011_PROTOKOL_MANAJEMEN_KRISIS.pdf
Peraturan_ADK_1_Tahun_2015_PETUNJUK_PELAKSANAAN_PENILAIAN_LEMBAGA_ALTERNATIF_PENYELESAIAN_SENGKETA_DI_SEKTOR_JASA_KEUANGAN.pdf,PADK,1,2015,TIDAK_COCOK,downloads/Peraturan_ADK_1_Tahun_2015_PETUNJUK_PELAKSANAAN_PENILAIAN_LEMBAGA_ALTERNATIF_PENYELESAIAN_SENGKETA_DI_SEKTOR_JASA_KEUANGAN.pdf
POJK_2013_20Tahun_202025_20Pengendalian_20Internal_20dan_20Perilaku_20Perusahaan_20Efek_20yang_20Melakukan_20Kegiatan_20Usaha_20Sebagai_20Penjamin_20Emisi_20Efek_20dan_20Perantara_20Pedagang_20Efek.pdf,POJK,13,2025,COCOK,downloads/POJK_2013_20Tahun_202025_20Pengendalian_20Internal_20dan_20Perilaku_20Perusahaan_20Efek_20yang_20Melakukan_20Kegiatan_20Usaha_20Sebagai_20Penjamin_20Emisi_20Efek_20dan_20Perantara_20Pedagang_20Efek.pdf
FAQ_20POJK_20Nomor_2029_20Tahun_202023_20Pembelian_20Kembali_20Saham_20Yang_20Dikeluarkan_20Oleh_20Perusahaan_20Terbuka.pdf,,29,2023,TIDAK_COCOK,downloads/FAQ_20POJK_20Nomor_2029_20Tahun_202023_20Pembelian_20Kembali_20Saham_20Yang_20Dikeluarkan_20Oleh_20Perusahaan_20Terbuka.pdf
SK_Dir.32.52.1999.pdf,KEPDIR,,1999,TIDAK_COCOK,downloads/SK_Dir.32.52.1999.pdf
SK_Dir_32-50-KEP-DIR-1999_Persyaratan_Dan_Tata_Cara_Pembelian_Saham_Bank_Umum_1999.pdf,KEPDIR,32,1999,TIDAK_COCOK,downloads/SK_Dir_32-50-KEP-DIR-1999_Persyaratan_Dan_Tata_Cara_Pembelian_Saham_Bank_Umum_1999.pdf
Surat_Edaran_OJK_45_2016.pdf,SEOJK,45,2016,COCOK,downloads/Surat_Edaran_OJK_45_2016.pdf
Surat_Edaran_OJK_18_2014.pdf,SEOJK,18,2014,COCOK,downloads/Surat_Edaran_OJK_18_2014.pdf
Peraturan_OJK_41_2017.pdf,POJK,41,2017,COCOK,downloads/Peraturan_OJK_41_2017.pdf
Surat_Edaran_OJK_24_2022.pdf,SEOJK,24,2022,COCOK,downloads/Surat_Edaran_OJK_24_2022.pdf
Surat_Edaran_OJK_27_2016.pdf,SEOJK,27,2016,COCOK,downloads/Surat_Edaran_OJK_27_2016.pdf
Peraturan_ADK_7_Tahun_2023_ORGANISASI_BIDANG_EDUKASI_DAN_PERLINDUNGAN_KONSUMEN.pdf,PADK,7,2023,TIDAK_COCOK,downloads/Peraturan_ADK_7_Tahun_2023_ORGANISASI_BIDANG_EDUKASI_DAN_PERLINDUNGAN_KONSUMEN.pdf
Peraturan_OJK_69_2016.pdf,POJK,69,2016,COCOK,downloads/Peraturan_OJK_69_2016.pdf
Peraturan_ADK_21_Tahun_2011_PENETAPAN_DAN_PENGANGKATAN_PEJABAT_DIREKTUR_DI_LINGKUNGAN_OTORITAS_JASA_KEUANGAN.pdf,PADK,21,2011,TIDAK_COCOK,downloads/Peraturan_ADK_21_Tahun_2011_PENETAPAN_DAN_PENGANGKATAN_PEJABAT_DIREKTUR_DI_LINGKUNGAN_OTORITAS_JASA_KEUANGAN.pdf
Peraturan_ADK_12_Tahun_2015_SPO.pdf,PADK,12,2015,TIDAK_COCOK,downloads/Peraturan_ADK_12_Tahun_2015_SPO.pdf
Peraturan_OJK_19_2022.pdf,POJK,19,2022,COCOK,downloads/Peraturan_OJK_19_2022.pdf
Surat_Edaran_OJK_28_2021.pdf,SEOJK,28,2021,COCOK,downloads/Surat_Edaran_OJK_28_2021.pdf
Abstrak_20SEOJK_207-SEOJK05-2025_20Penyelenggaraan_20Produk_20Asuransi_20Kesehatan.pdf,,7,2025,TIDAK_COCOK,downloads/Abstrak_20SEOJK_207-SEOJK05-2025_20Penyelenggaraan_20Produk_20Asuransi_20Kesehatan.pdf
POJK_2016_20Tahun_202024_20Pengawasan_20PT_20Sarana_20Multi_20Infrastruktur_20_Persero_.pdf,POJK,16,2024,COCOK,downloads/POJK_2016_20Tahun_202024_20Pengawasan_20PT_20Sarana_20Multi_20Infrastruktur_20_Persero_.pdf
Abstrak_20POJK_2010_20Tahun_202024_20Penerbitan_20dan_20Pelaporan_20Obligasi_20Daerah_20dan_20Sukuk_20Daerah.pdf,,10,2024,TIDAK_COCOK,downloads/Abstrak_20POJK_2010_20Tahun_202024_20Penerbitan_20dan_20Pelaporan_20Obligasi_20Daerah_20dan_20Sukuk_20Daerah.pdf
Peraturan_OJK_22_2020.pdf,POJK,22,2020,COCOK,downloads/Peraturan_OJK_22_2020.pdf
Peraturan_ADK_3_Tahun_2021_PEDOMAN_PERTUKARAN_DATA_DAN_INFORMASI_SEKTOR_JASA_KEUANGAN_TERINTEGRASI_DENGAN_PIHAK_EKSTERNAL.pdf,PADK,3,2021,TIDAK_COCOK,downloads/Peraturan_ADK_3_Tahun_2021_PEDOMAN_PERTUKARAN_DATA_DAN_INFORMASI_SEKTOR_JASA_KEUANGAN_TERINTEGRASI_DENGAN_PIHAK_EKSTERNAL.pdf
Surat_Edaran_OJK_19_2023.pdf,SEOJK,19,2023,COCOK,downloads/Surat_Edaran_OJK_19_2023.pdf
Surat_Edaran_OJK_10_2018.pdf,SEOJK,10,2018,COCOK,downloads/Surat_Edaran_OJK_10_2018.pdf
Peraturan_ADK_1_Tahun_2025_PEDOMAN_PELAKSANAAN_PENGAWASAN_TIDAK_LANGSUNG_PERUSAHAAN_PERASURANSIAN_LEMBAGA_PENJAMIN_DAN_DANA_PENSIUN.pdf,PADK,1,2025,TIDAK_COCOK,downloads/Peraturan_ADK_1_Tahun_2025_PEDOMAN_PELAKSANAAN_PENGAWASAN_TIDAK_LANGSUNG_PERUSAHAAN_PERASURANSIAN_LEMBAGA_PENJAMIN_DAN_DANA_PENSIUN.pdf
POJK_2044_20Tahun_202024_20Rahasia_20Bank.pdf,POJK,44,2024,COCOK,downloads/POJK_2044_20Tahun_202024_20Rahasia_20Bank.pdf
Surat_Edaran_OJK_20_2016.pdf,SEOJK,20,2016,COCOK,downloads/Surat_Edaran_OJK_20_2016.pdf
7f9dc26e-eb9d-aa72-f06a-949fae2b30f9.pdf,,,,TIDAK_COCOK,downloads/7f9dc26e-eb9d-aa72-f06a-949fae2b30f9.pdf
SEOJK_2027-SEOJK03-2025_20Lembaga_20Pemeringkat_20dan_20Peringkat_20yang_20Diakui_20Otoritas_20Jasa_20Keuangan.pdf,SEOJK,27,2025,COCOK,downloads/SEOJK_2027-SEOJK03-2025_20Lembaga_20Pemeringkat_20dan_20Peringkat_20yang_20Diakui_20Otoritas_20Jasa_20Keuangan.pdf
Peraturan_OJK_36_Tahun_2020_JANGKA_WAKTU_PENUNDAAN_PEMBERIAN_SURAT_TEGURAN_DAN_PENGENAAN_BUNGA_ATAS_KETERLAMBATAN_PEMBAYARAN_SANKSI_ADMINISTRATIF_BERUPA_DENDA_DI_SEKTOR_JASA_KEUANGAN.pdf,POJK,36,2020,COCOK,downloads/Peraturan_OJK_36_Tahun_2020_JANGKA_WAKTU_PENUNDAAN_PEMBERIAN_SURAT_TEGURAN_DAN_PENGENAAN_BUNGA_ATAS_KETERLAMBATAN_PEMBAYARAN_SANKSI_ADMINISTRATIF_BERUPA_DENDA_DI_SEKTOR_JASA_KEUANGAN.pdf
Peraturan_ADK_13_Tahun_2020_PEMINDAHTANGANAN_PEMUSNAHAN_DAN_PENGHAPUSAN_BARANG_MILIK_OTORITAS_JASA_KEUANGAN_DAN_BARANG_MILIK_PIHAK_LAINNYA.pdf,PADK,13,2020,TIDAK_COCOK,downloads/Peraturan_ADK_13_Tahun_2020_PEMINDAHTANGANAN_PEMUSNAHAN_DAN_PENGHAPUSAN_BARANG_MILIK_OTORITAS_JASA_KEUANGAN_DAN_BARANG_MILIK_PIHAK_LAINNYA.pdf
Peraturan_ADK_1_Tahun_2023_PEDOMAN_UMUM_PELAKSANAAN_STANDAR_MANAJEMEN_RISIKO_OTORITAS_JASA_KEUANGAN.pdf,PADK,1,2023,TIDAK_COCOK,downloads/Peraturan_ADK_1_Tahun_2023_PEDOMAN_UMUM_PELAKSANAAN_STANDAR_MANAJEMEN_RISIKO_OTORITAS_JASA_KEUANGAN.pdf
Abstrak_20POJK_2023_20Tahun_202024_20Pelaporan_20Melalui_20Sistem_20Pelaporan_20Otoritas_20Jasa_20Keuangan_20dan_20Transparansi_20Kondisi_20Keuangan_20Bagi_20BPR_20dan_20BPRS.pdf,,23,2024,TIDAK_COCOK,downloads/Abstrak_20POJK_2023_20Tahun_202024_20Pelaporan_20Melalui_20Sistem_20Pelaporan_20Otoritas_20Jasa_20Keuangan_20dan_20Transparansi_20Kondisi_20Keuangan_20Bagi_20BPR_20dan_20BPRS.pdf
Peraturan_ADK_11_Tahun_2016_PEDOMAN_PENGAWASAN_BANK_PERKREDITAN_RAKYAT_BERDASARKAN_RISIKO_UNTUK_TAHAPAN_PERENCANAAN_PENGAWASAN.pdf,PADK,11,2016,TIDAK_COCOK,downloads/Peraturan_ADK_11_Tahun_2016_PEDOMAN_PENGAWASAN_BANK_PERKREDITAN_RAKYAT_BERDASARKAN_RISIKO_UNTUK_TAHAPAN_PERENCANAAN_PENGAWASAN.pdf
Peraturan_ADK_Tahun_TATA_CARA_PENCAIRAN_DAN_PERTANGGUNGJAWABAN_DANA_OTORITAS_JASA_KEUANGAN.pdf,PADK,,,TIDAK_COCOK,downloads/Peraturan_ADK_Tahun_TATA_CARA_PENCAIRAN_DAN_PERTANGGUNGJAWABAN_DANA_OTORITAS_JASA_KEUANGAN.pdf
Abstrak_20SEOJK_205-SEOJK04-2025_20Pedoman_20Pelaporan_20Agen_20Penjual_20Efek_20Reksa_20Dana_20dan_20Bank_20Umum_20sebagai_20Kustodian.pdf,,5,2025,TIDAK_COCOK,downloads/Abstrak_20SEOJK_205-SEOJK04-2025_20Pedoman_20Pelaporan_20Agen_20Penjual_20Efek_20Reksa_20Dana_20dan_20Bank_20Umum_20sebagai_20Kustodian.pdf
Peraturan_ADK_2_Tahun_2014_PERUBAHAN_KEEMPAT_ATAS_PERATURAN_DEWAN_KOMISIONER_OTORITAS_JASA_KEUANGAN_NOMOR_01_06_PDK_IX_2012_TENTANG_SISTEM_REMUNERASI_ANGGOTA_DEWAN_KOMISIONER_OTORITAS_JASA_KEUANGAN.pdf,PADK,2,2014,TIDAK_COCOK,downloads/Peraturan_ADK_2_Tahun_2014_PERUBAHAN_KEEMPAT_ATAS_PERATURAN_DEWAN_KOMISIONER_OTORITAS_JASA_KEUANGAN_NOMOR_01_06_PDK_IX_2012_TENTANG_SISTEM_REMUNERASI_ANGGOTA_DEWAN_KOMISIONER_OTORITAS_JASA_KEUANGAN.pdf
Peraturan_OJK_57_2015.pdf,POJK,57,2015,COCOK,downloads/Peraturan_OJK_57_2015.pdf
Peraturan_ADK_6_Tahun_2019_PERUBAHAN_ATAS_SURAT_EDARAN_DEWAN_KOMISIONER_OTORITAS_JASA_KEUANGAN_NOMOR_21_SEDK.02_2015_TENTANG_PROSEDUR_PENGEMBANGAN_APLIKASI_OTORITAS_JASA_KEUANGAN.pdf,PADK,6,2019,TIDAK_COCOK,downloads/Peraturan_ADK_6_Tahun_2019_PERUBAHAN_ATAS_SURAT_EDARAN_DEWAN_KOMISIONER_OTORITAS_JASA_KEUANGAN_NOMOR_21_SEDK.02_2015_TENTANG_PROSEDUR_PENGEMBANGAN_APLIKASI_OTORITAS_JASA_KEUANGAN.pdf
Peraturan_ADK_1_Tahun_2021_PEDOMAN_PENGAWASAN_PENERAPAN_PROGRAM_ANTI_PENCUCIAN_UANG_DAN_PENCEGAHAN_PENDANAAN_TERORISME_BERDASARKAN_PENDEKATAN_BERBASIS_RISIKO_BAGI_LEMBAGA_KEUANGAN_MIKRO.pdf,PADK,1,2021,TIDAK_COCOK,downloads/Peraturan_ADK_1_Tahun_2021_PEDOMAN_PENGAWASAN_PENERAPAN_PROGRAM_ANTI_PENCUCIAN_UANG_DAN_PENCEGAHAN_PENDANAAN_TERORISME_BERDASARKAN_PENDEKATAN_BERBASIS_RISIKO_BAGI_LEMBAGA_KEUANGAN_MIKRO.pdf
e7148757-0d12-c1f5-1899-3f37bdce4264.pdf,,1899,,TIDAK_COCOK,downloads/e7148757-0d12-c1f5-1899-3f37bdce4264.pdf
FAQ_20POJK_208_20Tahun_202025_20Penerbitan_20Daftar_20Efek_20Syariah_20dan_20Daftar_20Efek_20Syariah_20Luar_20Negeri.pdf,,8,2025,TIDAK_COCOK,downloads/FAQ_20POJK_208_20Tahun_202025_20Penerbitan_20Daftar_20Efek_20Syariah_20dan_20Daftar_20Efek_20Syariah_20Luar_20Negeri.pdf
Abstrak_20SEOJK_2035-SEOJK05-2025_20Penilaian_20Tingkat_20Kesehatan_20Perusahaan_20Pergadaian_20dan_20Perusahaan_20Pergadaian_20Syariah.pdf,,35,2025,TIDAK_COCOK,downloads/Abstrak_20SEOJK_2035-SEOJK05-2025_20Penilaian_20Tingkat_20Kesehatan_20Perusahaan_20Pergadaian_20dan_20Perusahaan_20Pergadaian_20Syariah.pdf
Peraturan_OJK_24_2011.pdf,POJK,24,2011,TIDAK_COCOK,downloads/Peraturan_OJK_24_2011.pdf
Peraturan_ADK_33_2025.pdf,PADK,33,2025,TIDAK_COCOK,downloads/Peraturan_ADK_33_2025.pdf
Tahun_PENUNJUKAN_PEJABAT_DAN_ATAU_PEGAWAI_SEBAGAI_PELAKSANA_ANGGARAN_OTORITAS_JASA_KEUANGAN.pdf,,,,TIDAK_COCOK,downloads/Tahun_PENUNJUKAN_PEJABAT_DAN_ATAU_PEGAWAI_SEBAGAI_PELAKSANA_ANGGARAN_OTORITAS_JASA_KEUANGAN.pdf
Peraturan_ADK_Tahun_AKUNTANSI_ASET_TETAP_DAN_ASET_TAKBERWUJUD.pdf,PADK,,,TIDAK_COCOK,downloads/Peraturan_ADK_Tahun_AKUNTANSI_ASET_TETAP_DAN_ASET_TAKBERWUJUD.pdf
Peraturan_ADK_4_Tahun_2024_PENGAWASAN_MANAJER_INVESTASI_BERDASARKAN_RISIKO.pdf,PADK,4,2024,TIDAK_COCOK,downloads/Peraturan_ADK_4_Tahun_2024_PENGAWASAN_MANAJER_INVESTASI_BERDASARKAN_RISIKO.pdf
Peraturan_OJK_18_2017.pdf,POJK,18,2017,COCOK,downloads/Peraturan_OJK_18_2017.pdf
Peraturan_OJK_45_2017.pdf,POJK,45,2017,COCOK,downloads/Peraturan_OJK_45_2017.pdf
Peraturan_ADK_36_Tahun_2013_ORGANISASI_OTORITAS_JASA_KEUANGAN.pdf,PADK,36,2013,TIDAK_COCOK,downloads/Peraturan_ADK_36_Tahun_2013_ORGANISASI_OTORITAS_JASA_KEUANGAN.pdf
Peraturan_OJK_13_2017.pdf,POJK,13,2017,COCOK,downloads/Peraturan_OJK_13_2017.pdf
Peraturan_ADK_7_Tahun_2018_PEDOMAN_PENGELOLAAN_VENDOR_MANAGEMENT_SYSTEM_OTORITAS_JASA_KEUANGAN.pdf,PADK,7,2018,TIDAK_COCOK,downloads/Peraturan_ADK_7_Tahun_2018_PEDOMAN_PENGELOLAAN_VENDOR_MANAGEMENT_SYSTEM_OTORITAS_JASA_KEUANGAN.pdf
Peraturan_OJK_77_2016.pdf,POJK,77,2016,COCOK,downloads/Peraturan_OJK_77_2016.pdf
Peraturan_OJK_16_2018.pdf,POJK,16,2018,COCOK,downloads/Peraturan_OJK_16_2018.pdf
Peraturan_ADK_21_Tahun_2013_PENUNDAAN_PEMBERLAKUAN_KETENTUAN_MENGENAI_DIREKTORAT_PENYIDIKAN_SEKTOR_JASA_KEUANGAN.pdf,PADK,21,2013,TIDAK_COCOK,downloads/Peraturan_ADK_21_Tahun_2013_PENUNDAAN_PEMBERLAKUAN_KETENTUAN_MENGENAI_DIREKTORAT_PENYIDIKAN_SEKTOR_JASA_KEUANGAN.pdf
Peraturan_ADK_6_Tahun_2021_Petunjuk_Pelaksanaan_Protokol_Manajemen_Krisis_OJK_SEDK_PMK.pdf,PADK,6,2021,TIDAK_COCOK,downloads/Peraturan_ADK_6_Tahun_2021_Petunjuk_Pelaksanaan_Protokol_Manajemen_Krisis_OJK_SEDK_PMK.pdf
Salinan_20POJK_20Nomor_2028_20Tahun_202023.pdf,,28,2023,TIDAK_COCOK,downloads/Salinan_20POJK_20Nomor_2028_20Tahun_202023.pdf
Peraturan_OJK_5_2013.pdf,POJK,5,2013,COCOK,downloads/Peraturan_OJK_5_2013.pdf
Surat_Edaran_OJK_18_2022.pdf,SEOJK,18,2022,COCOK,downloads/Surat_Edaran_OJK_18_2022.pdf
POJK_2021_20Tahun_202024_20Laporan_20Berkala_20Dana_20Pensiun.pdf,POJK,21,2024,TIDAK_COCOK,downloads/POJK_2021_20Tahun_202024_20Laporan_20Berkala_20Dana_20Pensiun.pdf
FAQ_20SEOJK_2014-SEOJK.05-2024_20Persetujuan_20dan_20Pelaporan_20Produk_20Asuransi.pdf,,14,2024,TIDAK_COCOK,downloads/FAQ_20SEOJK_2014-SEOJK.05-2024_20Persetujuan_20dan_20Pelaporan_20Produk_20Asuransi.pdf
Peraturan_OJK_42_2025.pdf,POJK,42,2025,COCOK,downloads/Peraturan_OJK_42_2025.pdf
POJK_204_20Tahun_202024_20Laporan_20Kepemilikan_20atau_20Setiap_20Perubahan_20Kepemilik.pdf,POJK,4,2024,COCOK,downloads/POJK_204_20Tahun_202024_20Laporan_20Kepemilikan_20atau_20Setiap_20Perubahan_20Kepemilik.pdf
Peraturan_ADK_Tahun_PERUBAHAN_PERATURAN_DEWAN_KOMISIONER_OTORITAS_JASA_KEUANGAN_NOMOR_01_11_PDK_XII_2012_TENTANG_TATA_NASKAH_DINAS_OTORITAS_JASA_KEUANGAN.pdf,PADK,1,2012,TIDAK_COCOK,downloads/Peraturan_ADK_Tahun_PERUBAHAN_PERATURAN_DEWAN_KOMISIONER_OTORITAS_JASA_KEUANGAN_NOMOR_01_11_PDK_XII_2012_TENTANG_TATA_NASKAH_DINAS_OTORITAS_JASA_KEUANGAN.pdf
Peraturan_ADK_3_Tahun_2025_SISTEM_KEPANGKATAN_DI_OTORITAS_JASA_KEUANGAN.pdf,PADK,3,2025,TIDAK_COCOK,downloads/Peraturan_ADK_3_Tahun_2025_SISTEM_KEPANGKATAN_DI_OTORITAS_JASA_KEUANGAN.pdf
Peraturan_ADK_44_2025.pdf,PADK,44,2025,COCOK,downloads/Peraturan_ADK_44_2025.pdf
Peraturan_ADK_10_Tahun_2020_PEDOMAN_KEPROTOKOLAN_UNTUK_ANGGOTA_DEWAN_KOMISIONER_OTORITAS_JASA_KEUANGAN.pdf,PADK,10,2020,TIDAK_COCOK,downloads/Peraturan_ADK_10_Tahun_2020_PEDOMAN_KEPROTOKOLAN_UNTUK_ANGGOTA_DEWAN_KOMISIONER_OTORITAS_JASA_KEUANGAN.pdf
Surat_Edaran_OJK_16_2022.pdf,SEOJK,16,2022,COCOK,downloads/Surat_Edaran_OJK_16_2022.pdf
Surat_Edaran_OJK_7_2016.pdf,SEOJK,7,2016,COCOK,downloads/Surat_Edaran_OJK_7_2016.pdf
ceb89c3e-3efb-5e54-252a-737ca30484c7.pdf,,,,TIDAK_COCOK,downloads/ceb89c3e-3efb-5e54-252a-737ca30484c7.pdf
Peraturan_OJK_4_2022.pdf,POJK,4,2022,COCOK,downloads/Peraturan_OJK_4_2022.pdf
Peraturan_ADK_38_Tahun_2013_PERUBAHAN_ATAS_PERATURAN_DEWAN_KOMISIONER_OTORITAS_JASA_KEUANGAN_NOMOR_16_PDK.02_2013_TENTANG_PENUNJUKAN_PEJABAT_PENGGANTI_DI_OTORITAS_JASA_KEUANGAN.pdf,PADK,38,2013,TIDAK_COCOK,downloads/Peraturan_ADK_38_Tahun_2013_PERUBAHAN_ATAS_PERATURAN_DEWAN_KOMISIONER_OTORITAS_JASA_KEUANGAN_NOMOR_16_PDK.02_2013_TENTANG_PENUNJUKAN_PEJABAT_PENGGANTI_DI_OTORITAS_JASA_KEUANGAN.pdf
Surat_Edaran_OJK_8_2014.pdf,SEOJK,8,2014,COCOK,downloads/Surat_Edaran_OJK_8_2014.pdf
PADK_2045-PADK06-2025_20Laporan_20Bulanan_20Perusahaan_20Pembiayaan_20dan_20Perusahaan_20Pembiayaan_20Syariah.pdf,PADK,45,2025,COCOK,downloads/PADK_2045-PADK06-2025_20Laporan_20Bulanan_20Perusahaan_20Pembiayaan_20dan_20Perusahaan_20Pembiayaan_20Syariah.pdf
Peraturan_ADK_7_Tahun_2015_PEDOMAN_PENGAWASAN_TERHADAP_BANK_PERKREDITAN_RAKYAT.pdf,PADK,7,2015,TIDAK_COCOK,downloads/Peraturan_ADK_7_Tahun_2015_PEDOMAN_PENGAWASAN_TERHADAP_BANK_PERKREDITAN_RAKYAT.pdf
Peraturan_ADK_6_Tahun_2016_FASILITAS_PINJAMAN_MULTIGUNA_BAGI_PEGAWAI_OTORITAS_JASA_KEUANGAN.pdf,PADK,6,2016,TIDAK_COCOK,downloads/Peraturan_ADK_6_Tahun_2016_FASILITAS_PINJAMAN_MULTIGUNA_BAGI_PEGAWAI_OTORITAS_JASA_KEUANGAN.pdf
Peraturan_ADK_44_Tahun_2013_PERUBAHAN_ATAS_KEPUTUSAN_DEWAN_KOMISIONER_OTORITAS_JASA_KEUANGAN_NOMOR_21_KDK.02_2013_TENTANG_PEMBENTUKAN_KOMITE_SDM_ORGANISASI_DAN_REMUNERASI_DI_OTORITAS_JASA_KEUANGAN.pdf,PADK,44,2013,TIDAK_COCOK,downloads/Peraturan_ADK_44_Tahun_2013_PERUBAHAN_ATAS_KEPUTUSAN_DEWAN_KOMISIONER_OTORITAS_JASA_KEUANGAN_NOMOR_21_KDK.02_2013_TENTANG_PEMBENTUKAN_KOMITE_SDM_ORGANISASI_DAN_REMUNERASI_DI_OTORITAS_JASA_KEUANGAN.pdf
Abstrak_20POJK_2018_20Tahun_202025_20Transparansi_20dan_20Publikasi_20Laporan_20Bank.pdf,,18,2025,TIDAK_COCOK,downloads/Abstrak_20POJK_2018_20Tahun_202025_20Transparansi_20dan_20Publikasi_20Laporan_20Bank.pdf
Peraturan_ADK_03_Tahun_2021_MANAJEMEN_PENGAMANAN_SISTEM_INFORMASI_OTORITAS_JASA_KEUANGAN.pdf,PADK,3,2021,TIDAK_COCOK,downloads/Peraturan_ADK_03_Tahun_2021_MANAJEMEN_PENGAMANAN_SISTEM_INFORMASI_OTORITAS_JASA_KEUANGAN.pdf
Surat_Edaran_OJK_24_2016.pdf,SEOJK,24,2016,COCOK,downloads/Surat_Edaran_OJK_24_2016.pdf
Peraturan_ADK_22_Tahun_2014_PEDOMAN_AKUNTANSI_OTORITAS_JASA_KEUANGAN_Sehubungan_dengan_Peraturan_Dewan_Komisioner_Otoritas_Jasa_Keuangan_Nomor_14_PDK.02_2014_tentang_Perubahan_Kedua_atas_Peraturan.pdf,PADK,22,2014,TIDAK_COCOK,downloads/Peraturan_ADK_22_Tahun_2014_PEDOMAN_AKUNTANSI_OTORITAS_JASA_KEUANGAN_Sehubungan_dengan_Peraturan_Dewan_Komisioner_Otoritas_Jasa_Keuangan_Nomor_14_PDK.02_2014_tentang_Perubahan_Kedua_atas_Peraturan.pdf
Surat_Edaran_Nomor_SE-06D.052013.pdf,SEOJK,,,TIDAK_COCOK,downloads/Surat_Edaran_Nomor_SE-06D.052013.pdf
Peraturan_ADK_24_Tahun_2013_PEDOMAN_PENGADAAN_BARANG_ATAU_JASA_OTORITAS_JASA_KEUANGAN.pdf,PADK,24,2013,TIDAK_COCOK,downloads/Peraturan_ADK_24_Tahun_2013_PEDOMAN_PENGADAAN_BARANG_ATAU_JASA_OTORITAS_JASA_KEUANGAN.pdf
Peraturan_ADK_21_Tahun_2011_SISTEM_PENERIMAAN_SUMBER_DAYA_MANUSIA_OTORITAS_JASA_KEUANGAN.pdf,PADK,21,2011,TIDAK_COCOK,downloads/Peraturan_ADK_21_Tahun_2011_SISTEM_PENERIMAAN_SUMBER_DAYA_MANUSIA_OTORITAS_JASA_KEUANGAN.pdf
Surat_Edaran_OJK_51_2017.pdf,SEOJK,51,2017,COCOK,downloads/Surat_Edaran_OJK_51_2017.pdf
Peraturan_ADK_26_Tahun_2017_SISTEM_PEMENUHAN_SUMBER_DAYA_MANUSIA.pdf,PADK,26,2017,TIDAK_COCOK,downloads/Peraturan_ADK_26_Tahun_2017_SISTEM_PEMENUHAN_SUMBER_DAYA_MANUSIA.pdf
Surat_Edaran_OJK_30_2025.pdf,SEOJK,30,2025,COCOK,downloads/Surat_Edaran_OJK_30_2025.pdf
Peraturan_Bank_Indonesia_7_Tahun_1992_TIM_KERJA_PEWAWANCARA_UJI_KEMAMPUAN_DAN_KEPATUTAN_FIT_AND_PROPER_TEST_CALON_PEMEGANG_SAHAM_PENGENDALI_CALON_ANGGOTA_DEWAN_KOMISARIS_DAN_CALON_ANGGOTA_DIREKSI_BANK_UMUM_DAN_BANK_HOLDING_COMPANY.pdf,PBI,7,1992,TIDAK_COCOK,downloads/Peraturan_Bank_Indonesia_7_Tahun_1992_TIM_KERJA_PEWAWANCARA_UJI_KEMAMPUAN_DAN_KEPATUTAN_FIT_AND_PROPER_TEST_CALON_PEMEGANG_SAHAM_PENGENDALI_CALON_ANGGOTA_DEWAN_KOMISARIS_DAN_CALON_ANGGOTA_DIREKSI_BANK_UMUM_DAN_BANK_HOLDING_COMPANY.pdf
Peraturan_OJK_11_2018.pdf,POJK,11,2018,COCOK,downloads/Peraturan_OJK_11_2018.pdf
Peraturan_ADK_3_Tahun_2018_PENCABUTAN_SURAT_EDARAN_DEWAN_KOMISIONER_OTORITAS_JASA_KEUANGAN_NOMOR_29_SEDK.02_2017_TENTANG_MANAJEMEN_DANA_IMBALAN_KERJA_JANGKA_PANJANG_LAIN_OTORITAS_JASA_KEUANGAN.pdf,PADK,3,2018,TIDAK_COCOK,downloads/Peraturan_ADK_3_Tahun_2018_PENCABUTAN_SURAT_EDARAN_DEWAN_KOMISIONER_OTORITAS_JASA_KEUANGAN_NOMOR_29_SEDK.02_2017_TENTANG_MANAJEMEN_DANA_IMBALAN_KERJA_JANGKA_PANJANG_LAIN_OTORITAS_JASA_KEUANGAN.pdf
Peraturan_ADK_1_Tahun_2016_SISTEM_LAYANAN_KONSUMEN_TERINTEGRASI_DI_SEKTOR_JASA_KEUANGAN.pdf,PADK,1,2016,TIDAK_COCOK,downloads/Peraturan_ADK_1_Tahun_2016_SISTEM_LAYANAN_KONSUMEN_TERINTEGRASI_DI_SEKTOR_JASA_KEUANGAN.pdf
Peraturan_ADK_20_Tahun_2023_PERUBAHAN_ATAS_SURAT_EDARAN_DEWAN_KOMISIONER_NOMOR_11_SEDK.02_2023_TENTANG_ORGANISASI_BIDANG_PENGAWASAN_SEKTOR_PERBANKAN.pdf,PADK,20,2023,TIDAK_COCOK,downloads/Peraturan_ADK_20_Tahun_2023_PERUBAHAN_ATAS_SURAT_EDARAN_DEWAN_KOMISIONER_NOMOR_11_SEDK.02_2023_TENTANG_ORGANISASI_BIDANG_PENGAWASAN_SEKTOR_PERBANKAN.pdf
Surat_Edaran_OJK_23_2023.pdf,SEOJK,23,2023,COCOK,downloads/Surat_Edaran_OJK_23_2023.pdf
FAQ_20SEOJK_2017-SEOJK06-2025_20Laporan_20Bulanan_20Perusahaan_20Pergadaian_20dan_20Perusahaan_20Pergadaian_20Syariah.pdf,,17,2025,TIDAK_COCOK,downloads/FAQ_20SEOJK_2017-SEOJK06-2025_20Laporan_20Bulanan_20Perusahaan_20Pergadaian_20dan_20Perusahaan_20Pergadaian_20Syariah.pdf
Peraturan_ADK_69_2016.pdf,PADK,69,2016,TIDAK_COCOK,downloads/Peraturan_ADK_69_2016.pdf
Peraturan_OJK_17_2019.pdf,POJK,17,2019,COCOK,downloads/Peraturan_OJK_17_2019.pdf
Peraturan_ADK_1_Tahun_2021_PENGAWASAN_TERINTEGRASI_BERDASARKAN_RISIKO_TERHADAP_KONGLOMERASI_KEUANGAN.pdf,PADK,1,2021,TIDAK_COCOK,downloads/Peraturan_ADK_1_Tahun_2021_PENGAWASAN_TERINTEGRASI_BERDASARKAN_RISIKO_TERHADAP_KONGLOMERASI_KEUANGAN.pdf
Peraturan_ADK_5_Tahun_2017_MANAJEMEN_PERSEDIAAN_BARANG_MILIK_OTORITAS_JASA_KEUANGAN.pdf,PADK,5,2017,TIDAK_COCOK,downloads/Peraturan_ADK_5_Tahun_2017_MANAJEMEN_PERSEDIAAN_BARANG_MILIK_OTORITAS_JASA_KEUANGAN.pdf
Surat_Edaran_OJK_11_2023.pdf,SEOJK,11,2023,COCOK,downloads/Surat_Edaran_OJK_11_2023.pdf
Surat_Edaran_OJK_14_2014.pdf,SEOJK,14,2014,COCOK,downloads/Surat_Edaran_OJK_14_2014.pdf
Peraturan_OJK_2_2018.pdf,POJK,2,2018,COCOK,downloads/Peraturan_OJK_2_2018.pdf
Peraturan_ADK_21_Tahun_2011_STANDAR_DOKUMEN_PENGADAAN_BARANG_ATAU_JASA_OTORITAS_JASA_KEUANGAN.pdf,PADK,21,2011,TIDAK_COCOK,downloads/Peraturan_ADK_21_Tahun_2011_STANDAR_DOKUMEN_PENGADAAN_BARANG_ATAU_JASA_OTORITAS_JASA_KEUANGAN.pdf
Peraturan_ADK_3_Tahun_2021_PENGELOLAAN_ARSIP_DI_LINGKUNGAN_OTORITAS_JASA_KEUANGAN.pdf,PADK,3,2021,TIDAK_COCOK,downloads/Peraturan_ADK_3_Tahun_2021_PENGELOLAAN_ARSIP_DI_LINGKUNGAN_OTORITAS_JASA_KEUANGAN.pdf
Surat_Edaran_OJK_27_2022.pdf,SEOJK,27,2022,COCOK,downloads/Surat_Edaran_OJK_27_2022.pdf
FAQ_20SEOJK_2018-SEOJK03-2025_20Penilaian_20Kemampuan_20dan_20Kepatutan_20Pihak_20Utama_20Perusahaan_20Induk_20Konglomerasi_20Keuangan_20Nonoperasional.pdf,,18,2025,TIDAK_COCOK,downloads/FAQ_20SEOJK_2018-SEOJK03-2025_20Penilaian_20Kemampuan_20dan_20Kepatutan_20Pihak_20Utama_20Perusahaan_20Induk_20Konglomerasi_20Keuangan_20Nonoperasional.pdf
Peraturan_OJK_25_2020.pdf,POJK,25,2020,COCOK,downloads/Peraturan_OJK_25_2020.pdf
Peraturan_ADK_1_Tahun_2020_PERUBAHAN_ATAS_PERATURAN_DEWAN_KOMISIONER_OTORITAS_JASA_KEUANGAN_NOMOR_32_PDK.02_2013_TENTANG_PEMBERHENTIAN_PEGAWAI_OTORITAS_JASA_KEUANGAN.pdf,PADK,1,2020,TIDAK_COCOK,downloads/Peraturan_ADK_1_Tahun_2020_PERUBAHAN_ATAS_PERATURAN_DEWAN_KOMISIONER_OTORITAS_JASA_KEUANGAN_NOMOR_32_PDK.02_2013_TENTANG_PEMBERHENTIAN_PEGAWAI_OTORITAS_JASA_KEUANGAN.pdf
Peraturan_ADK_21_Tahun_2011_ORGANISASI_BIDANG_PENGAWASAN_SEKTOR_PERBANKAN_KANTOR_REGIONAL_DAN_KANTOR_OTORITAS_JASA_KEUANGAN.pdf,PADK,21,2011,TIDAK_COCOK,downloads/Peraturan_ADK_21_Tahun_2011_ORGANISASI_BIDANG_PENGAWASAN_SEKTOR_PERBANKAN_KANTOR_REGIONAL_DAN_KANTOR_OTORITAS_JASA_KEUANGAN.pdf
FAQ_20SEOJK_203-SEOJK.06-2024_20Laporan_20Bulanan_20Perusahaan_20Pembiayaan_20Sekunder_20Perumahan.pdf,,3,2024,TIDAK_COCOK,downloads/FAQ_20SEOJK_203-SEOJK.06-2024_20Laporan_20Bulanan_20Perusahaan_20Pembiayaan_20Sekunder_20Perumahan.pdf
Peraturan_ADK_1_Tahun_2025_PENGAWASAN_BERDASARKAN_RISIKO_TERHADAP_KONGLOMERASI_KEUANGAN_YANG_WAJIB_MEMBENTUK_PERUSAHAAN_INDUK_KONGLOMERASI_KEUANGAN.pdf,PADK,1,2025,TIDAK_COCOK,downloads/Peraturan_ADK_1_Tahun_2025_PENGAWASAN_BERDASARKAN_RISIKO_TERHADAP_KONGLOMERASI_KEUANGAN_YANG_WAJIB_MEMBENTUK_PERUSAHAAN_INDUK_KONGLOMERASI_KEUANGAN.pdf
Peraturan_ADK_5_Tahun_2018_PERUBAHAN_KEDUA_ATAS_SURAT_EDARAN_DEWAN_KOMISIONER_OTORITAS_JASA_KEUANGAN_NOMOR_7_SEDK.02_2014_TENTANG_TATA_CARA_PELAKSANAAN_MANAJEMEN_PUNGUTAN_OTORITAS_JASA_KEUANGAN.pdf,PADK,5,2018,TIDAK_COCOK,downloads/Peraturan_ADK_5_Tahun_2018_PERUBAHAN_KEDUA_ATAS_SURAT_EDARAN_DEWAN_KOMISIONER_OTORITAS_JASA_KEUANGAN_NOMOR_7_SEDK.02_2014_TENTANG_TATA_CARA_PELAKSANAAN_MANAJEMEN_PUNGUTAN_OTORITAS_JASA_KEUANGAN.pdf
FAQ_20SEOJK_2010-SEOJK04-2025_20Penyampaian_20Laporan_20Kepemilikan_20atau_20Setiap_20Perubahan_20Kepemilikan_20Saham_20Perusahaan_20Terbuka_20dan_20Laporan_20Aktivitas_20Menjaminkan_20Saham_20Perusahaan_20Terbuka_20Secara_20Ele.pdf,,10,2025,TIDAK_COCOK,downloads/FAQ_20SEOJK_2010-SEOJK04-2025_20Penyampaian_20Laporan_20Kepemilikan_20atau_20Setiap_20Perubahan_20Kepemilikan_20Saham_20Perusahaan_20Terbuka_20dan_20Laporan_20Aktivitas_20Menjaminkan_20Saham_20Perusahaan_20Terbuka_20Secara_20Ele.pdf
POJK_206_20Tahun_202026_20Perilaku_20Penyampai_20Informasi_20Sektor_20Jasa_20Keuangan.pdf,POJK,6,2026,COCOK,downloads/POJK_206_20Tahun_202026_20Perilaku_20Penyampai_20Informasi_20Sektor_20Jasa_20Keuangan.pdf
SEOJK_2030-SEOJK06-2025_20Perizinan_20Persetujuan_20dan_20Pelaporan_20secara_20Elektronik_20Perusahaan_20Pergadaian_20dan_20Perusahaan_20Pergadaian_20Syariah.pdf,SEOJK,30,2025,COCOK,downloads/SEOJK_2030-SEOJK06-2025_20Perizinan_20Persetujuan_20dan_20Pelaporan_20secara_20Elektronik_20Perusahaan_20Pergadaian_20dan_20Perusahaan_20Pergadaian_20Syariah.pdf
Peraturan_ADK_5_Tahun_2019_PEDOMAN_KEGIATAN_OPERASIONAL_PERIZINAN_DAN_PENGAWASAN_PERUSAHAAN_EFEK_DAERAH.pdf,PADK,5,2019,TIDAK_COCOK,downloads/Peraturan_ADK_5_Tahun_2019_PEDOMAN_KEGIATAN_OPERASIONAL_PERIZINAN_DAN_PENGAWASAN_PERUSAHAAN_EFEK_DAERAH.pdf
SEOJK_205-SEOJK04-2025_20Pedoman_20Pelaporan_20Agen_20Penjual_20Efek_20Reksa_20Dana_20dan_20Bank_20Umum_20sebagai_20Kustodian.pdf,SEOJK,5,2025,COCOK,downloads/SEOJK_205-SEOJK04-2025_20Pedoman_20Pelaporan_20Agen_20Penjual_20Efek_20Reksa_20Dana_20dan_20Bank_20Umum_20sebagai_20Kustodian.pdf
FAQ_20POJK_2021_20Tahun_202024_20Laporan_20Berkala_20Dana_20Pensiun.pdf,,21,2024,TIDAK_COCOK,downloads/FAQ_20POJK_2021_20Tahun_202024_20Laporan_20Berkala_20Dana_20Pensiun.pdf
Peraturan_ADK_1_Tahun_2020_PERUBAHAN_ATAS_PERATURAN_DEWAN_KOMISIONER_OTORITAS_JASA_KEUANGAN_NOMOR_3_PDK.01_2015_TENTANG_PELAKSANAAN_PENYIDIKAN_TINDAK_PIDANA_DI_SEKTOR_JASA_KEUANGAN.pdf,PADK,1,2020,TIDAK_COCOK,downloads/Peraturan_ADK_1_Tahun_2020_PERUBAHAN_ATAS_PERATURAN_DEWAN_KOMISIONER_OTORITAS_JASA_KEUANGAN_NOMOR_3_PDK.01_2015_TENTANG_PELAKSANAAN_PENYIDIKAN_TINDAK_PIDANA_DI_SEKTOR_JASA_KEUANGAN.pdf
POJK_202_20Tahun_202025_20Tata_20Cara_20Pelaksanaan_20Pungutan_20di_20Sektor_20Jasa_20Keuangan_20dan_20Penerimaan_20Lainnya.pdf,POJK,2,2025,COCOK,downloads/POJK_202_20Tahun_202025_20Tata_20Cara_20Pelaksanaan_20Pungutan_20di_20Sektor_20Jasa_20Keuangan_20dan_20Penerimaan_20Lainnya.pdf
Peraturan_ADK_43_2025.pdf,PADK,43,2025,COCOK,downloads/Peraturan_ADK_43_2025.pdf
f04754f5-b7bb-782e-cefd-381c112f3679.pdf,,,,TIDAK_COCOK,downloads/f04754f5-b7bb-782e-cefd-381c112f3679.pdf
Peraturan_ADK_3_Tahun_2023_JARINGAN_DOKUMENTASI_DAN_INFORMASI_HUKUM_DI_LINGKUNGAN_OTORITAS_JASA_KEUANGAN.pdf,PADK,3,2023,TIDAK_COCOK,downloads/Peraturan_ADK_3_Tahun_2023_JARINGAN_DOKUMENTASI_DAN_INFORMASI_HUKUM_DI_LINGKUNGAN_OTORITAS_JASA_KEUANGAN.pdf
SEOJK_2014-SEOJK.03.2025_20Penerapan_20Tata_20Kelola_20Bagi_20Bank_20Umum.pdf,SEOJK,14,2025,COCOK,downloads/SEOJK_2014-SEOJK.03.2025_20Penerapan_20Tata_20Kelola_20Bagi_20Bank_20Umum.pdf
SEOJK_2026-SEOJK03-2025_20Proses_20Asesmen_20Kecukupan_20Likuiditas_20Secara_20Internal_20Bagi_20Bank_20Umum.pdf,SEOJK,26,2025,COCOK,downloads/SEOJK_2026-SEOJK03-2025_20Proses_20Asesmen_20Kecukupan_20Likuiditas_20Secara_20Internal_20Bagi_20Bank_20Umum.pdf
Peraturan_OJK_14_2019.pdf,POJK,14,2019,COCOK,downloads/Peraturan_OJK_14_2019.pdf
Peraturan_OJK_18_2020.pdf,POJK,18,2020,COCOK,downloads/Peraturan_OJK_18_2020.pdf
Peraturan_ADK_3_Tahun_2022_PERUBAHAN_KEEMPAT_ATAS_PERATURAN.pdf,PADK,3,2022,TIDAK_COCOK,downloads/Peraturan_ADK_3_Tahun_2022_PERUBAHAN_KEEMPAT_ATAS_PERATURAN.pdf
Abstrak_20POJK_2030_20Tahun_202025_20Penerapan_20Tata_20Kelola_20dan_20Manajemen_20Risiko_20Bagi_20Penyelenggara_20Inovasi_20Teknologi_20Sektor_20Keuangan.pdf,,30,2025,TIDAK_COCOK,downloads/Abstrak_20POJK_2030_20Tahun_202025_20Penerapan_20Tata_20Kelola_20dan_20Manajemen_20Risiko_20Bagi_20Penyelenggara_20Inovasi_20Teknologi_20Sektor_20Keuangan.pdf
Peraturan_OJK_19_2017.pdf,POJK,19,2017,COCOK,downloads/Peraturan_OJK_19_2017.pdf
Peraturan_ADK_8_Tahun_2018_PEDOMAN_AKUNTANSI_OTORITAS_JASA_KEUANGAN.pdf,PADK,8,2018,TIDAK_COCOK,downloads/Peraturan_ADK_8_Tahun_2018_PEDOMAN_AKUNTANSI_OTORITAS_JASA_KEUANGAN.pdf
Peraturan_OJK_48_2015.pdf,POJK,48,2015,COCOK,downloads/Peraturan_OJK_48_2015.pdf
Peraturan_ADK_12_Tahun_2024_PEDOMAN_PENGAWASAN_TERHADAP_BANK_TERKAIT_PINJAMAN_LIKUIDITAS_JANGKA_PENDEK_BAGI_BANK_UMUM_KONVENSIONAL_DAN_PEMBIAYAAN_LIKUIDITAS_JANGKA_PENDEK_BERDASARKAN_PRINSIP_SYARIAH_BAGI_BANK_UMUM_SYARIAH.pdf,PADK,12,2024,TIDAK_COCOK,downloads/Peraturan_ADK_12_Tahun_2024_PEDOMAN_PENGAWASAN_TERHADAP_BANK_TERKAIT_PINJAMAN_LIKUIDITAS_JANGKA_PENDEK_BAGI_BANK_UMUM_KONVENSIONAL_DAN_PEMBIAYAAN_LIKUIDITAS_JANGKA_PENDEK_BERDASARKAN_PRINSIP_SYARIAH_BAGI_BANK_UMUM_SYARIAH.pdf
Peraturan_ADK_1_Tahun_2021_PEDOMAN_PELAKSANAAN_FORUM_PANEL_PENGAWASAN_BANK_BERDASARKAN_RISIKO.pdf,PADK,1,2021,TIDAK_COCOK,downloads/Peraturan_ADK_1_Tahun_2021_PEDOMAN_PELAKSANAAN_FORUM_PANEL_PENGAWASAN_BANK_BERDASARKAN_RISIKO.pdf
Surat_Edaran_OJK_1_2013.pdf,SEOJK,1,2013,COCOK,downloads/Surat_Edaran_OJK_1_2013.pdf
Surat_Edaran_OJK_5_2021.pdf,SEOJK,5,2021,COCOK,downloads/Surat_Edaran_OJK_5_2021.pdf
Peraturan_ADK_5_Tahun_2024_PENGADAAN_JASA_PENASIHAT_HUKUM_EKSTERNAL.pdf,PADK,5,2024,TIDAK_COCOK,downloads/Peraturan_ADK_5_Tahun_2024_PENGADAAN_JASA_PENASIHAT_HUKUM_EKSTERNAL.pdf
Peraturan_ADK_21_Tahun_2011_Manajemen_Sumber_Daya_Manusia_Otoritas_Jasa_Keuangan.pdf,PADK,21,2011,TIDAK_COCOK,downloads/Peraturan_ADK_21_Tahun_2011_Manajemen_Sumber_Daya_Manusia_Otoritas_Jasa_Keuangan.pdf
Peraturan_ADK_3_Tahun_2022_PERUBAHAN_KEEMPAT_ATAS_PERATURAN_DEWAN_KOMISIONER_OTORITAS_JASA_KEUANGAN_NOMOR_5_PDK.01_2018_TENTANG_ORGANISASI_OTORITAS_JASA_KEUANGAN.pdf,PADK,3,2022,TIDAK_COCOK,downloads/Peraturan_ADK_3_Tahun_2022_PERUBAHAN_KEEMPAT_ATAS_PERATURAN_DEWAN_KOMISIONER_OTORITAS_JASA_KEUANGAN_NOMOR_5_PDK.01_2018_TENTANG_ORGANISASI_OTORITAS_JASA_KEUANGAN.pdf
Peraturan_OJK_8_2018.pdf,POJK,8,2018,COCOK,downloads/Peraturan_OJK_8_2018.pdf
Peraturan_OJK_28_2021.pdf,POJK,28,2021,COCOK,downloads/Peraturan_OJK_28_2021.pdf
Peraturan_ADK_32_Tahun_2013_ORGANISASI_KANTOR_REGIONAL_1_OTORITAS_JASA_KEUANGAN.pdf,PADK,32,2013,TIDAK_COCOK,downloads/Peraturan_ADK_32_Tahun_2013_ORGANISASI_KANTOR_REGIONAL_1_OTORITAS_JASA_KEUANGAN.pdf
FAQ_20SEOJK_205-SEOJK04-2025_20Pedoman_20Pelaporan_20Agen_20Penjual_20Efek_20Reksa_20Dana_20dan_20Bank_20Umum_20sebagai_20Kustodian.pdf,,5,2025,TIDAK_COCOK,downloads/FAQ_20SEOJK_205-SEOJK04-2025_20Pedoman_20Pelaporan_20Agen_20Penjual_20Efek_20Reksa_20Dana_20dan_20Bank_20Umum_20sebagai_20Kustodian.pdf
Abstrak_20POJK_20Nomor_207_20Tahun_202026_20Kewajiban_20Penyediaan_20Modal_20Minimum_20dan_20Pemenuhan_20Modal_20Inti_20Minimum_20Bank_20Perekonomian_20Rakyat.pdf,,7,2026,TIDAK_COCOK,downloads/Abstrak_20POJK_20Nomor_207_20Tahun_202026_20Kewajiban_20Penyediaan_20Modal_20Minimum_20dan_20Pemenuhan_20Modal_20Inti_20Minimum_20Bank_20Perekonomian_20Rakyat.pdf
FAQ_20POJK_2044_20Tahun_202024_20Rahasia_20Bank.pdf,,44,2024,TIDAK_COCOK,downloads/FAQ_20POJK_2044_20Tahun_202024_20Rahasia_20Bank.pdf
Surat_Edaran_OJK_2_2016.pdf,SEOJK,2,2016,COCOK,downloads/Surat_Edaran_OJK_2_2016.pdf
472d4d3d-b59d-a236-ebf0-b0c6b0213398.pdf,,,,TIDAK_COCOK,downloads/472d4d3d-b59d-a236-ebf0-b0c6b0213398.pdf
Peraturan_OJK_12_2015.pdf,POJK,12,2015,COCOK,downloads/Peraturan_OJK_12_2015.pdf
Peraturan_OJK_20_2015.pdf,POJK,20,2015,COCOK,downloads/Peraturan_OJK_20_2015.pdf
Peraturan_ADK_11_Tahun_2017_PEDOMAN_PELAKSANAAN_PERIZINAN_BANK_PERKREDITAN_RAKYAT.pdf,PADK,11,2017,TIDAK_COCOK,downloads/Peraturan_ADK_11_Tahun_2017_PEDOMAN_PELAKSANAAN_PERIZINAN_BANK_PERKREDITAN_RAKYAT.pdf
Peraturan_ADK_1_Tahun_2025_PEDOMAN_PENGAWASAN_PERUSAHAAN_MODAL_VENTURA_DAN_PERUSAHAAN_MODAL_VENTURA_SYARIAH_BERBASIS_RISIKO.pdf,PADK,1,2025,TIDAK_COCOK,downloads/Peraturan_ADK_1_Tahun_2025_PEDOMAN_PENGAWASAN_PERUSAHAAN_MODAL_VENTURA_DAN_PERUSAHAAN_MODAL_VENTURA_SYARIAH_BERBASIS_RISIKO.pdf
Peraturan_ADK_3_Tahun_2020_KEGIATAN_KOMUNIKASI_OTORITAS_JASA_KEUANGAN.pdf,PADK,3,2020,TIDAK_COCOK,downloads/Peraturan_ADK_3_Tahun_2020_KEGIATAN_KOMUNIKASI_OTORITAS_JASA_KEUANGAN.pdf
Surat_Edaran_OJK_1_2022.pdf,SEOJK,1,2022,COCOK,downloads/Surat_Edaran_OJK_1_2022.pdf
Surat_Edaran_OJK_53_2016.pdf,SEOJK,53,2016,COCOK,downloads/Surat_Edaran_OJK_53_2016.pdf
Peraturan_ADK_8_Tahun_2015_PERUBAHAN_KEDUA_ATAS_PERATURAN_DEWAN_KOMISIONER_OTORITAS_JASA_KEUANGAN_NOMOR_5_PDK.02_2013_TENTANG_TUNJANGAN_PENDUKUNG_OPERASIONAL_TUNJANGAN_FASILITAS_ASURANSI_DAN_PESANGON_BAGI_ANGGOTA_DEWAN_KOMISIONER_DAN_MANTAN_ANGGOTA.pdf,PADK,8,2015,TIDAK_COCOK,downloads/Peraturan_ADK_8_Tahun_2015_PERUBAHAN_KEDUA_ATAS_PERATURAN_DEWAN_KOMISIONER_OTORITAS_JASA_KEUANGAN_NOMOR_5_PDK.02_2013_TENTANG_TUNJANGAN_PENDUKUNG_OPERASIONAL_TUNJANGAN_FASILITAS_ASURANSI_DAN_PESANGON_BAGI_ANGGOTA_DEWAN_KOMISIONER_DAN_MANTAN_ANGGOTA.pdf
Surat_Edaran_OJK_25_2021.pdf,SEOJK,25,2021,COCOK,downloads/Surat_Edaran_OJK_25_2021.pdf
Peraturan_ADK_4_Tahun_2020_PERMINTAAN_INFORMASI_TERKAIT_PELAKU_DI_LEMBAGA_JASA_KEUANGAN_SECARA_ELEKTRONIK.pdf,PADK,4,2020,TIDAK_COCOK,downloads/Peraturan_ADK_4_Tahun_2020_PERMINTAAN_INFORMASI_TERKAIT_PELAKU_DI_LEMBAGA_JASA_KEUANGAN_SECARA_ELEKTRONIK.pdf
Peraturan_ADK_13_Tahun_2015_CUTI_ANGGOTA_DEWAN_KOMISIONER_OTORITAS_JASA_KEUANGAN.pdf,PADK,13,2015,TIDAK_COCOK,downloads/Peraturan_ADK_13_Tahun_2015_CUTI_ANGGOTA_DEWAN_KOMISIONER_OTORITAS_JASA_KEUANGAN.pdf
Peraturan_ADK_1_Tahun_2016_PENUNJUKAN_PEJABAT_DAN_ATAU_PEGAWAI_SEBAGAI_PELAKSANA_ANGGARAN_OTORITAS_JASA_KEUANGAN.pdf,PADK,1,2016,TIDAK_COCOK,downloads/Peraturan_ADK_1_Tahun_2016_PENUNJUKAN_PEJABAT_DAN_ATAU_PEGAWAI_SEBAGAI_PELAKSANA_ANGGARAN_OTORITAS_JASA_KEUANGAN.pdf
SEOJK_2022-SEOJK.06-2025_20Laporan_20Bulanan_20Lembaga_20Jasa_20Keuangan_20Penyelenggara_20Kegiatan_20Usaha_20Bulion.pdf,SEOJK,22,2025,COCOK,downloads/SEOJK_2022-SEOJK.06-2025_20Laporan_20Bulanan_20Lembaga_20Jasa_20Keuangan_20Penyelenggara_20Kegiatan_20Usaha_20Bulion.pdf
Peraturan_ADK_3_Tahun_2020_PEDOMAN_PENGAWASAN_ATAS_PELAKSANAAN_SINERGI_PERBANKAN_DALAM_SATU_KEPEMILIKAN_UNTUK_PENGEMBANGAN_PERBANKAN_SYARIAH.pdf,PADK,3,2020,TIDAK_COCOK,downloads/Peraturan_ADK_3_Tahun_2020_PEDOMAN_PENGAWASAN_ATAS_PELAKSANAAN_SINERGI_PERBANKAN_DALAM_SATU_KEPEMILIKAN_UNTUK_PENGEMBANGAN_PERBANKAN_SYARIAH.pdf
Peraturan_ADK_1_Tahun_2023_ORGANISASI_BIDANG_MANAJEMEN_STRATEGIS_I.pdf,PADK,1,2023,TIDAK_COCOK,downloads/Peraturan_ADK_1_Tahun_2023_ORGANISASI_BIDANG_MANAJEMEN_STRATEGIS_I.pdf
Peraturan_ADK_29_Tahun_2013_PEDOMAN_PEMERIKSAAN_BERDASARKAN_RISIKO_UNTUK_PEMERIKSAAN_RISIKO_STRATEJIK.pdf,PADK,29,2013,TIDAK_COCOK,downloads/Peraturan_ADK_29_Tahun_2013_PEDOMAN_PEMERIKSAAN_BERDASARKAN_RISIKO_UNTUK_PEMERIKSAAN_RISIKO_STRATEJIK.pdf
Surat_Edaran_OJK_47_2017.pdf,SEOJK,47,2017,COCOK,downloads/Surat_Edaran_OJK_47_2017.pdf
Surat_Edaran_OJK_10_2019.pdf,SEOJK,10,2019,COCOK,downloads/Surat_Edaran_OJK_10_2019.pdf
Surat_Edaran_OJK_18_2021.pdf,SEOJK,18,2021,COCOK,downloads/Surat_Edaran_OJK_18_2021.pdf
FAQ_20POJK_20Tahun_2014_202024_20Satuan_20Tugas_20Penanganan_20Kegiatan_20Usaha_20Tanpa_20Izin_20di_20Sektor_20Keuangan.pdf,,14,2024,TIDAK_COCOK,downloads/FAQ_20POJK_20Tahun_2014_202024_20Satuan_20Tugas_20Penanganan_20Kegiatan_20Usaha_20Tanpa_20Izin_20di_20Sektor_20Keuangan.pdf
Surat_Edaran_OJK_9_2019.pdf,SEOJK,9,2019,COCOK,downloads/Surat_Edaran_OJK_9_2019.pdf
FAQ_20SEOJK_2016-SEOJK07-2025_20Penerapan_20Program_20APU_20PPT_20dan_20Pencegahan_20Pendanaan_20Proliferasi_20Senjata_20Pemusnah_20Massal_20bagi_20Pedagang_20AKD.pdf,,16,2025,TIDAK_COCOK,downloads/FAQ_20SEOJK_2016-SEOJK07-2025_20Penerapan_20Program_20APU_20PPT_20dan_20Pencegahan_20Pendanaan_20Proliferasi_20Senjata_20Pemusnah_20Massal_20bagi_20Pedagang_20AKD.pdf
Peraturan_OJK_14_2017.pdf,POJK,14,2017,COCOK,downloads/Peraturan_OJK_14_2017.pdf
Peraturan_Bank_Indonesia_16_2022.pdf,PBI,16,2022,TIDAK_COCOK,downloads/Peraturan_Bank_Indonesia_16_2022.pdf
Abstrak_20SEOJK_2011-SEOJK05-2025_20Bentuk_20dan_20Susunan_20Laporan_20Berkala_20Dana_20Pensiun.pdf,,11,2025,TIDAK_COCOK,downloads/Abstrak_20SEOJK_2011-SEOJK05-2025_20Bentuk_20dan_20Susunan_20Laporan_20Berkala_20Dana_20Pensiun.pdf
POJK_2027_20Tahun_202023_20Penyelenggaraan_20Usaha_20Dana_20Pensiun.pdf,POJK,27,2023,COCOK,downloads/POJK_2027_20Tahun_202023_20Penyelenggaraan_20Usaha_20Dana_20Pensiun.pdf
Surat_Edaran_OJK_8_2013.pdf,SEOJK,8,2013,COCOK,downloads/Surat_Edaran_OJK_8_2013.pdf
Peraturan_ADK_23_Tahun_2016_PENGELOLAAN_PEMANFAATAN_DAN_PERTANGGUNGJAWABAN_REPRESENTASI_PEGAWAI_OTORITAS_JASA_KEUANGAN.pdf,PADK,23,2016,TIDAK_COCOK,downloads/Peraturan_ADK_23_Tahun_2016_PENGELOLAAN_PEMANFAATAN_DAN_PERTANGGUNGJAWABAN_REPRESENTASI_PEGAWAI_OTORITAS_JASA_KEUANGAN.pdf
Peraturan_ADK_7_Tahun_2015_PERUBAHAN_ATAS_SURAT_EDARAN_DEWAN_KOMISIONER_OTORITAS_JASA_KEUANGAN_NOMOR_8_SEDK.02_2014_TENTANG_CUTI_PEGAWAI_OTORITAS_JASA_KEUANGAN.pdf,PADK,7,2015,TIDAK_COCOK,downloads/Peraturan_ADK_7_Tahun_2015_PERUBAHAN_ATAS_SURAT_EDARAN_DEWAN_KOMISIONER_OTORITAS_JASA_KEUANGAN_NOMOR_8_SEDK.02_2014_TENTANG_CUTI_PEGAWAI_OTORITAS_JASA_KEUANGAN.pdf
Tahun_Pedoman_Pelaksanaan_Top_Down_Stress_Test_Perbankan.pdf,,,,TIDAK_COCOK,downloads/Tahun_Pedoman_Pelaksanaan_Top_Down_Stress_Test_Perbankan.pdf
Surat_Edaran_OJK_19_2025.pdf,SEOJK,19,2025,COCOK,downloads/Surat_Edaran_OJK_19_2025.pdf
Peraturan_ADK_2_Tahun_2020_PERUBAHAN_ATAS_PERATURAN_DEWAN_KOMISIONER_OTORITAS_JASA_KEUANGAN_REPUBLIK_INDONESIA_NOMOR_5_PDK.01_2018_TENTANG_ORGANISASI_OTORITAS_JASA_KEUANGAN.pdf,PADK,2,2020,TIDAK_COCOK,downloads/Peraturan_ADK_2_Tahun_2020_PERUBAHAN_ATAS_PERATURAN_DEWAN_KOMISIONER_OTORITAS_JASA_KEUANGAN_REPUBLIK_INDONESIA_NOMOR_5_PDK.01_2018_TENTANG_ORGANISASI_OTORITAS_JASA_KEUANGAN.pdf
Peraturan_ADK_7_Tahun_2020_PEDOMAN_PELANTIKAN_DAN_PENGAMBILAN_SUMPAH_JABATAN_PEMIMPIN_SATUAN_KERJA_DI_OTORITAS_JASA_KEUANGAN.pdf,PADK,7,2020,TIDAK_COCOK,downloads/Peraturan_ADK_7_Tahun_2020_PEDOMAN_PELANTIKAN_DAN_PENGAMBILAN_SUMPAH_JABATAN_PEMIMPIN_SATUAN_KERJA_DI_OTORITAS_JASA_KEUANGAN.pdf
Surat_Edaran_OJK_3_2022.pdf,SEOJK,3,2022,COCOK,downloads/Surat_Edaran_OJK_3_2022.pdf
Surat_Edaran_OJK_17_2016.pdf,SEOJK,17,2016,COCOK,downloads/Surat_Edaran_OJK_17_2016.pdf
Peraturan_OJK_27_2024.pdf,POJK,27,2024,COCOK,downloads/Peraturan_OJK_27_2024.pdf
Peraturan_ADK_Tahun_PETUNJUK_TEKNIS_PENYEDIAAN_PERSIL_DAN_ATAU_BANGUNAN_OTORITAS_JASA_KEUANGAN.pdf,PADK,,,TIDAK_COCOK,downloads/Peraturan_ADK_Tahun_PETUNJUK_TEKNIS_PENYEDIAAN_PERSIL_DAN_ATAU_BANGUNAN_OTORITAS_JASA_KEUANGAN.pdf
FAQ_20POJK_2030_20Tahun_202024_20Konglomerasi_20Keuangan_20dan_20Perusahaan_20Induk_20Konglomerasi_20Keuangan.pdf,,30,2024,TIDAK_COCOK,downloads/FAQ_20POJK_2030_20Tahun_202024_20Konglomerasi_20Keuangan_20dan_20Perusahaan_20Induk_20Konglomerasi_20Keuangan.pdf
FAQ_20POJK_2043_20Tahun_202024_20Pengembangan_20Kualitas_20Sumber_20Daya_20Manusia_20Lembaga_20Pembiayaan_20PMV_20LKM_20LJK_20Lainnya.pdf,,43,2024,TIDAK_COCOK,downloads/FAQ_20POJK_2043_20Tahun_202024_20Pengembangan_20Kualitas_20Sumber_20Daya_20Manusia_20Lembaga_20Pembiayaan_20PMV_20LKM_20LJK_20Lainnya.pdf
Peraturan_ADK_4_Tahun_2025_PERUBAHAN_KEDELAPAN_ATAS_SURAT_EDARAN_DEWAN_KOMISIONER_OTORITAS_JASA_KEUANGAN_NOMOR_33_SEDK.02_2013_TENTANG_PEDOMAN_TATA_NASKAH_DINAS_OTORITAS_JASA_KEUANGAN.pdf,PADK,4,2025,TIDAK_COCOK,downloads/Peraturan_ADK_4_Tahun_2025_PERUBAHAN_KEDELAPAN_ATAS_SURAT_EDARAN_DEWAN_KOMISIONER_OTORITAS_JASA_KEUANGAN_NOMOR_33_SEDK.02_2013_TENTANG_PEDOMAN_TATA_NASKAH_DINAS_OTORITAS_JASA_KEUANGAN.pdf
Peraturan_Bank_Indonesia_25_1992.pdf,PBI,25,1992,TIDAK_COCOK,downloads/Peraturan_Bank_Indonesia_25_1992.pdf
Peraturan_ADK_6_Tahun_2025_PEDOMAN_PENGENAAN_SANKSI_ADMINISTRATIF_DI_SEKTOR_INOVASI_TEKNOLOGI_SEKTOR_KEUANGAN_ASET_KEUANGAN_DIGITAL_TERMASUK_ASET_KRIPTO.pdf,PADK,6,2025,TIDAK_COCOK,downloads/Peraturan_ADK_6_Tahun_2025_PEDOMAN_PENGENAAN_SANKSI_ADMINISTRATIF_DI_SEKTOR_INOVASI_TEKNOLOGI_SEKTOR_KEUANGAN_ASET_KEUANGAN_DIGITAL_TERMASUK_ASET_KRIPTO.pdf
SEOJK_203-SEOJK.06-2024_20Laporan_20Bulanan_20Perusahaan_20Pembiayaan_20Sekunder_20Perumahan.pdf,SEOJK,3,2024,COCOK,downloads/SEOJK_203-SEOJK.06-2024_20Laporan_20Bulanan_20Perusahaan_20Pembiayaan_20Sekunder_20Perumahan.pdf
52dc9806-18d8-3388-2481-cfd6ce9e28e7.pdf,,3388,,TIDAK_COCOK,downloads/52dc9806-18d8-3388-2481-cfd6ce9e28e7.pdf
Peraturan_ADK_3_Tahun_2013_PERUBAHAN_ATAS_KEPUTUSAN_DEWAN_KOMISIONER_NOMOR_12_KDK.02_2015_TENTANG_PENUNJUKAN_PEJABAT_DAN_ATAU_PEGAWAI_DI_LINGKUNGAN_MANAJEMEN_STRATEGIS_II_B_SEBAGAI_PELAKSANA_ANGGARAN_TRANSAKSI_POS_SUSULAN_OTORITAS_JASA_KEUANGAN.pdf,PADK,3,2013,TIDAK_COCOK,downloads/Peraturan_ADK_3_Tahun_2013_PERUBAHAN_ATAS_KEPUTUSAN_DEWAN_KOMISIONER_NOMOR_12_KDK.02_2015_TENTANG_PENUNJUKAN_PEJABAT_DAN_ATAU_PEGAWAI_DI_LINGKUNGAN_MANAJEMEN_STRATEGIS_II_B_SEBAGAI_PELAKSANA_ANGGARAN_TRANSAKSI_POS_SUSULAN_OTORITAS_JASA_KEUANGAN.pdf
POJK_203_20Tahun_202026_20Penyelenggaraan_20Kegiatan_20Usaha_20Perusahaan_20Efek_20yang_20Melakukan_20Kegiatan_20Usaha_20sebagai_20Penjamin_20Emisi_20Efek_20dan_20Perantara_20Pedagang_20Efek.pdf,POJK,3,2026,COCOK,downloads/POJK_203_20Tahun_202026_20Penyelenggaraan_20Kegiatan_20Usaha_20Perusahaan_20Efek_20yang_20Melakukan_20Kegiatan_20Usaha_20sebagai_20Penjamin_20Emisi_20Efek_20dan_20Perantara_20Pedagang_20Efek.pdf
Peraturan_ADK_6_Tahun_2015_PEDOMAN_SISTEM_INFORMASI_PERBANKAN.pdf,PADK,6,2015,TIDAK_COCOK,downloads/Peraturan_ADK_6_Tahun_2015_PEDOMAN_SISTEM_INFORMASI_PERBANKAN.pdf
Surat_Edaran_OJK_33_2015.pdf,SEOJK,33,2015,TIDAK_COCOK,downloads/Surat_Edaran_OJK_33_2015.pdf
Abstrak_20POJK_203_20Tahun_202024_20Penyelenggaraan_20Inovasi_20Teknologi_20Sektor_20Keuangan.pdf,,3,2024,TIDAK_COCOK,downloads/Abstrak_20POJK_203_20Tahun_202024_20Penyelenggaraan_20Inovasi_20Teknologi_20Sektor_20Keuangan.pdf
Peraturan_ADK_21_Tahun_2011_PEDOMAN_PENGADAAN_BARANG_DAN_JASA_OTORITAS_JASA_KEUANGAN.pdf,PADK,21,2011,TIDAK_COCOK,downloads/Peraturan_ADK_21_Tahun_2011_PEDOMAN_PENGADAAN_BARANG_DAN_JASA_OTORITAS_JASA_KEUANGAN.pdf
Peraturan_ADK_1_Tahun_2025_MEKANISME_KOORDINASI_PELAKSANAAN_FUNGSI_DAN_TUGAS_KANTOR_OTORITAS_JASA_KEUANGAN_DAERAH.pdf,PADK,1,2025,TIDAK_COCOK,downloads/Peraturan_ADK_1_Tahun_2025_MEKANISME_KOORDINASI_PELAKSANAAN_FUNGSI_DAN_TUGAS_KANTOR_OTORITAS_JASA_KEUANGAN_DAERAH.pdf
Peraturan_ADK_12_Tahun_2018_PEDOMAN_PENGGUNAAN_TENDER_MANAGEMENT_OTORITAS_JASA_KEUANGAN.pdf,PADK,12,2018,TIDAK_COCOK,downloads/Peraturan_ADK_12_Tahun_2018_PEDOMAN_PENGGUNAAN_TENDER_MANAGEMENT_OTORITAS_JASA_KEUANGAN.pdf
Tahun_PEMBENTUKAN_TIM_PERCEPATAN_PENYIAPAN_GEDUNG_KANTOR_PUSAT_KANTOR_REGIONAL_DAN_KANTOR_OTORITAS_JASA_KEUANGAN.pdf,,,,TIDAK_COCOK,downloads/Tahun_PEMBENTUKAN_TIM_PERCEPATAN_PENYIAPAN_GEDUNG_KANTOR_PUSAT_KANTOR_REGIONAL_DAN_KANTOR_OTORITAS_JASA_KEUANGAN.pdf
Peraturan_ADK_44_Tahun_2013_PERUBAHAN_KEDUA_ATAS_KEPUTUSAN_DEWAN_KOMISIONER_OTORITAS_JASA_KEUANGAN_NOMOR_21_KDK.02_2013_TENTANG_PEMBENTUKAN_KOMITE_SDM_ORGANISASI_DAN_REMUNERASI_DI_OTORITAS_JASA_KEUANGAN.pdf,PADK,44,2013,TIDAK_COCOK,downloads/Peraturan_ADK_44_Tahun_2013_PERUBAHAN_KEDUA_ATAS_KEPUTUSAN_DEWAN_KOMISIONER_OTORITAS_JASA_KEUANGAN_NOMOR_21_KDK.02_2013_TENTANG_PEMBENTUKAN_KOMITE_SDM_ORGANISASI_DAN_REMUNERASI_DI_OTORITAS_JASA_KEUANGAN.pdf
Peraturan_ADK_7_Tahun_2020_PEDOMAN_PEMBENTUKAN_PERUBAHAN_DAN_PEMBUBARAN_KONGLOMERASI_KEUANGAN.pdf,PADK,7,2020,TIDAK_COCOK,downloads/Peraturan_ADK_7_Tahun_2020_PEDOMAN_PEMBENTUKAN_PERUBAHAN_DAN_PEMBUBARAN_KONGLOMERASI_KEUANGAN.pdf
Peraturan_ADK_1_Tahun_2019_PELAKSANAAN_STRATEGI_ANTI_KECURANGAN_OTORITAS_JASA_KEUANGAN.pdf,PADK,1,2019,TIDAK_COCOK,downloads/Peraturan_ADK_1_Tahun_2019_PELAKSANAAN_STRATEGI_ANTI_KECURANGAN_OTORITAS_JASA_KEUANGAN.pdf
Peraturan_ADK_6_Tahun_2022_PEDOMAN_PEMERIKSAAN_BERBASIS_RISIKO_BAGI_KONSULTAN_HUKUM_DI_PASAR_MODAL.pdf,PADK,6,2022,TIDAK_COCOK,downloads/Peraturan_ADK_6_Tahun_2022_PEDOMAN_PEMERIKSAAN_BERBASIS_RISIKO_BAGI_KONSULTAN_HUKUM_DI_PASAR_MODAL.pdf
Surat_Edaran_OJK_23_2025.pdf,SEOJK,23,2025,COCOK,downloads/Surat_Edaran_OJK_23_2025.pdf
Peraturan_ADK_1_Tahun_2020_PEDOMAN_PEMERIKSAAN_KEPATUHAN_PERUSAHAAN_EFEK_YANG_MELAKUKAN_KEGIATAN_USAHA_SEBAGAI_PENJAMIN_EMISI_EFEK_DAN_PERANTARA_PEDAGANG_EFEK.pdf,PADK,1,2020,TIDAK_COCOK,downloads/Peraturan_ADK_1_Tahun_2020_PEDOMAN_PEMERIKSAAN_KEPATUHAN_PERUSAHAAN_EFEK_YANG_MELAKUKAN_KEGIATAN_USAHA_SEBAGAI_PENJAMIN_EMISI_EFEK_DAN_PERANTARA_PEDAGANG_EFEK.pdf
Surat_Edaran_OJK_30_2016.pdf,SEOJK,30,2016,COCOK,downloads/Surat_Edaran_OJK_30_2016.pdf
POJK_2041_20Tahun_202025_20Kantor_20Perwakilan_20Lembaga_20Pembiayaan_2c_20Perusahaan_20Modal_20Ventura_2c_20dan_20Lembaga_20Jasa_20Keuangan_20Lainnya_20yang_20Berkantor_20Pusat_20di_20Luar_20Negeri.pdf,POJK,41,2025,COCOK,downloads/POJK_2041_20Tahun_202025_20Kantor_20Perwakilan_20Lembaga_20Pembiayaan_2c_20Perusahaan_20Modal_20Ventura_2c_20dan_20Lembaga_20Jasa_20Keuangan_20Lainnya_20yang_20Berkantor_20Pusat_20di_20Luar_20Negeri.pdf
Peraturan_ADK_1_Tahun_2021_PEDOMAN_PELAKSANAAN_PENILAIAN_KEMAMPUAN_DAN_KEPATUTAN_BAGI_CALON_PIHAK_UTAMA_PERUSAHAAN_PEMERINGKAT_EFEK.pdf,PADK,1,2021,TIDAK_COCOK,downloads/Peraturan_ADK_1_Tahun_2021_PEDOMAN_PELAKSANAAN_PENILAIAN_KEMAMPUAN_DAN_KEPATUTAN_BAGI_CALON_PIHAK_UTAMA_PERUSAHAAN_PEMERINGKAT_EFEK.pdf
Peraturan_ADK_4_Tahun_2025_PERUBAHAN_KELIMA_ATAS_PERATURAN_DEWAN_KOMISIONER_OTORITAS_JASA_KEUANGAN_NOMOR_1_PDK.02_2023_TENTANG_ORGANISASI_OTORITAS_JASA_KEUANGAN.pdf,PADK,4,2025,TIDAK_COCOK,downloads/Peraturan_ADK_4_Tahun_2025_PERUBAHAN_KELIMA_ATAS_PERATURAN_DEWAN_KOMISIONER_OTORITAS_JASA_KEUANGAN_NOMOR_1_PDK.02_2023_TENTANG_ORGANISASI_OTORITAS_JASA_KEUANGAN.pdf
Abstrak_20POJK_2021_20Tahun_202024_20Laporan_20Berkala_20Dana_20Pensiun.pdf,,21,2024,TIDAK_COCOK,downloads/Abstrak_20POJK_2021_20Tahun_202024_20Laporan_20Berkala_20Dana_20Pensiun.pdf
Peraturan_ADK_29_Tahun_2023_PERUBAHAN_ATAS_SURAT_EDARAN_DEWAN_KOMISIONER_OTORITAS_JASA_KEUANGAN_NOMOR_12_SEDK.01_2020_TENTANG_URAIAN_JABATAN_DALAM_ORGANISASI_OTORITAS_JASA_KEUANGAN.pdf,PADK,29,2023,TIDAK_COCOK,downloads/Peraturan_ADK_29_Tahun_2023_PERUBAHAN_ATAS_SURAT_EDARAN_DEWAN_KOMISIONER_OTORITAS_JASA_KEUANGAN_NOMOR_12_SEDK.01_2020_TENTANG_URAIAN_JABATAN_DALAM_ORGANISASI_OTORITAS_JASA_KEUANGAN.pdf
Peraturan_ADK_1_Tahun_2025_PEDOMAN_PENGAWASAN_PENYELENGGARA_LAYANAN_PENDANAAN_BERSAMA_BERBASIS_TEKNOLOGI_INFORMASI_BERBASIS_RISIKO.pdf,PADK,1,2025,TIDAK_COCOK,downloads/Peraturan_ADK_1_Tahun_2025_PEDOMAN_PENGAWASAN_PENYELENGGARA_LAYANAN_PENDANAAN_BERSAMA_BERBASIS_TEKNOLOGI_INFORMASI_BERBASIS_RISIKO.pdf
FAQ_20POJK_2027_20Tahun_202023_20Penyelenggaraan_20Usaha_20Dana_20Pensiun.pdf,,27,2023,TIDAK_COCOK,downloads/FAQ_20POJK_2027_20Tahun_202023_20Penyelenggaraan_20Usaha_20Dana_20Pensiun.pdf
Peraturan_ADK_2_Tahun_2024_PEDOMAN_PELAKSANAAN_PENGENDALIAN_KUALITAS_PENGAWASAN_PERUSAHAAN_PERASURANSIAN_LEMBAGA_PENJAMIN_DAN_DANA_PENSIUN.pdf,PADK,2,2024,TIDAK_COCOK,downloads/Peraturan_ADK_2_Tahun_2024_PEDOMAN_PELAKSANAAN_PENGENDALIAN_KUALITAS_PENGAWASAN_PERUSAHAAN_PERASURANSIAN_LEMBAGA_PENJAMIN_DAN_DANA_PENSIUN.pdf
Peraturan_OJK_19_2020.pdf,POJK,19,2020,COCOK,downloads/Peraturan_OJK_19_2020.pdf
Surat_Edaran_OJK_17_2024.pdf,SEOJK,17,2024,COCOK,downloads/Surat_Edaran_OJK_17_2024.pdf
Peraturan_OJK_12_2020.pdf,POJK,12,2020,COCOK,downloads/Peraturan_OJK_12_2020.pdf
Peraturan_ADK_6_Tahun_2022_PERUBAHAN_ATAS_SURAT_EDARAN_DEWAN_KOMISIONER_OTORITAS_JASA_KEUANGAN_NOMOR_11_SEDK.01_2019_TENTANG_PETUNJUK_TEKNIS_PELAKSANAAN_PENGADAAN_PEKERJAAN_KONSTRUKSI_TERINTEGRASI_RANCANG_DAN_BANGUN_CONSTRUCTION_-_DESIGN_BUILD.pdf,PADK,6,2022,TIDAK_COCOK,downloads/Peraturan_ADK_6_Tahun_2022_PERUBAHAN_ATAS_SURAT_EDARAN_DEWAN_KOMISIONER_OTORITAS_JASA_KEUANGAN_NOMOR_11_SEDK.01_2019_TENTANG_PETUNJUK_TEKNIS_PELAKSANAAN_PENGADAAN_PEKERJAAN_KONSTRUKSI_TERINTEGRASI_RANCANG_DAN_BANGUN_CONSTRUCTION_-_DESIGN_BUILD.pdf
Peraturan_ADK_5_Tahun_2014_PENDELEGASIAN_WEWENANG_DEWAN_KOMISIONER_OTORITAS_JASA_KEUANGAN_TERKAIT_PENEMPATAN_DANA_PUNGUTAN.pdf,PADK,5,2014,TIDAK_COCOK,downloads/Peraturan_ADK_5_Tahun_2014_PENDELEGASIAN_WEWENANG_DEWAN_KOMISIONER_OTORITAS_JASA_KEUANGAN_TERKAIT_PENEMPATAN_DANA_PUNGUTAN.pdf
FAQ_20POJK_2035_20Tahun_202025_20Perubahan_20POJK_2046_20Tahun_202024_20Pengembangan_20dan_20Penguatan_20Perusahaan_20Pembiayaan_20Perusahaan_20Pembiayaan_20Infrastruktur_20dan_20PMV.pdf,,35,2025,TIDAK_COCOK,downloads/FAQ_20POJK_2035_20Tahun_202025_20Perubahan_20POJK_2046_20Tahun_202024_20Pengembangan_20dan_20Penguatan_20Perusahaan_20Pembiayaan_20Perusahaan_20Pembiayaan_20Infrastruktur_20dan_20PMV.pdf
Peraturan_ADK_Tahun_PEDOMAN_PERTUKARAN_DATA_DAN_INFORMASI_SEKTOR_JASA_KEUANGAN_TERINTEGRASI.pdf,PADK,,,TIDAK_COCOK,downloads/Peraturan_ADK_Tahun_PEDOMAN_PERTUKARAN_DATA_DAN_INFORMASI_SEKTOR_JASA_KEUANGAN_TERINTEGRASI.pdf
Peraturan_OJK_49_2015.pdf,POJK,49,2015,COCOK,downloads/Peraturan_OJK_49_2015.pdf
Peraturan_OJK_31_2024.pdf,POJK,31,2024,COCOK,downloads/Peraturan_OJK_31_2024.pdf
Peraturan_OJK_26_2017.pdf,POJK,26,2017,COCOK,downloads/Peraturan_OJK_26_2017.pdf
Peraturan_ADK_38_2025.pdf,PADK,38,2025,COCOK,downloads/Peraturan_ADK_38_2025.pdf
SK_Dir_23-68-KEP-DIR-1991_Kualitas_Aktiva_Produktif_dan_Pembentukan_Cadangan_1991.pdf,KEPDIR,23,1991,TIDAK_COCOK,downloads/SK_Dir_23-68-KEP-DIR-1991_Kualitas_Aktiva_Produktif_dan_Pembentukan_Cadangan_1991.pdf
Peraturan_ADK_1_Tahun_2025_TATA_CARA_MANAJEMEN_PUNGUTAN_DI_SEKTOR_JASA_KEUANGAN_DAN_PENERIMAAN_LAINNYA.pdf,PADK,1,2025,TIDAK_COCOK,downloads/Peraturan_ADK_1_Tahun_2025_TATA_CARA_MANAJEMEN_PUNGUTAN_DI_SEKTOR_JASA_KEUANGAN_DAN_PENERIMAAN_LAINNYA.pdf
Peraturan_OJK_60_2015.pdf,POJK,60,2015,COCOK,downloads/Peraturan_OJK_60_2015.pdf
Surat_Edaran_OJK_5_2016.pdf,SEOJK,5,2016,COCOK,downloads/Surat_Edaran_OJK_5_2016.pdf
Peraturan_OJK_19_2018.pdf,POJK,19,2018,COCOK,downloads/Peraturan_OJK_19_2018.pdf
Peraturan_Bank_Indonesia_7_Tahun_1992_PENETAPAN_PENGGUNAAN_IZIN_USAHA_ATAS_NAMA_PT_BANK_HANA_MENJADI_IZIN_USAHA_ATAS_NAMA_PT_BANK_KEB_HANA_INDONESIA.pdf,PBI,7,1992,TIDAK_COCOK,downloads/Peraturan_Bank_Indonesia_7_Tahun_1992_PENETAPAN_PENGGUNAAN_IZIN_USAHA_ATAS_NAMA_PT_BANK_HANA_MENJADI_IZIN_USAHA_ATAS_NAMA_PT_BANK_KEB_HANA_INDONESIA.pdf
Peraturan_ADK_4_Tahun_2019_PENYUSUNAN_LAPORAN_KEUANGAN_OTORITAS_JASA_KEUANGAN.pdf,PADK,4,2019,TIDAK_COCOK,downloads/Peraturan_ADK_4_Tahun_2019_PENYUSUNAN_LAPORAN_KEUANGAN_OTORITAS_JASA_KEUANGAN.pdf
Peraturan_ADK_1_Tahun_2018_TATA_CARA_PENCAIRAN_DAN_PERTANGGUNGJAWABAN_DANA_OTORITAS_JASA_KEUANGAN.pdf,PADK,1,2018,TIDAK_COCOK,downloads/Peraturan_ADK_1_Tahun_2018_TATA_CARA_PENCAIRAN_DAN_PERTANGGUNGJAWABAN_DANA_OTORITAS_JASA_KEUANGAN.pdf
Peraturan_OJK_1_2020.pdf,POJK,1,2020,COCOK,downloads/Peraturan_OJK_1_2020.pdf
FAQ_20SEOJK_2036-SEOJK06-2025_20Penyelenggaraan_20Program_20Wakaf_20Mikro.pdf,,36,2025,TIDAK_COCOK,downloads/FAQ_20SEOJK_2036-SEOJK06-2025_20Penyelenggaraan_20Program_20Wakaf_20Mikro.pdf
Abstrak_20SEOJK_2026-SEOJK03-2025_20Proses_20Asesmen_20Kecukupan_20Likuiditas_20Secara_20Internal_20Bagi_20Bank_20Umum.pdf,,26,2025,TIDAK_COCOK,downloads/Abstrak_20SEOJK_2026-SEOJK03-2025_20Proses_20Asesmen_20Kecukupan_20Likuiditas_20Secara_20Internal_20Bagi_20Bank_20Umum.pdf
SE_23-10-BPPP.PDF,,23,,TIDAK_COCOK,downloads/SE_23-10-BPPP.PDF
Surat_Edaran_OJK_35_2015.pdf,SEOJK,35,2015,COCOK,downloads/Surat_Edaran_OJK_35_2015.pdf
POJK_2023_20Tahun_202024_20Pelaporan_20Melalui_20Sistem_20Pelaporan_20Otoritas_20Jasa_20Keuangan_20dan_20Transparansi_20Kondisi_20Keuangan_20Bagi_20BPR_20dan_20BPRS.pdf,POJK,23,2024,COCOK,downloads/POJK_2023_20Tahun_202024_20Pelaporan_20Melalui_20Sistem_20Pelaporan_20Otoritas_20Jasa_20Keuangan_20dan_20Transparansi_20Kondisi_20Keuangan_20Bagi_20BPR_20dan_20BPRS.pdf
Peraturan_ADK_1_Tahun_2024_PEDOMAN_PELAKSANAAN_PENGENDALIAN_KUALITAS_PENGAWASAN_PASAR_MODAL_KEUANGAN_DERIVATIF_DAN_BURSA_KARBON.pdf,PADK,1,2024,TIDAK_COCOK,downloads/Peraturan_ADK_1_Tahun_2024_PEDOMAN_PELAKSANAAN_PENGENDALIAN_KUALITAS_PENGAWASAN_PASAR_MODAL_KEUANGAN_DERIVATIF_DAN_BURSA_KARBON.pdf
Surat_Edaran_OJK_33_2022.pdf,SEOJK,33,2022,COCOK,downloads/Surat_Edaran_OJK_33_2022.pdf
Peraturan_OJK_72_2016.pdf,POJK,72,2016,COCOK,downloads/Peraturan_OJK_72_2016.pdf
Peraturan_ADK_8_Tahun_2015_PEDOMAN_PENGAWASAN_BANK_BERDASARKAN_RISIKO_UNTUK_TAHAPAN_PELAKSANAAN_PEMERIKSAAN_BERDASARKAN_RISIKO.pdf,PADK,8,2015,TIDAK_COCOK,downloads/Peraturan_ADK_8_Tahun_2015_PEDOMAN_PENGAWASAN_BANK_BERDASARKAN_RISIKO_UNTUK_TAHAPAN_PELAKSANAAN_PEMERIKSAAN_BERDASARKAN_RISIKO.pdf
Peraturan_OJK_8_2019.pdf,POJK,8,2019,COCOK,downloads/Peraturan_OJK_8_2019.pdf
Undang-Undang_Tahun.pdf,UU,,,TIDAK_COCOK,downloads/Undang-Undang_Tahun.pdf
Surat_Edaran_OJK_5_2019.pdf,SEOJK,5,2019,COCOK,downloads/Surat_Edaran_OJK_5_2019.pdf
Peraturan_OJK_8_2023.pdf,POJK,8,2023,COCOK,downloads/Peraturan_OJK_8_2023.pdf
Surat_Edaran_OJK_29_2019.pdf,SEOJK,29,2019,TIDAK_COCOK,downloads/Surat_Edaran_OJK_29_2019.pdf
Peraturan_OJK_21_2022.pdf,POJK,21,2022,COCOK,downloads/Peraturan_OJK_21_2022.pdf
Peraturan_ADK_13_Tahun_2026_PEDOMAN_PENETAPAN_STATUS_PENGAWASAN_DAN_TINDAK_LANJUT_PENGAWASAN_LEMBAGA_PEMBIAYAAN_PERUSAHAAN_MODAL_VENTURA_LEMBAGA_KEUANGAN_MIKRO_DAN_LEMBAGA_JASA_KEUANGAN_LAINNYA.pdf,PADK,13,2026,TIDAK_COCOK,downloads/Peraturan_ADK_13_Tahun_2026_PEDOMAN_PENETAPAN_STATUS_PENGAWASAN_DAN_TINDAK_LANJUT_PENGAWASAN_LEMBAGA_PEMBIAYAAN_PERUSAHAAN_MODAL_VENTURA_LEMBAGA_KEUANGAN_MIKRO_DAN_LEMBAGA_JASA_KEUANGAN_LAINNYA.pdf
Peraturan_OJK_27_2018.pdf,POJK,27,2018,COCOK,downloads/Peraturan_OJK_27_2018.pdf
Peraturan_OJK_2_2021.pdf,POJK,2,2021,COCOK,downloads/Peraturan_OJK_2_2021.pdf
Peraturan_Bapepam_1_1998.pdf,,1,1998,TIDAK_COCOK,downloads/Peraturan_Bapepam_1_1998.pdf
Peraturan_OJK_1_2013.pdf,POJK,1,2013,COCOK,downloads/Peraturan_OJK_1_2013.pdf
Peraturan_ADK_2_Tahun_2020_PEDOMAN_PEMERIKSAAN_KEPATUHAN_BURSA_EFEK_LEMBAGA_KLIRING_DAN_PENJAMINAN_SERTA_LEMBAGA_PENYIMPANAN_DAN_PENYELESAIAN.pdf,PADK,2,2020,TIDAK_COCOK,downloads/Peraturan_ADK_2_Tahun_2020_PEDOMAN_PEMERIKSAAN_KEPATUHAN_BURSA_EFEK_LEMBAGA_KLIRING_DAN_PENJAMINAN_SERTA_LEMBAGA_PENYIMPANAN_DAN_PENYELESAIAN.pdf
Tahun_penetapan_saham_sebagai_Efek_Syariah_Page_3_of_10.pdf,,3,,TIDAK_COCOK,downloads/Tahun_penetapan_saham_sebagai_Efek_Syariah_Page_3_of_10.pdf
Peraturan_ADK_10_Tahun_2022_PEDOMAN_TEKNIS_TINDAK_LANJUT_PENGAWASAN_TERHADAP_PEMENUHAN_MODAL_INTI_ATAU_CEMA_MINIMUM.pdf,PADK,10,2022,TIDAK_COCOK,downloads/Peraturan_ADK_10_Tahun_2022_PEDOMAN_TEKNIS_TINDAK_LANJUT_PENGAWASAN_TERHADAP_PEMENUHAN_MODAL_INTI_ATAU_CEMA_MINIMUM.pdf
Peraturan_OJK_28_2014.pdf,POJK,28,2014,COCOK,downloads/Peraturan_OJK_28_2014.pdf
Surat_Edaran_OJK_13_2014.pdf,SEOJK,13,2014,COCOK,downloads/Surat_Edaran_OJK_13_2014.pdf
Peraturan_ADK_2_Tahun_2016_PERUBAHAN_KEDUA_ATAS_PERATURAN_DEWAN_KOMISIONER_OTORITAS_JASA_KEUANGAN_NOMOR_12_PDK.02_2015_TENTANG_ORGANISASI_OTORITAS_JASA_KEUANGAN.pdf,PADK,2,2016,TIDAK_COCOK,downloads/Peraturan_ADK_2_Tahun_2016_PERUBAHAN_KEDUA_ATAS_PERATURAN_DEWAN_KOMISIONER_OTORITAS_JASA_KEUANGAN_NOMOR_12_PDK.02_2015_TENTANG_ORGANISASI_OTORITAS_JASA_KEUANGAN.pdf
Peraturan_OJK_67_2017.pdf,POJK,67,2017,COCOK,downloads/Peraturan_OJK_67_2017.pdf
Peraturan_ADK_1_Tahun_2025_PEDOMAN_PENGAWASAN_PERUSAHAAN_PERGADAIAN_DAN_PERUSAHAAN_PERGADAIAN_SYARIAH_BERBASIS_RISIKO.pdf,PADK,1,2025,TIDAK_COCOK,downloads/Peraturan_ADK_1_Tahun_2025_PEDOMAN_PENGAWASAN_PERUSAHAAN_PERGADAIAN_DAN_PERUSAHAAN_PERGADAIAN_SYARIAH_BERBASIS_RISIKO.pdf
Peraturan_OJK_19_2023.pdf,POJK,19,2023,COCOK,downloads/Peraturan_OJK_19_2023.pdf
Peraturan_ADK_Tahun_PERUBAHAN_STANDAR_BIAYA_OTORITAS_JASA_KEUANGAN_TAHUN_2013.pdf,PADK,,2013,TIDAK_COCOK,downloads/Peraturan_ADK_Tahun_PERUBAHAN_STANDAR_BIAYA_OTORITAS_JASA_KEUANGAN_TAHUN_2013.pdf
Peraturan_ADK_2_Tahun_2024_ORGANISASI_BIDANG_MANAJEMEN_STRATEGIS.pdf,PADK,2,2024,TIDAK_COCOK,downloads/Peraturan_ADK_2_Tahun_2024_ORGANISASI_BIDANG_MANAJEMEN_STRATEGIS.pdf
Surat_Edaran_OJK_23_2019.pdf,SEOJK,23,2019,COCOK,downloads/Surat_Edaran_OJK_23_2019.pdf
FAQ_20SEOJK_2010-SEOJK.05-2024_20Mekanisme_20dan_20Tata_20Cara_20Pemisahan_20Unit_20Syariah_20Perusahaan_20Asuransi_20dan_20Perusahaan_20Reasuransi.pdf,,10,2024,TIDAK_COCOK,downloads/FAQ_20SEOJK_2010-SEOJK.05-2024_20Mekanisme_20dan_20Tata_20Cara_20Pemisahan_20Unit_20Syariah_20Perusahaan_20Asuransi_20dan_20Perusahaan_20Reasuransi.pdf
Peraturan_OJK_43_2019.pdf,POJK,43,2019,COCOK,downloads/Peraturan_OJK_43_2019.pdf
Peraturan_OJK_54_2016.pdf,POJK,54,2016,COCOK,downloads/Peraturan_OJK_54_2016.pdf
Peraturan_ADK_8_Tahun_2015_PEDOMAN_PENGAWASAN_BANK_BERDASARKAN_RISIKO_UNTUK_TAHAPAN_PEMERIKSAAN_BERDASARKAN_RISIKO.pdf,PADK,8,2015,TIDAK_COCOK,downloads/Peraturan_ADK_8_Tahun_2015_PEDOMAN_PENGAWASAN_BANK_BERDASARKAN_RISIKO_UNTUK_TAHAPAN_PEMERIKSAAN_BERDASARKAN_RISIKO.pdf
Peraturan_ADK_29_Tahun_2017_MANAJEMEN_DANA_IMBALAN_KERJA_JANGKA_PANJANG_LAIN_OTORITAS_JASA_KEUANGAN.pdf,PADK,29,2017,TIDAK_COCOK,downloads/Peraturan_ADK_29_Tahun_2017_MANAJEMEN_DANA_IMBALAN_KERJA_JANGKA_PANJANG_LAIN_OTORITAS_JASA_KEUANGAN.pdf
Peraturan_OJK_33_2019.pdf,POJK,33,2019,COCOK,downloads/Peraturan_OJK_33_2019.pdf
Surat_Edaran_OJK_17_2023.pdf,SEOJK,17,2023,COCOK,downloads/Surat_Edaran_OJK_17_2023.pdf
SEOJK_2036-SEOJK06-2025_20Penyelenggaraan_20Program_20Wakaf_20Mikro.pdf,SEOJK,36,2025,COCOK,downloads/SEOJK_2036-SEOJK06-2025_20Penyelenggaraan_20Program_20Wakaf_20Mikro.pdf
Peraturan_ADK_1_Tahun_2024_PERUBAHAN_ATAS_PERATURAN_ANGGOTA_DEWAN_KOMISIONER_INTERNAL_OTORITAS_JASA_KEUANGAN_NOMOR_6_PADKINT.01_2025_TENTANG_PEDOMAN_PENANGANAN_ISU_PENGAWASAN_LINTAS_SEKTOR_DI_SEKTOR_JASA_KEUANGAN.pdf,PADK,1,2024,TIDAK_COCOK,downloads/Peraturan_ADK_1_Tahun_2024_PERUBAHAN_ATAS_PERATURAN_ANGGOTA_DEWAN_KOMISIONER_INTERNAL_OTORITAS_JASA_KEUANGAN_NOMOR_6_PADKINT.01_2025_TENTANG_PEDOMAN_PENANGANAN_ISU_PENGAWASAN_LINTAS_SEKTOR_DI_SEKTOR_JASA_KEUANGAN.pdf
Peraturan_ADK_21_Tahun_2011_PENETAPAN_DAN_PENGANGKATAN_DIREKTUR_DI_LINGKUNGAN_OTORITAS_JASA_KEUANGAN.pdf,PADK,21,2011,TIDAK_COCOK,downloads/Peraturan_ADK_21_Tahun_2011_PENETAPAN_DAN_PENGANGKATAN_DIREKTUR_DI_LINGKUNGAN_OTORITAS_JASA_KEUANGAN.pdf
SEBI_26-1-UKU-1993_Saham_Sebagai_Tambahan_Agunan_Kredit_1993.pdf,,26,1993,TIDAK_COCOK,downloads/SEBI_26-1-UKU-1993_Saham_Sebagai_Tambahan_Agunan_Kredit_1993.pdf
FAQ_20POJK_2028_20Tahun_202023_20Penetapan_20Status_20dan_20Tindak_20Lanjut_20Pengawasan_20Bank_20Perekonomian_20Rakyat_20dan_20Bank_20Perekonomian_20Rakyat_20Syariah.pdf,,28,2023,TIDAK_COCOK,downloads/FAQ_20POJK_2028_20Tahun_202023_20Penetapan_20Status_20dan_20Tindak_20Lanjut_20Pengawasan_20Bank_20Perekonomian_20Rakyat_20dan_20Bank_20Perekonomian_20Rakyat_20Syariah.pdf
Surat_Edaran_OJK_20_2018.pdf,SEOJK,20,2018,COCOK,downloads/Surat_Edaran_OJK_20_2018.pdf
Peraturan_OJK_37_2017.pdf,POJK,37,2017,COCOK,downloads/Peraturan_OJK_37_2017.pdf
Peraturan_ADK_15_Tahun_2014_NAMA_SATUAN_KERJA_UNIT_KERJA_DAN_JABATAN_DI_OTORITAS_JASA_KEUANGAN_DALAM_BAHASA_INGGRIS.pdf,PADK,15,2014,TIDAK_COCOK,downloads/Peraturan_ADK_15_Tahun_2014_NAMA_SATUAN_KERJA_UNIT_KERJA_DAN_JABATAN_DI_OTORITAS_JASA_KEUANGAN_DALAM_BAHASA_INGGRIS.pdf
Peraturan_ADK_13_Tahun_2013_TATA_CARA_PEMBERIAN_FASILITAS_PERJALANAN_DINAS_PEGAWAI_OTORITAS_JASA_KEUANGAN.pdf,PADK,13,2013,TIDAK_COCOK,downloads/Peraturan_ADK_13_Tahun_2013_TATA_CARA_PEMBERIAN_FASILITAS_PERJALANAN_DINAS_PEGAWAI_OTORITAS_JASA_KEUANGAN.pdf
Peraturan_OJK_9_2014.pdf,POJK,9,2014,COCOK,downloads/Peraturan_OJK_9_2014.pdf
Peraturan_ADK_42_2025.pdf,PADK,42,2025,COCOK,downloads/Peraturan_ADK_42_2025.pdf
SEOJK_2012-SEOJK.03-2024_20Penerapan_20Tata_20Kelola_20Bagi_20Bank_20Perekonomian_20Rakyat.pdf,SEOJK,12,2024,COCOK,downloads/SEOJK_2012-SEOJK.03-2024_20Penerapan_20Tata_20Kelola_20Bagi_20Bank_20Perekonomian_20Rakyat.pdf
Peraturan_OJK_18_2022.pdf,POJK,18,2022,COCOK,downloads/Peraturan_OJK_18_2022.pdf
Peraturan_OJK_34_2019.pdf,POJK,34,2019,COCOK,downloads/Peraturan_OJK_34_2019.pdf
Undang-Undang_15_1952.pdf,UU,15,1952,TIDAK_COCOK,downloads/Undang-Undang_15_1952.pdf
Peraturan_OJK_21_2018.pdf,POJK,21,2018,COCOK,downloads/Peraturan_OJK_21_2018.pdf
FAQ_20SEOJK_2022-SEOJK.06-2025_20Laporan_20Bulanan_20Lembaga_20Jasa_20Keuangan_20Penyelenggara_20Kegiatan_20Usaha_20Bulion.pdf,,22,2025,TIDAK_COCOK,downloads/FAQ_20SEOJK_2022-SEOJK.06-2025_20Laporan_20Bulanan_20Lembaga_20Jasa_20Keuangan_20Penyelenggara_20Kegiatan_20Usaha_20Bulion.pdf
Peraturan_ADK_1_Tahun_2025_PENGAWASAN_LEMBAGA_PEMBIAYAAN_PERUSAHAAN_MODAL_VENTURA_LEMBAGA_KEUANGAN_MIKRO_DAN_LEMBAGA_JASA_KEUANGAN_LAINNYA_BERBASIS_RISIKO.pdf,PADK,1,2025,TIDAK_COCOK,downloads/Peraturan_ADK_1_Tahun_2025_PENGAWASAN_LEMBAGA_PEMBIAYAAN_PERUSAHAAN_MODAL_VENTURA_LEMBAGA_KEUANGAN_MIKRO_DAN_LEMBAGA_JASA_KEUANGAN_LAINNYA_BERBASIS_RISIKO.pdf
Peraturan_ADK_19_Tahun_2017_TATA_CARA_PENYUSUNAN_ANGGARAN_OTORITAS_JASA_KEUANGAN.pdf,PADK,19,2017,TIDAK_COCOK,downloads/Peraturan_ADK_19_Tahun_2017_TATA_CARA_PENYUSUNAN_ANGGARAN_OTORITAS_JASA_KEUANGAN.pdf
FAQ_20POJK_20Nomor_2030_20Tahun_202023.pdf,,30,2023,TIDAK_COCOK,downloads/FAQ_20POJK_20Nomor_2030_20Tahun_202023.pdf
SEOJK_2019-SEOJK06-2025_20Penyelenggaraan_20Layanan_20Pendanaan_20Bersama_20Berbasis_20Teknologi_20Informasi.pdf,SEOJK,19,2025,COCOK,downloads/SEOJK_2019-SEOJK06-2025_20Penyelenggaraan_20Layanan_20Pendanaan_20Bersama_20Berbasis_20Teknologi_20Informasi.pdf
FAQ_20POJK_202_20Tahun_202025_20Tata_20Cara_20Pelaksanaan_20Pungutan_20di_20Sektor_20Jasa_20Keuangan_20dan_20Penerimaan_20Lainnya.pdf,,2,2025,TIDAK_COCOK,downloads/FAQ_20POJK_202_20Tahun_202025_20Tata_20Cara_20Pelaksanaan_20Pungutan_20di_20Sektor_20Jasa_20Keuangan_20dan_20Penerimaan_20Lainnya.pdf
FAQ_20SEOJK_20Nomor_2024-SEOJK.03-2025.pdf,,24,2025,TIDAK_COCOK,downloads/FAQ_20SEOJK_20Nomor_2024-SEOJK.03-2025.pdf
Peraturan_ADK_3_Tahun_2013_PERJALANAN_DINAS_ANGGOTA_DEWAN_KOMISIONER_OTORITAS_JASA_KEUANGAN.pdf,PADK,3,2013,TIDAK_COCOK,downloads/Peraturan_ADK_3_Tahun_2013_PERJALANAN_DINAS_ANGGOTA_DEWAN_KOMISIONER_OTORITAS_JASA_KEUANGAN.pdf
Peraturan_ADK_4_Tahun_2019_PERUBAHAN_ATAS_PERATURAN_DEWAN_KOMISIONER_OTORITAS_JASA_KEUANGAN_NOMOR_9_PDK.02_2017_TENTANG_PEDOMAN_PENGELOLAAN_BARANG_MILIK_OTORITAS_JASA_KEUANGAN_DAN_BARANG_MILIK_PIHAK_LAINNYA_DI_OTORITAS_JASA_KEUANGAN.pdf,PADK,4,2019,TIDAK_COCOK,downloads/Peraturan_ADK_4_Tahun_2019_PERUBAHAN_ATAS_PERATURAN_DEWAN_KOMISIONER_OTORITAS_JASA_KEUANGAN_NOMOR_9_PDK.02_2017_TENTANG_PEDOMAN_PENGELOLAAN_BARANG_MILIK_OTORITAS_JASA_KEUANGAN_DAN_BARANG_MILIK_PIHAK_LAINNYA_DI_OTORITAS_JASA_KEUANGAN.pdf
Peraturan_ADK_2_Tahun_2020_STANDAR_DAN_KEBIJAKAN_AKUNTANSI_OTORITAS_JASA_KEUANGAN.pdf,PADK,2,2020,TIDAK_COCOK,downloads/Peraturan_ADK_2_Tahun_2020_STANDAR_DAN_KEBIJAKAN_AKUNTANSI_OTORITAS_JASA_KEUANGAN.pdf
Peraturan_ADK_3_Tahun_2016_PEDOMAN_SISTEM_INFORMASI_PENGAWASAN_TERINTEGRASI_SIPT.pdf,PADK,3,2016,TIDAK_COCOK,downloads/Peraturan_ADK_3_Tahun_2016_PEDOMAN_SISTEM_INFORMASI_PENGAWASAN_TERINTEGRASI_SIPT.pdf
Abstrak_20POJK_2028_20Tahun_202025_20Penerapan_20Manajemen_20Risiko_20bagi_20Perusahaan_20Perasuransian_2c_20Lembaga_20Penjamin_2c_20dan_20Dana_20Pensiun.pdf,,28,2025,TIDAK_COCOK,downloads/Abstrak_20POJK_2028_20Tahun_202025_20Penerapan_20Manajemen_20Risiko_20bagi_20Perusahaan_20Perasuransian_2c_20Lembaga_20Penjamin_2c_20dan_20Dana_20Pensiun.pdf
Peraturan_ADK_Tahun_Tunjangan_Pendukung_Operasional_Tunjangan_Fasilitas_Asuransi_dan_Pesangon_bagi_Anggota_Dewan_Komisioner_dan_Mantan_Anggota_Dewan_Komisioner_Otoritas_Jasa_Keuangan.pdf,PADK,,,TIDAK_COCOK,downloads/Peraturan_ADK_Tahun_Tunjangan_Pendukung_Operasional_Tunjangan_Fasilitas_Asuransi_dan_Pesangon_bagi_Anggota_Dewan_Komisioner_dan_Mantan_Anggota_Dewan_Komisioner_Otoritas_Jasa_Keuangan.pdf
Surat_Edaran_OJK_27_2015.pdf,SEOJK,27,2015,COCOK,downloads/Surat_Edaran_OJK_27_2015.pdf
Peraturan_ADK_4_Tahun_2021_PEDOMAN_PELAKSANAAN_PENGENDALIAN_KUALITAS_QUALITY_ASSURANCE_DALAM_RANGKA_PENGAWASAN_LEMBAGA_JASA_KEUANGAN_NONBANK_BERBASIS_RISIKO_MELALUI_FORUM_PANEL_PENGAWASAN_LEMBAGA_JASA_KEUANGAN_NONBANK_BERBASIS_RISIKO.pdf,PADK,4,2021,TIDAK_COCOK,downloads/Peraturan_ADK_4_Tahun_2021_PEDOMAN_PELAKSANAAN_PENGENDALIAN_KUALITAS_QUALITY_ASSURANCE_DALAM_RANGKA_PENGAWASAN_LEMBAGA_JASA_KEUANGAN_NONBANK_BERBASIS_RISIKO_MELALUI_FORUM_PANEL_PENGAWASAN_LEMBAGA_JASA_KEUANGAN_NONBANK_BERBASIS_RISIKO.pdf
Abstrak_20POJK_2017_20Tahun_202024_20Penyelenggaraan_20Kegiatan_20Usaha_20Bulion.pdf,,17,2024,TIDAK_COCOK,downloads/Abstrak_20POJK_2017_20Tahun_202024_20Penyelenggaraan_20Kegiatan_20Usaha_20Bulion.pdf
Peraturan_ADK_2_Tahun_2021_TATA_CARA_PENGELOLAAN_BARANG_BUKTI_DI_LINGKUNGAN_OTORITAS_JASA_KEUANGAN.pdf,PADK,2,2021,TIDAK_COCOK,downloads/Peraturan_ADK_2_Tahun_2021_TATA_CARA_PENGELOLAAN_BARANG_BUKTI_DI_LINGKUNGAN_OTORITAS_JASA_KEUANGAN.pdf
Peraturan_OJK_61_2016.pdf,POJK,61,2016,COCOK,downloads/Peraturan_OJK_61_2016.pdf
SEOJK_2011-SEOJK05-2025_20Bentuk_20dan_20Susunan_20Laporan_20Berkala_20Dana_20Pensiun.pdf,SEOJK,11,2025,COCOK,downloads/SEOJK_2011-SEOJK05-2025_20Bentuk_20dan_20Susunan_20Laporan_20Berkala_20Dana_20Pensiun.pdf
Surat_Edaran_OJK_30_2017.pdf,SEOJK,30,2017,COCOK,downloads/Surat_Edaran_OJK_30_2017.pdf
Peraturan_ADK_12_Tahun_2017_PEDOMAN_PELAKSANAAN_PENILAIAN_KEMAMPUAN_DAN_KEPATUTAN_BAGI_CALON_PEMEGANG_SAHAM_PENGENDALI_CALON_ANGGOTA_DIREKSI_DAN_CALON_ANGGOTA_DEWAN_KOMISARIS_BANK_UMUM_SYARIAH_DAN_UNIT_USAHA_SYARIAH.pdf,PADK,12,2017,TIDAK_COCOK,downloads/Peraturan_ADK_12_Tahun_2017_PEDOMAN_PELAKSANAAN_PENILAIAN_KEMAMPUAN_DAN_KEPATUTAN_BAGI_CALON_PEMEGANG_SAHAM_PENGENDALI_CALON_ANGGOTA_DIREKSI_DAN_CALON_ANGGOTA_DEWAN_KOMISARIS_BANK_UMUM_SYARIAH_DAN_UNIT_USAHA_SYARIAH.pdf
Peraturan_ADK_1_Tahun_2019_PETUNJUK_PELAKSANAAN_PROTOKOL_MANAJEMEN_KRISIS_BIDANG_PENGAWASAN_SEKTOR_PASAR_MODAL.pdf,PADK,1,2019,TIDAK_COCOK,downloads/Peraturan_ADK_1_Tahun_2019_PETUNJUK_PELAKSANAAN_PROTOKOL_MANAJEMEN_KRISIS_BIDANG_PENGAWASAN_SEKTOR_PASAR_MODAL.pdf
Peraturan_ADK_1_Tahun_2013_MEKANISME_KOORDINASI_DAN_KOMUNIKASI_PENGAWASAN_TERINTEGRASI_BERDASARKAN_RISIKO_TERHADAP_KONGLOMERASI_KEUANGAN.pdf,PADK,1,2013,TIDAK_COCOK,downloads/Peraturan_ADK_1_Tahun_2013_MEKANISME_KOORDINASI_DAN_KOMUNIKASI_PENGAWASAN_TERINTEGRASI_BERDASARKAN_RISIKO_TERHADAP_KONGLOMERASI_KEUANGAN.pdf
Peraturan_ADK_5_Tahun_2015_PEDOMAN_PEMERIKSAAN_BERDASARKAN_RISIKO_UNTUK_PEMERIKSAAN_RISIKO_LIKUIDITAS.pdf,PADK,5,2015,TIDAK_COCOK,downloads/Peraturan_ADK_5_Tahun_2015_PEDOMAN_PEMERIKSAAN_BERDASARKAN_RISIKO_UNTUK_PEMERIKSAAN_RISIKO_LIKUIDITAS.pdf
Peraturan_ADK_7_Tahun_2014_PEDOMAN_PELAKSANAAN_FORUM_PANEL_PENGAWASAN_TERINTEGRASI_BERDASARKAN_RISIKO_TERHADAP_KONGLOMERASI_KEUANGAN.pdf,PADK,7,2014,TIDAK_COCOK,downloads/Peraturan_ADK_7_Tahun_2014_PEDOMAN_PELAKSANAAN_FORUM_PANEL_PENGAWASAN_TERINTEGRASI_BERDASARKAN_RISIKO_TERHADAP_KONGLOMERASI_KEUANGAN.pdf
Peraturan_OJK_39_2017.pdf,POJK,39,2017,COCOK,downloads/Peraturan_OJK_39_2017.pdf
Peraturan_ADK_5_Tahun_2016_KEGIATAN_KEBERSAMAAN_OTORITAS_JASA_KEUANGAN.pdf,PADK,5,2016,TIDAK_COCOK,downloads/Peraturan_ADK_5_Tahun_2016_KEGIATAN_KEBERSAMAAN_OTORITAS_JASA_KEUANGAN.pdf
Peraturan_ADK_2_Tahun_2020_MANAJEMEN_KELANGSUNGAN_BISNIS_OTORITAS_JASA_KEUANGAN.pdf,PADK,2,2020,TIDAK_COCOK,downloads/Peraturan_ADK_2_Tahun_2020_MANAJEMEN_KELANGSUNGAN_BISNIS_OTORITAS_JASA_KEUANGAN.pdf
bapas10_1389348214_2_.pdf,,2,,TIDAK_COCOK,downloads/bapas10_1389348214_2_.pdf
Peraturan_OJK_60_2017.pdf,POJK,60,2017,COCOK,downloads/Peraturan_OJK_60_2017.pdf
Peraturan_ADK_2_Tahun_2024_PENGENDALIAN_GRATIFIKASI_DI_OTORITAS_JASA_KEUANGAN.pdf,PADK,2,2024,TIDAK_COCOK,downloads/Peraturan_ADK_2_Tahun_2024_PENGENDALIAN_GRATIFIKASI_DI_OTORITAS_JASA_KEUANGAN.pdf
Peraturan_ADK_13_Tahun_2016_FASILITAS_PEMELIHARAAN_KESEHATAN_PEGAWAI_OTORITAS_JASA_KEUANGAN.pdf,PADK,13,2016,TIDAK_COCOK,downloads/Peraturan_ADK_13_Tahun_2016_FASILITAS_PEMELIHARAAN_KESEHATAN_PEGAWAI_OTORITAS_JASA_KEUANGAN.pdf
Peraturan_ADK_2_Tahun_2021_PEDOMAN_PENGAWASAN_PENERAPAN_PROGRAM_ANTI_PENCUCIAN_UANG_DAN_PENCEGAHAN_PENDANAAN_TERORISME_BERDASARKAN_PENDEKATAN_BERBASIS_RISIKO_BAGI_PENYELENGGARA_LAYANAN_PINJAM_MEMINJAM_UANG_BERBASIS_TEKNOLOGI_INFORMASI.pdf,PADK,2,2021,TIDAK_COCOK,downloads/Peraturan_ADK_2_Tahun_2021_PEDOMAN_PENGAWASAN_PENERAPAN_PROGRAM_ANTI_PENCUCIAN_UANG_DAN_PENCEGAHAN_PENDANAAN_TERORISME_BERDASARKAN_PENDEKATAN_BERBASIS_RISIKO_BAGI_PENYELENGGARA_LAYANAN_PINJAM_MEMINJAM_UANG_BERBASIS_TEKNOLOGI_INFORMASI.pdf
Surat_Edaran_OJK_11_2015.pdf,SEOJK,11,2015,COCOK,downloads/Surat_Edaran_OJK_11_2015.pdf
FAQ_20POJK_2026_20Tahun_202024_20Perluasan_20Kegiatan_20Usaha_20Perbankan.pdf,,26,2024,TIDAK_COCOK,downloads/FAQ_20POJK_2026_20Tahun_202024_20Perluasan_20Kegiatan_20Usaha_20Perbankan.pdf
FAQ_20SEOJK_2020-SEOJK07-2024_20Penyelenggaraan_20Perdagangan_20Aset_20Keuangan_20Digital_20Termasuk_20Aset_20Kripto.pdf,,20,2024,TIDAK_COCOK,downloads/FAQ_20SEOJK_2020-SEOJK07-2024_20Penyelenggaraan_20Perdagangan_20Aset_20Keuangan_20Digital_20Termasuk_20Aset_20Kripto.pdf
Peraturan_ADK_19_Tahun_2024_PERUBAHAN_KETIGA_ATAS_SURAT_EDARAN_DEWAN_KOMISIONE_OTORITAS_JASA_KEUANGAN_NOMOR_19_SEDK.02_2023_TENTANG_ORGANISASI_BIDANG_KEBIJAKAN_STRATEGIS.pdf,PADK,19,2024,TIDAK_COCOK,downloads/Peraturan_ADK_19_Tahun_2024_PERUBAHAN_KETIGA_ATAS_SURAT_EDARAN_DEWAN_KOMISIONE_OTORITAS_JASA_KEUANGAN_NOMOR_19_SEDK.02_2023_TENTANG_ORGANISASI_BIDANG_KEBIJAKAN_STRATEGIS.pdf
Peraturan_ADK_1_Tahun_2014_PERUBAHAN_KEDUA_ATAS_PERATURAN_DEWAN_KOMISIONER_OTORITAS_JASA_KEUANGAN_NOMOR_1_PDK.02_2013_TENTANG_SISTEM_REMUNERASI_PEGAWAI_OTORITAS_JASA_KEUANGAN.pdf,PADK,1,2014,TIDAK_COCOK,downloads/Peraturan_ADK_1_Tahun_2014_PERUBAHAN_KEDUA_ATAS_PERATURAN_DEWAN_KOMISIONER_OTORITAS_JASA_KEUANGAN_NOMOR_1_PDK.02_2013_TENTANG_SISTEM_REMUNERASI_PEGAWAI_OTORITAS_JASA_KEUANGAN.pdf
Abstrak_20POJK_2013_20Tahun_202024_20Transparansi_20dan_20Publikasi_20Suku_20Bunga_20Dasar_20Kredit_20bagi_20Bank_20Umum_20Konvensional.pdf,,13,2024,TIDAK_COCOK,downloads/Abstrak_20POJK_2013_20Tahun_202024_20Transparansi_20dan_20Publikasi_20Suku_20Bunga_20Dasar_20Kredit_20bagi_20Bank_20Umum_20Konvensional.pdf
POJK_206_20Tahun_202025_20Laporan_20Agen_20Penjual_20Efek_20Reksa_20Dana.pdf,POJK,6,2025,COCOK,downloads/POJK_206_20Tahun_202025_20Laporan_20Agen_20Penjual_20Efek_20Reksa_20Dana.pdf
Peraturan_OJK_10_2018.pdf,POJK,10,2018,COCOK,downloads/Peraturan_OJK_10_2018.pdf
Peraturan_ADK_Tahun_PEDOMAN_OPERASIONAL_PEMERIKSAAN_BPJS_KETENAGAKERJAAN.pdf,PADK,,,TIDAK_COCOK,downloads/Peraturan_ADK_Tahun_PEDOMAN_OPERASIONAL_PEMERIKSAAN_BPJS_KETENAGAKERJAAN.pdf
Peraturan_ADK_20_Tahun_2017_TATA_CARA_REVISI_ANGGARAN_OTORITAS_JASA_KEUANGAN.pdf,PADK,20,2017,TIDAK_COCOK,downloads/Peraturan_ADK_20_Tahun_2017_TATA_CARA_REVISI_ANGGARAN_OTORITAS_JASA_KEUANGAN.pdf
PADK_2048-PADK06-2025_20Penerapan_20Manajemen_20Risiko_20Bagi_20Lembaga_20PVML.pdf,PADK,48,2025,COCOK,downloads/PADK_2048-PADK06-2025_20Penerapan_20Manajemen_20Risiko_20Bagi_20Lembaga_20PVML.pdf
Peraturan_OJK_30_2017.pdf,POJK,30,2017,COCOK,downloads/Peraturan_OJK_30_2017.pdf
Peraturan_Bank_Indonesia_21_Tahun_2011_PENETAPAN_KOTA_MANADO_SEBAGAI_DAERAH_YANG_MEMERLUKAN_PERLAKUAN_KHUSUS_TERHADAP_KREDIT_BANK.pdf,PBI,21,2011,TIDAK_COCOK,downloads/Peraturan_Bank_Indonesia_21_Tahun_2011_PENETAPAN_KOTA_MANADO_SEBAGAI_DAERAH_YANG_MEMERLUKAN_PERLAKUAN_KHUSUS_TERHADAP_KREDIT_BANK.pdf
Peraturan_ADK_24_Tahun_2013_STANDAR_DOKUMEN_PENGADAAN_BARANG_DAN_JASA.pdf,PADK,24,2013,TIDAK_COCOK,downloads/Peraturan_ADK_24_Tahun_2013_STANDAR_DOKUMEN_PENGADAAN_BARANG_DAN_JASA.pdf
FAQ_20SEOJK_208-SEOJK03-2025_20Penerapan_20Fungsi_20Kepatuhan_20Bagi_20Bank_20Perekonomian_20Rakyat_20dan_20Bank_20Perekonomian_20Rakyat_20Syariah.pdf,,8,2025,TIDAK_COCOK,downloads/FAQ_20SEOJK_208-SEOJK03-2025_20Penerapan_20Fungsi_20Kepatuhan_20Bagi_20Bank_20Perekonomian_20Rakyat_20dan_20Bank_20Perekonomian_20Rakyat_20Syariah.pdf
Peraturan_OJK_29_2021.pdf,POJK,29,2021,COCOK,downloads/Peraturan_OJK_29_2021.pdf
Peraturan_Bank_Indonesia_4_2023.pdf,PBI,4,2023,TIDAK_COCOK,downloads/Peraturan_Bank_Indonesia_4_2023.pdf
Surat_Edaran_OJK_15_2013.pdf,SEOJK,15,2013,COCOK,downloads/Surat_Edaran_OJK_15_2013.pdf
Peraturan_OJK_27_2020.pdf,POJK,27,2020,COCOK,downloads/Peraturan_OJK_27_2020.pdf
Peraturan_ADK_3_Tahun_2021_PEMERIKSAAN_KHUSUS_DUGAAN_TINDAK_PIDANA_PADA_LEMBAGA_JASA_KEUANGAN_NONBANK.pdf,PADK,3,2021,TIDAK_COCOK,downloads/Peraturan_ADK_3_Tahun_2021_PEMERIKSAAN_KHUSUS_DUGAAN_TINDAK_PIDANA_PADA_LEMBAGA_JASA_KEUANGAN_NONBANK.pdf
Peraturan_ADK_5_Tahun_2015_PERUBAHAN_ATAS_SURAT_EDARAN_DEWAN_KOMISONER_OTORITAS_JASA_KEUANGAN_NOMOR_19_SEDK.02_2014_TENTANG_PEDOMAN_PENYUSUNAN_RENCANA_KERJA_DAN_ANGGARAN_OTORITAS_JASA_KEUANGAN.pdf,PADK,5,2015,TIDAK_COCOK,downloads/Peraturan_ADK_5_Tahun_2015_PERUBAHAN_ATAS_SURAT_EDARAN_DEWAN_KOMISONER_OTORITAS_JASA_KEUANGAN_NOMOR_19_SEDK.02_2014_TENTANG_PEDOMAN_PENYUSUNAN_RENCANA_KERJA_DAN_ANGGARAN_OTORITAS_JASA_KEUANGAN.pdf
Peraturan_ADK_2_Tahun_2024_PEDOMAN_PEMERIKSAAN_BERDASARKAN_RISIKO_TERHADAP_BANK_PEREKONOMIAN_RAKYAT_DAN_BANK_PEREKONOMIAN_RAKYAT_SYARIAH.pdf,PADK,2,2024,TIDAK_COCOK,downloads/Peraturan_ADK_2_Tahun_2024_PEDOMAN_PEMERIKSAAN_BERDASARKAN_RISIKO_TERHADAP_BANK_PEREKONOMIAN_RAKYAT_DAN_BANK_PEREKONOMIAN_RAKYAT_SYARIAH.pdf
Peraturan_OJK_72_2017.pdf,POJK,72,2017,COCOK,downloads/Peraturan_OJK_72_2017.pdf
Peraturan_OJK_15_2016.pdf,POJK,15,2016,COCOK,downloads/Peraturan_OJK_15_2016.pdf
Peraturan_ADK_1_Tahun_2020_TATA_CARA_REVISI_ANGGARAN_OTORITAS_JASA_KEUANGAN.pdf,PADK,1,2020,TIDAK_COCOK,downloads/Peraturan_ADK_1_Tahun_2020_TATA_CARA_REVISI_ANGGARAN_OTORITAS_JASA_KEUANGAN.pdf
Peraturan_OJK_35_2015.pdf,POJK,35,2015,COCOK,downloads/Peraturan_OJK_35_2015.pdf
Tahun_TIM_KERJA_PEWAWANCARA_UJI_KEMAMPUAN_DAN_KEPATUTAN_FIT_AND_PROPER_TEST_CALON_PEMEGANG_SAHAM_PENGENDALI_CALON_ANGGOTA.pdf,,,,TIDAK_COCOK,downloads/Tahun_TIM_KERJA_PEWAWANCARA_UJI_KEMAMPUAN_DAN_KEPATUTAN_FIT_AND_PROPER_TEST_CALON_PEMEGANG_SAHAM_PENGENDALI_CALON_ANGGOTA.pdf
Peraturan_OJK_44_2019.pdf,POJK,44,2019,COCOK,downloads/Peraturan_OJK_44_2019.pdf
Peraturan_ADK_21_Tahun_2011_SISTEM_PENGEMBANGAN_SUMBER_DAYA_MANUSIA_OTORITAS_JASA_KEUANGAN.pdf,PADK,21,2011,TIDAK_COCOK,downloads/Peraturan_ADK_21_Tahun_2011_SISTEM_PENGEMBANGAN_SUMBER_DAYA_MANUSIA_OTORITAS_JASA_KEUANGAN.pdf
Peraturan_ADK_43_Tahun_2013_PERUBAHAN_KEDUA_ATAS_PERATURAN_DEWAN_KOMISIONER_OTORITAS_JASA_KEUANGAN_NOMOR_01_17_PDK_XII_2012_TENTANG_KODE_ETIK_OTORITAS_JASA_KEUANGAN.pdf,PADK,43,2013,TIDAK_COCOK,downloads/Peraturan_ADK_43_Tahun_2013_PERUBAHAN_KEDUA_ATAS_PERATURAN_DEWAN_KOMISIONER_OTORITAS_JASA_KEUANGAN_NOMOR_01_17_PDK_XII_2012_TENTANG_KODE_ETIK_OTORITAS_JASA_KEUANGAN.pdf
Peraturan_OJK_41_2016.pdf,POJK,41,2016,COCOK,downloads/Peraturan_OJK_41_2016.pdf
Abstrak_20POJK_20Nomor_204_20Tahun_202025.pdf,,4,2025,TIDAK_COCOK,downloads/Abstrak_20POJK_20Nomor_204_20Tahun_202025.pdf
Peraturan_OJK_30_2021.pdf,POJK,30,2021,COCOK,downloads/Peraturan_OJK_30_2021.pdf
Peraturan_OJK_3_2025.pdf,POJK,3,2025,COCOK,downloads/Peraturan_OJK_3_2025.pdf
Surat_Edaran_OJK_6_2015.pdf,SEOJK,6,2015,COCOK,downloads/Surat_Edaran_OJK_6_2015.pdf
11-33-DPNP.pdf,,11,,TIDAK_COCOK,downloads/11-33-DPNP.pdf
Peraturan_OJK_23_2021.pdf,POJK,23,2021,COCOK,downloads/Peraturan_OJK_23_2021.pdf
Peraturan_ADK_24_Tahun_2013_PERUBAHAN_ATAS_PERATURAN_DEWAN_KOMISIONER_OTORITAS_JASA_KEUANGAN_NOMOR_24_PDK.02_2013_TENTANG_PEDOMAN_PENGADAAN_BARANG_DAN_JASA_OTORITAS_JASA_KEUANGAN.pdf,PADK,24,2013,TIDAK_COCOK,downloads/Peraturan_ADK_24_Tahun_2013_PERUBAHAN_ATAS_PERATURAN_DEWAN_KOMISIONER_OTORITAS_JASA_KEUANGAN_NOMOR_24_PDK.02_2013_TENTANG_PEDOMAN_PENGADAAN_BARANG_DAN_JASA_OTORITAS_JASA_KEUANGAN.pdf
21_Tahun_2011_PENUNJUKAN_BANK_TEMPAT_REKENING_OTORITAS_JASA_KEUANGAN.pdf,,21,2011,TIDAK_COCOK,downloads/21_Tahun_2011_PENUNJUKAN_BANK_TEMPAT_REKENING_OTORITAS_JASA_KEUANGAN.pdf
Peraturan_ADK_21_Tahun_2011_HARI_LIBUR_NASIONAL_DAN_CUTI_BERSAMA_TAHUN_2014_OTORITAS_JASA_KEUANGAN.pdf,PADK,21,2011,TIDAK_COCOK,downloads/Peraturan_ADK_21_Tahun_2011_HARI_LIBUR_NASIONAL_DAN_CUTI_BERSAMA_TAHUN_2014_OTORITAS_JASA_KEUANGAN.pdf
Surat_Edaran_OJK_32_2025.pdf,SEOJK,32,2025,COCOK,downloads/Surat_Edaran_OJK_32_2025.pdf
Surat_Edaran_OJK_4_2013.pdf,SEOJK,4,2013,COCOK,downloads/Surat_Edaran_OJK_4_2013.pdf
Surat_Edaran_OJK_14_2021.pdf,SEOJK,14,2021,COCOK,downloads/Surat_Edaran_OJK_14_2021.pdf
Surat_Edaran_OJK_7_2014.pdf,SEOJK,7,2014,COCOK,downloads/Surat_Edaran_OJK_7_2014.pdf
Surat_Edaran_OJK_20_2015.pdf,SEOJK,20,2015,COCOK,downloads/Surat_Edaran_OJK_20_2015.pdf
POJK_2018_20Tahun_202024_20Penyedia_20Likuiditas.pdf,POJK,18,2024,COCOK,downloads/POJK_2018_20Tahun_202024_20Penyedia_20Likuiditas.pdf
Surat_Edaran_OJK_6_2013.pdf,SEOJK,6,2013,COCOK,downloads/Surat_Edaran_OJK_6_2013.pdf
Peraturan_ADK_Tahun_PELANTIKAN_DAN_PENGAMBILAN_SUMPAH_JABATAN_PEMIMPIN_SATUAN_KERJA_DI_OTORITAS_JASA_KEUANGAN.pdf,PADK,,,TIDAK_COCOK,downloads/Peraturan_ADK_Tahun_PELANTIKAN_DAN_PENGAMBILAN_SUMPAH_JABATAN_PEMIMPIN_SATUAN_KERJA_DI_OTORITAS_JASA_KEUANGAN.pdf
Peraturan_OJK_17_2015.pdf,POJK,17,2015,COCOK,downloads/Peraturan_OJK_17_2015.pdf
Peraturan_Bank_Indonesia_7_Tahun_1992_PENETAPAN_PENGGUNAAN_IZIN_USAHA_ATAS_NAMA_PT_BANK_ICB_BUMIPUTERA_TBK_MENJADI_IZIN_USAHA_ATAS_NAMA_PT_BANK_MNC_INTERNASIONAL_TBK.pdf,PBI,7,1992,TIDAK_COCOK,downloads/Peraturan_Bank_Indonesia_7_Tahun_1992_PENETAPAN_PENGGUNAAN_IZIN_USAHA_ATAS_NAMA_PT_BANK_ICB_BUMIPUTERA_TBK_MENJADI_IZIN_USAHA_ATAS_NAMA_PT_BANK_MNC_INTERNASIONAL_TBK.pdf
Surat_Edaran_OJK_33_2024.pdf,SEOJK,33,2024,TIDAK_COCOK,downloads/Surat_Edaran_OJK_33_2024.pdf
Peraturan_ADK_Tahun_SISTEM_PENGEMBANGAN_SUMBER_DAYA_MANUSIA.pdf,PADK,,,TIDAK_COCOK,downloads/Peraturan_ADK_Tahun_SISTEM_PENGEMBANGAN_SUMBER_DAYA_MANUSIA.pdf
Peraturan_ADK_4_Tahun_2016_TATA_CARA_PELAKSANAAN_PEMBINAAN_DAN_PENGAWASAN_LEMBAGA_KEUANGAN_MIKRO.pdf,PADK,4,2016,TIDAK_COCOK,downloads/Peraturan_ADK_4_Tahun_2016_TATA_CARA_PELAKSANAAN_PEMBINAAN_DAN_PENGAWASAN_LEMBAGA_KEUANGAN_MIKRO.pdf
FAQ_20POJK_204_20Tahun_202026_20Penyelenggaraan_20Produk_20Investasi_20Perbankan_20Syariah.pdf,,4,2026,TIDAK_COCOK,downloads/FAQ_20POJK_204_20Tahun_202026_20Penyelenggaraan_20Produk_20Investasi_20Perbankan_20Syariah.pdf
Peraturan_ADK_6_Tahun_2025_PEDOMAN_PENGENAAN_SANKSI_ADMINISTRATIF_DI_SEKTOR_INOVASI_TEKNOLOGI_SEKTOR_KEUANGAN_ASET_KEUANGAN_DIGITAL_DAN_ASET_KRIPTO.pdf,PADK,6,2025,TIDAK_COCOK,downloads/Peraturan_ADK_6_Tahun_2025_PEDOMAN_PENGENAAN_SANKSI_ADMINISTRATIF_DI_SEKTOR_INOVASI_TEKNOLOGI_SEKTOR_KEUANGAN_ASET_KEUANGAN_DIGITAL_DAN_ASET_KRIPTO.pdf
Peraturan_ADK_44_Tahun_2013_PERUBAHAN_KEDUA_ATAS_PERATURAN_DEWAN_KOMISIONER_OTORITAS_JASA_KEUANGAN_NOMOR_01_19_PDK_XII_2012_TENTANG_KOMITE_DI_OTORITAS_JASA_KEUANGAN.pdf,PADK,44,2013,TIDAK_COCOK,downloads/Peraturan_ADK_44_Tahun_2013_PERUBAHAN_KEDUA_ATAS_PERATURAN_DEWAN_KOMISIONER_OTORITAS_JASA_KEUANGAN_NOMOR_01_19_PDK_XII_2012_TENTANG_KOMITE_DI_OTORITAS_JASA_KEUANGAN.pdf
Surat_Edaran_OJK_6_2020.pdf,SEOJK,6,2020,COCOK,downloads/Surat_Edaran_OJK_6_2020.pdf
POJK_2036_20Tahun_202025_20Penguatan_20Ekosistem_20Asuransi_20Kesehatan.pdf,POJK,36,2025,COCOK,downloads/POJK_2036_20Tahun_202025_20Penguatan_20Ekosistem_20Asuransi_20Kesehatan.pdf
Peraturan_OJK_18_2019.pdf,POJK,18,2019,COCOK,downloads/Peraturan_OJK_18_2019.pdf
Peraturan_ADK_17_Tahun_2024_PEDOMAN_PENATAUSAHAAN_DAN_PEMANTAUAN_BARANG_MILIK_OTORITAS_JASA_KEUANGAN.pdf,PADK,17,2024,TIDAK_COCOK,downloads/Peraturan_ADK_17_Tahun_2024_PEDOMAN_PENATAUSAHAAN_DAN_PEMANTAUAN_BARANG_MILIK_OTORITAS_JASA_KEUANGAN.pdf
SEOJK_2020_202024_20Penyelenggaraan_20Perdagangan_20Aset_20Keuangan_20Digital_20Termasuk_20Aset_20Kripto.pdf,SEOJK,20,2024,COCOK,downloads/SEOJK_2020_202024_20Penyelenggaraan_20Perdagangan_20Aset_20Keuangan_20Digital_20Termasuk_20Aset_20Kripto.pdf
Peraturan_ADK_2_Tahun_2019_PERUBAHAN_KETIGA_ATAS_SURAT_EDARAN_DEWAN_KOMISIONER_OTORITAS_JASA_KEUANGAN_NOMOR_7_SEDK.02_2014_TENTANG_TATA_CARA_PELAKSANAAN_MANAJEMEN_PUNGUTAN_OTORITAS_JASA_KEUANGAN.pdf,PADK,2,2019,TIDAK_COCOK,downloads/Peraturan_ADK_2_Tahun_2019_PERUBAHAN_KETIGA_ATAS_SURAT_EDARAN_DEWAN_KOMISIONER_OTORITAS_JASA_KEUANGAN_NOMOR_7_SEDK.02_2014_TENTANG_TATA_CARA_PELAKSANAAN_MANAJEMEN_PUNGUTAN_OTORITAS_JASA_KEUANGAN.pdf
Peraturan_ADK_12_Tahun_2016_PEDOMAN_PENGAWASAN_BANK_BERDASARKAN_RISIKO_UNTUK_TAHAPAN_PEMAHAMAN_TERHADAP_BANK_KNOW_YOUR_BANK.pdf,PADK,12,2016,TIDAK_COCOK,downloads/Peraturan_ADK_12_Tahun_2016_PEDOMAN_PENGAWASAN_BANK_BERDASARKAN_RISIKO_UNTUK_TAHAPAN_PEMAHAMAN_TERHADAP_BANK_KNOW_YOUR_BANK.pdf
Peraturan_ADK_Tahun_STANDAR_AUDIT_INTERNAL_OTORITAS_JASA_KEUANGAN.pdf,PADK,,,TIDAK_COCOK,downloads/Peraturan_ADK_Tahun_STANDAR_AUDIT_INTERNAL_OTORITAS_JASA_KEUANGAN.pdf
Peraturan_OJK_1_2025.pdf,POJK,1,2025,COCOK,downloads/Peraturan_OJK_1_2025.pdf
Peraturan_OJK_2_2013.pdf,POJK,2,2013,COCOK,downloads/Peraturan_OJK_2_2013.pdf
Peraturan_ADK_2_Tahun_2021_SISTEM_PENGEMBANGAN_SUMBER_DAYA_MANUSIA.pdf,PADK,2,2021,TIDAK_COCOK,downloads/Peraturan_ADK_2_Tahun_2021_SISTEM_PENGEMBANGAN_SUMBER_DAYA_MANUSIA.pdf
21_Tahun_2011_PENETAPAN_DAN_PENGANGKATAN_PENYIDIK_KEPOLISIAN_NEGARA_REPUBLIK_INDONESIA_YANG_DIPEKERJAKAN_DI_OTORITAS_JASA_KEUANGAN.pdf,,21,2011,TIDAK_COCOK,downloads/21_Tahun_2011_PENETAPAN_DAN_PENGANGKATAN_PENYIDIK_KEPOLISIAN_NEGARA_REPUBLIK_INDONESIA_YANG_DIPEKERJAKAN_DI_OTORITAS_JASA_KEUANGAN.pdf
Peraturan_OJK_2_2017.pdf,POJK,2,2017,COCOK,downloads/Peraturan_OJK_2_2017.pdf
Peraturan_ADK_3_Tahun_2025_PEDOMAN_PENGENAAN_SANKSI_ADMINISTRATIF_DI_BIDANG_PASAR_MODAL_KEUANGAN_DERIVATIF_DAN_BURSA_KARBON.pdf,PADK,3,2025,TIDAK_COCOK,downloads/Peraturan_ADK_3_Tahun_2025_PEDOMAN_PENGENAAN_SANKSI_ADMINISTRATIF_DI_BIDANG_PASAR_MODAL_KEUANGAN_DERIVATIF_DAN_BURSA_KARBON.pdf
c16baceb-bf5d-fb93-fff2-9423600a6066.pdf,,,,TIDAK_COCOK,downloads/c16baceb-bf5d-fb93-fff2-9423600a6066.pdf
Peraturan_ADK_28_Tahun_2017_PERUBAHAN_KETIGA_ATAS_SURAT_EDARAN.pdf,PADK,28,2017,TIDAK_COCOK,downloads/Peraturan_ADK_28_Tahun_2017_PERUBAHAN_KETIGA_ATAS_SURAT_EDARAN.pdf
Peraturan_OJK_23_2019.pdf,POJK,23,2019,COCOK,downloads/Peraturan_OJK_23_2019.pdf
Peraturan_OJK_5_2022.pdf,POJK,5,2022,COCOK,downloads/Peraturan_OJK_5_2022.pdf
Peraturan_OJK_77_2017.pdf,POJK,77,2017,COCOK,downloads/Peraturan_OJK_77_2017.pdf
Abstrak_20POJK_2028_20Tahun_202023_20Penetapan_20Status_20dan_20Tindak_20Lanjut_20Pengawasan_20Bank_20Perekonomian_20Rakyat_20dan_20Bank_20Perekonomian_20Rakyat_20Syariah.pdf,,28,2023,TIDAK_COCOK,downloads/Abstrak_20POJK_2028_20Tahun_202023_20Penetapan_20Status_20dan_20Tindak_20Lanjut_20Pengawasan_20Bank_20Perekonomian_20Rakyat_20dan_20Bank_20Perekonomian_20Rakyat_20Syariah.pdf
Peraturan_ADK_29_Tahun_2013_PENUNJUKAN_PEJABAT_DAN_ATAU_PEGAWAI_SEBAGAI_PENANGGUNGJAWAB_PELAKSANAAN_ANGGARAN_DI_LINGKUNGAN_OTORITAS_JASA_KEUANGAN.pdf,PADK,29,2013,TIDAK_COCOK,downloads/Peraturan_ADK_29_Tahun_2013_PENUNJUKAN_PEJABAT_DAN_ATAU_PEGAWAI_SEBAGAI_PENANGGUNGJAWAB_PELAKSANAAN_ANGGARAN_DI_LINGKUNGAN_OTORITAS_JASA_KEUANGAN.pdf
Peraturan_ADK_2_Tahun_2024_PERUBAHAN_KEEMPAT_ATAS_PERATURAN_DEWAN_KOMISIONER_OTORITAS_JASA_KEUANGAN_NOMOR_1_PDK.02_2023_TENTANG_ORGANISASI_OTORITAS_JASA_KEUANGAN.pdf,PADK,2,2024,TIDAK_COCOK,downloads/Peraturan_ADK_2_Tahun_2024_PERUBAHAN_KEEMPAT_ATAS_PERATURAN_DEWAN_KOMISIONER_OTORITAS_JASA_KEUANGAN_NOMOR_1_PDK.02_2023_TENTANG_ORGANISASI_OTORITAS_JASA_KEUANGAN.pdf
Peraturan_OJK_29_2024.pdf,POJK,29,2024,COCOK,downloads/Peraturan_OJK_29_2024.pdf
Surat_Edaran_OJK_8_2020.pdf,SEOJK,8,2020,COCOK,downloads/Surat_Edaran_OJK_8_2020.pdf
Peraturan_ADK_1_Tahun_2017_PEDOMAN_PENGAWASAN_BERBASIS_RISIKO_DALAM_PENERAPAN_PROGRAM_ANTI_PENCUCIAN_UANG_DAN_PENCEGAHAN_PENDANAAN_TERORISME_PADA_PERUSAHAAN_EFEK_YANG_MELAKUKAN_KEGIATAN_USAHA_SEBAGAI_PENJAMIN_EMISI_EFEK_DAN_PERANTARA_PEDAGANG_EFEK.pdf,PADK,1,2017,TIDAK_COCOK,downloads/Peraturan_ADK_1_Tahun_2017_PEDOMAN_PENGAWASAN_BERBASIS_RISIKO_DALAM_PENERAPAN_PROGRAM_ANTI_PENCUCIAN_UANG_DAN_PENCEGAHAN_PENDANAAN_TERORISME_PADA_PERUSAHAAN_EFEK_YANG_MELAKUKAN_KEGIATAN_USAHA_SEBAGAI_PENJAMIN_EMISI_EFEK_DAN_PERANTARA_PEDAGANG_EFEK.pdf
Peraturan_ADK_1_Tahun_2014_SISTEM_INFORMASI_RAPAT_DEWAN_KOMISIONER.pdf,PADK,1,2014,TIDAK_COCOK,downloads/Peraturan_ADK_1_Tahun_2014_SISTEM_INFORMASI_RAPAT_DEWAN_KOMISIONER.pdf
Tahun_sumber_dana_yang_digunakan_untuk_modal_disetor_antara_lain.pdf,,,,TIDAK_COCOK,downloads/Tahun_sumber_dana_yang_digunakan_untuk_modal_disetor_antara_lain.pdf
Surat_Edaran_OJK_15_2019.pdf,SEOJK,15,2019,COCOK,downloads/Surat_Edaran_OJK_15_2019.pdf
Peraturan_ADK_27_Tahun_2017_PERUBAHAN_KEENAM_SURAT_EDARAN_DEWAN_KOMISIONER_OTORITAS_JASA_KEUANGAN_NOMOR_33_SEDK.02_2013_TENTANG_PEDOMAN_TATA_NASKAH_DINAS_OTORITAS_JASA_KEUANGAN.pdf,PADK,27,2017,TIDAK_COCOK,downloads/Peraturan_ADK_27_Tahun_2017_PERUBAHAN_KEENAM_SURAT_EDARAN_DEWAN_KOMISIONER_OTORITAS_JASA_KEUANGAN_NOMOR_33_SEDK.02_2013_TENTANG_PEDOMAN_TATA_NASKAH_DINAS_OTORITAS_JASA_KEUANGAN.pdf
Peraturan_ADK_12_Tahun_2015_PETUNJUK_TEKNIS_PENILAIAN_PENERAPAN_TATA_KELOLA_TERINTEGRASI_BAGI_KONGLOMERASI_KEUANGAN.pdf,PADK,12,2015,TIDAK_COCOK,downloads/Peraturan_ADK_12_Tahun_2015_PETUNJUK_TEKNIS_PENILAIAN_PENERAPAN_TATA_KELOLA_TERINTEGRASI_BAGI_KONGLOMERASI_KEUANGAN.pdf
Peraturan_ADK_5_Tahun_2020_PEDOMAN_BEKERJA_DARI_RUMAH_WORK_FROM_HOME_SEBAGAI_BENTUK_KEBIJAKAN_PENCEGAHAN_DAN_PENANGANAN_PENYEBARAN_COVID-19_DI_LINGKUNGAN_OTORITAS_JASA_KEUANGAN.pdf,PADK,5,2020,TIDAK_COCOK,downloads/Peraturan_ADK_5_Tahun_2020_PEDOMAN_BEKERJA_DARI_RUMAH_WORK_FROM_HOME_SEBAGAI_BENTUK_KEBIJAKAN_PENCEGAHAN_DAN_PENANGANAN_PENYEBARAN_COVID-19_DI_LINGKUNGAN_OTORITAS_JASA_KEUANGAN.pdf
Peraturan_OJK_30_2023.pdf,POJK,30,2023,COCOK,downloads/Peraturan_OJK_30_2023.pdf
Peraturan_ADK_1_Tahun_2017_KEWAJIBAN_MENYAMPAIKAN_LAPORAN_HARTA_KEKAYAAN_PENYELENGGARA_NEGARA_DI_LINGKUNGAN_OTORITAS_JASA_KEUANGAN.pdf,PADK,1,2017,TIDAK_COCOK,downloads/Peraturan_ADK_1_Tahun_2017_KEWAJIBAN_MENYAMPAIKAN_LAPORAN_HARTA_KEKAYAAN_PENYELENGGARA_NEGARA_DI_LINGKUNGAN_OTORITAS_JASA_KEUANGAN.pdf
Peraturan_ADK_5_Tahun_2020_PELANTIKAN_DAN_PENGAMBILAN_SUMPAH_JABATAN_PEMIMPIN_SATUAN_KERJA_DI_OTORITAS_JASA_KEUANGAN.pdf,PADK,5,2020,TIDAK_COCOK,downloads/Peraturan_ADK_5_Tahun_2020_PELANTIKAN_DAN_PENGAMBILAN_SUMPAH_JABATAN_PEMIMPIN_SATUAN_KERJA_DI_OTORITAS_JASA_KEUANGAN.pdf
Peraturan_ADK_5_Tahun_2016_PEDOMAN_PELAKSANAAN_PENILAIAN_KEMAMPUAN_DAN_KEPATUTAN_BAGI_PIHAK_UTAMA_LEMBAGA_JASA_KEUANGAN_NON-BANK.pdf,PADK,5,2016,TIDAK_COCOK,downloads/Peraturan_ADK_5_Tahun_2016_PEDOMAN_PELAKSANAAN_PENILAIAN_KEMAMPUAN_DAN_KEPATUTAN_BAGI_PIHAK_UTAMA_LEMBAGA_JASA_KEUANGAN_NON-BANK.pdf
Peraturan_ADK_4_Tahun_2016_PEDOMAN_AKUNTANSI_OTORITAS_JASA_KEUANGAN.pdf,PADK,4,2016,TIDAK_COCOK,downloads/Peraturan_ADK_4_Tahun_2016_PEDOMAN_AKUNTANSI_OTORITAS_JASA_KEUANGAN.pdf
Peraturan_OJK_76_2017.pdf,POJK,76,2017,COCOK,downloads/Peraturan_OJK_76_2017.pdf
Peraturan_ADK_1_Tahun_2018_PROTOKOL_MANAJEMEN_KRISIS.pdf,PADK,1,2018,TIDAK_COCOK,downloads/Peraturan_ADK_1_Tahun_2018_PROTOKOL_MANAJEMEN_KRISIS.pdf
Peraturan_ADK_12_Tahun_2018_PEDOMAN_PEMERIKSAAN_BERDASARKAN_RISIKO_UNTUK_PEMERIKSAAN_RISIKO_IMBAL_HASIL.pdf,PADK,12,2018,TIDAK_COCOK,downloads/Peraturan_ADK_12_Tahun_2018_PEDOMAN_PEMERIKSAAN_BERDASARKAN_RISIKO_UNTUK_PEMERIKSAAN_RISIKO_IMBAL_HASIL.pdf
Peraturan_Bank_Indonesia_1_Tahun_2016_PENCABUTAN_IZIN_USAHA_PT._BANK_PERKREDITAN_RAKYAT_AGRA_ARTHAKA_MULYA.pdf,PBI,1,2016,TIDAK_COCOK,downloads/Peraturan_Bank_Indonesia_1_Tahun_2016_PENCABUTAN_IZIN_USAHA_PT._BANK_PERKREDITAN_RAKYAT_AGRA_ARTHAKA_MULYA.pdf
PADK_201_20Tahun_202026_20Penyelenggaraan_20Teknologi_20Informasi_20oleh_20Bank_20Umum.pdf,PADK,1,2026,COCOK,downloads/PADK_201_20Tahun_202026_20Penyelenggaraan_20Teknologi_20Informasi_20oleh_20Bank_20Umum.pdf
FAQ_20SEOJK_2011-SEOJK05-2025_20Bentuk_20dan_20Susunan_20Laporan_20Berkala_20Dana_20Pensiun.pdf,,11,2025,TIDAK_COCOK,downloads/FAQ_20SEOJK_2011-SEOJK05-2025_20Bentuk_20dan_20Susunan_20Laporan_20Berkala_20Dana_20Pensiun.pdf
Peraturan_OJK_68_2017.pdf,POJK,68,2017,COCOK,downloads/Peraturan_OJK_68_2017.pdf
Surat_Edaran_OJK_4_2018.pdf,SEOJK,4,2018,COCOK,downloads/Surat_Edaran_OJK_4_2018.pdf
Peraturan_ADK_2_Tahun_2025_PEDOMAN_PELAKSANAAN_PENGENDALIAN_KUALITAS_PENGAWASAN_INOVASI_TEKNOLOGI_SEKTOR_KEUANGAN_ASET_KEUANGAN_DIGITAL_DAN_ASET_KRIPTO.pdf,PADK,2,2025,TIDAK_COCOK,downloads/Peraturan_ADK_2_Tahun_2025_PEDOMAN_PELAKSANAAN_PENGENDALIAN_KUALITAS_PENGAWASAN_INOVASI_TEKNOLOGI_SEKTOR_KEUANGAN_ASET_KEUANGAN_DIGITAL_DAN_ASET_KRIPTO.pdf
Surat_Edaran_OJK_26_2017.pdf,SEOJK,26,2017,COCOK,downloads/Surat_Edaran_OJK_26_2017.pdf
Peraturan_OJK_43_2015.pdf,POJK,43,2015,COCOK,downloads/Peraturan_OJK_43_2015.pdf
Surat_Edaran_OJK_33_2021.pdf,SEOJK,33,2021,COCOK,downloads/Surat_Edaran_OJK_33_2021.pdf
Peraturan_ADK_4_Tahun_2013_PERUBAHAN_ATAS_SURAT_EDARAN_DEWAN_KOMISIONER_OTORITAS_JASA_KEUANGAN_NOMOR_4_SEDK.02_2013_TANGGAL_31_JANUARI_2013_TENTANG_TATA_CARA_REVISI_ANGGARAN_OTORITAS_JASA_KEUANGAN.pdf,PADK,4,2013,TIDAK_COCOK,downloads/Peraturan_ADK_4_Tahun_2013_PERUBAHAN_ATAS_SURAT_EDARAN_DEWAN_KOMISIONER_OTORITAS_JASA_KEUANGAN_NOMOR_4_SEDK.02_2013_TANGGAL_31_JANUARI_2013_TENTANG_TATA_CARA_REVISI_ANGGARAN_OTORITAS_JASA_KEUANGAN.pdf
Peraturan_OJK_21_2016.pdf,POJK,21,2016,COCOK,downloads/Peraturan_OJK_21_2016.pdf
Peraturan_ADK_1_Tahun_2021_PERUBAHAN_KEDUA_ATAS_SURAT_EDARAN_DEWAN_KOMISIONER_OTORITAS_JASA_KEUANGAN_NOMOR_13_SEDK.01_2018_TENTANG_PEDOMAN_PENGGUNAAN_VENDOR_MANAGEMENT_SYSTEM_OTORITAS_JASA_KEUANGAN.pdf,PADK,1,2021,TIDAK_COCOK,downloads/Peraturan_ADK_1_Tahun_2021_PERUBAHAN_KEDUA_ATAS_SURAT_EDARAN_DEWAN_KOMISIONER_OTORITAS_JASA_KEUANGAN_NOMOR_13_SEDK.01_2018_TENTANG_PEDOMAN_PENGGUNAAN_VENDOR_MANAGEMENT_SYSTEM_OTORITAS_JASA_KEUANGAN.pdf
Peraturan_OJK_15_2021.pdf,POJK,15,2021,COCOK,downloads/Peraturan_OJK_15_2021.pdf
FAQ_20POJK_2024_20Tahun_202024_20Kualitas_20Aset_20Bank_20Perekonomian_20Rakyat_20Syariah.pdf,,24,2024,TIDAK_COCOK,downloads/FAQ_20POJK_2024_20Tahun_202024_20Kualitas_20Aset_20Bank_20Perekonomian_20Rakyat_20Syariah.pdf
Peraturan_OJK_2_2025.pdf,POJK,2,2025,COCOK,downloads/Peraturan_OJK_2_2025.pdf
Peraturan_OJK_53_2020.pdf,POJK,53,2020,COCOK,downloads/Peraturan_OJK_53_2020.pdf
Peraturan_OJK_36_2015.pdf,POJK,36,2015,COCOK,downloads/Peraturan_OJK_36_2015.pdf
Surat_Edaran_OJK_14_2018.pdf,SEOJK,14,2018,COCOK,downloads/Surat_Edaran_OJK_14_2018.pdf
Peraturan_OJK_15_2015.pdf,POJK,15,2015,COCOK,downloads/Peraturan_OJK_15_2015.pdf
Peraturan_Bapepam.pdf,,,,TIDAK_COCOK,downloads/Peraturan_Bapepam.pdf
Surat_Edaran_OJK_46_2016.pdf,SEOJK,46,2016,COCOK,downloads/Surat_Edaran_OJK_46_2016.pdf
Peraturan_OJK_21_2015.pdf,POJK,21,2015,COCOK,downloads/Peraturan_OJK_21_2015.pdf
Peraturan_OJK_21_2019.pdf,POJK,21,2019,COCOK,downloads/Peraturan_OJK_21_2019.pdf
Surat_Edaran_OJK_22_2021.pdf,SEOJK,22,2021,COCOK,downloads/Surat_Edaran_OJK_22_2021.pdf
Peraturan_ADK_2_Tahun_2013_PERUBAHAN_ATAS_PERATURAN_DEWAN_KOMISIONER_OTORITAS_JASA_KEUANGAN_NOMOR_01_11_PDK_XII_2012_TENTANG_TATA_NASKAH_DINAS_OTORITAS_JASA_KEUANGAN.pdf,PADK,2,2013,TIDAK_COCOK,downloads/Peraturan_ADK_2_Tahun_2013_PERUBAHAN_ATAS_PERATURAN_DEWAN_KOMISIONER_OTORITAS_JASA_KEUANGAN_NOMOR_01_11_PDK_XII_2012_TENTANG_TATA_NASKAH_DINAS_OTORITAS_JASA_KEUANGAN.pdf
Peraturan_ADK_19_Tahun_2013_PEMBENTUKAN_KOMITE_SDM_ORGANISASI_DAN_REMUNERASI_DI_OTORITAS_JASA_KEUANGAN.pdf,PADK,19,2013,TIDAK_COCOK,downloads/Peraturan_ADK_19_Tahun_2013_PEMBENTUKAN_KOMITE_SDM_ORGANISASI_DAN_REMUNERASI_DI_OTORITAS_JASA_KEUANGAN.pdf
Peraturan_ADK_3_Tahun_2018_PENILAIAN_KINERJA_PEGAWAI_OTORITAS_JASA_KEUANGAN.pdf,PADK,3,2018,TIDAK_COCOK,downloads/Peraturan_ADK_3_Tahun_2018_PENILAIAN_KINERJA_PEGAWAI_OTORITAS_JASA_KEUANGAN.pdf
Peraturan_OJK_9_2021.pdf,POJK,9,2021,COCOK,downloads/Peraturan_OJK_9_2021.pdf
Peraturan_ADK_34_Tahun_2013_PERKAWINAN_PEGAWAI_DAN_ANAK_TANGGUNGAN_OTORITAS_JASA_KEUANGAN.pdf,PADK,34,2013,TIDAK_COCOK,downloads/Peraturan_ADK_34_Tahun_2013_PERKAWINAN_PEGAWAI_DAN_ANAK_TANGGUNGAN_OTORITAS_JASA_KEUANGAN.pdf
POJK_2040_20Tahun_202025_20Penggunaan_20Dana_20Hasil_20Penawaran_20Umum.pdf,POJK,40,2025,COCOK,downloads/POJK_2040_20Tahun_202025_20Penggunaan_20Dana_20Hasil_20Penawaran_20Umum.pdf
Peraturan_ADK_03_Tahun_2021_PEMERIKSAAN_KHUSUS_DUGAAN_TINDAK_PIDANA_PADA_LEMBAGA_JASA_KEUANGAN_NONBANK_SEDK_PEMERIKSAAN_KHUSUS_LJKNB.pdf,PADK,3,2021,TIDAK_COCOK,downloads/Peraturan_ADK_03_Tahun_2021_PEMERIKSAAN_KHUSUS_DUGAAN_TINDAK_PIDANA_PADA_LEMBAGA_JASA_KEUANGAN_NONBANK_SEDK_PEMERIKSAAN_KHUSUS_LJKNB.pdf
Peraturan_ADK_11_Tahun_2013_PEDOMAN_AKUNTANSI_OTORITAS_JASA_KEUANGAN.pdf,PADK,11,2013,TIDAK_COCOK,downloads/Peraturan_ADK_11_Tahun_2013_PEDOMAN_AKUNTANSI_OTORITAS_JASA_KEUANGAN.pdf
Peraturan_ADK_4_Tahun_2020_MANAJEMEN_LAYANAN_SISTEM_INFORMASI_OTORITAS_JASA_KEUANGAN.pdf,PADK,4,2020,TIDAK_COCOK,downloads/Peraturan_ADK_4_Tahun_2020_MANAJEMEN_LAYANAN_SISTEM_INFORMASI_OTORITAS_JASA_KEUANGAN.pdf
POJK_2031_20Tahun_202025_20Penerapan_20Tata_20Kelola_20Bursa_20Efek_20Lembaga_20Kliring_20dan_20Penjaminan_20serta_20Lembaga_20Penyimpanan_20dan_20Penyelesaian.pdf,POJK,31,2025,COCOK,downloads/POJK_2031_20Tahun_202025_20Penerapan_20Tata_20Kelola_20Bursa_20Efek_20Lembaga_20Kliring_20dan_20Penjaminan_20serta_20Lembaga_20Penyimpanan_20dan_20Penyelesaian.pdf
Peraturan_ADK_21_Tahun_2011_SISTEM_PELAPORAN_PELANGGARAN_DI_OTORITAS_JASA_KEUANGAN.pdf,PADK,21,2011,TIDAK_COCOK,downloads/Peraturan_ADK_21_Tahun_2011_SISTEM_PELAPORAN_PELANGGARAN_DI_OTORITAS_JASA_KEUANGAN.pdf
Peraturan_OJK_3_2026.pdf,POJK,3,2026,COCOK,downloads/Peraturan_OJK_3_2026.pdf
Abstrak_20POJK_2042_20Tahun_202024_20Penerapan_20Manajemen_20Risiko_20bagi_20Lembaga_20Pembiayaan_20PMV_20LKM_20LJK_20Lainnya.pdf,,42,2024,TIDAK_COCOK,downloads/Abstrak_20POJK_2042_20Tahun_202024_20Penerapan_20Manajemen_20Risiko_20bagi_20Lembaga_20Pembiayaan_20PMV_20LKM_20LJK_20Lainnya.pdf
FAQ_20POJK_2039_20Tahun_202024_20Pergadaian.pdf,,39,2024,TIDAK_COCOK,downloads/FAQ_20POJK_2039_20Tahun_202024_20Pergadaian.pdf
Peraturan_OJK_57_2016.pdf,POJK,57,2016,COCOK,downloads/Peraturan_OJK_57_2016.pdf
Peraturan_OJK_32_2014.pdf,POJK,32,2014,COCOK,downloads/Peraturan_OJK_32_2014.pdf
Abstrak_20POJK_202_20Tahun_202024_20Penerapan_20Tata_20Kelola_20Syariah_20Bagi_20Bank_20Umum_20Syariah_20dan_20Unit_20Usaha_20Syariah.pdf,,2,2024,TIDAK_COCOK,downloads/Abstrak_20POJK_202_20Tahun_202024_20Penerapan_20Tata_20Kelola_20Syariah_20Bagi_20Bank_20Umum_20Syariah_20dan_20Unit_20Usaha_20Syariah.pdf
Peraturan_ADK_3_Tahun_2020_PEDOMAN_PENETAPAN_LEMBAGA_JASA_KEUANGAN_NONBANK_UTAMA.pdf,PADK,3,2020,TIDAK_COCOK,downloads/Peraturan_ADK_3_Tahun_2020_PEDOMAN_PENETAPAN_LEMBAGA_JASA_KEUANGAN_NONBANK_UTAMA.pdf
Surat_Edaran_OJK_3_2015.pdf,SEOJK,3,2015,TIDAK_COCOK,downloads/Surat_Edaran_OJK_3_2015.pdf
Peraturan_ADK_1_Tahun_2023_PEDOMAN_FUNGSI_AUDIT_INTERNAL_DI_OTORITAS_JASA_KEUANGAN.pdf,PADK,1,2023,TIDAK_COCOK,downloads/Peraturan_ADK_1_Tahun_2023_PEDOMAN_FUNGSI_AUDIT_INTERNAL_DI_OTORITAS_JASA_KEUANGAN.pdf
Peraturan_ADK_12_Tahun_2013_AKUNTANSI_ASET_TETAP_DAN_ASET_TAK_BERWUJUD.pdf,PADK,12,2013,TIDAK_COCOK,downloads/Peraturan_ADK_12_Tahun_2013_AKUNTANSI_ASET_TETAP_DAN_ASET_TAK_BERWUJUD.pdf
Peraturan_ADK_3_Tahun_2017_PEDOMAN_PERIZINAN_DAN_PENGAWASAN_PRODUK_DAN_AKTIVITAS_BANK_UMUM_SYARIAH_DAN_UNIT_USAHA_SYARIAH.pdf,PADK,3,2017,TIDAK_COCOK,downloads/Peraturan_ADK_3_Tahun_2017_PEDOMAN_PERIZINAN_DAN_PENGAWASAN_PRODUK_DAN_AKTIVITAS_BANK_UMUM_SYARIAH_DAN_UNIT_USAHA_SYARIAH.pdf
Peraturan_ADK_11_Tahun_2020_PERUBAHAN_ATAS_SURAT_EDARAN_DEWAN_KOMISIONER_OTORITAS_JASA_KEUANGAN_NOMOR_10_SEDK.01_2019_TENTANG_PETUNJUK_TEKNIS_PENYEDIAAN_PERSIL_DAN_ATAU_BANGUNAN_OTORITAS_JASA_KEUANGAN.pdf,PADK,11,2020,TIDAK_COCOK,downloads/Peraturan_ADK_11_Tahun_2020_PERUBAHAN_ATAS_SURAT_EDARAN_DEWAN_KOMISIONER_OTORITAS_JASA_KEUANGAN_NOMOR_10_SEDK.01_2019_TENTANG_PETUNJUK_TEKNIS_PENYEDIAAN_PERSIL_DAN_ATAU_BANGUNAN_OTORITAS_JASA_KEUANGAN.pdf
Peraturan_ADK_2_Tahun_2013_STANDAR_MANAJEMEN_RISIKO_OTORITAS_JASA_KEUANGAN.pdf,PADK,2,2013,TIDAK_COCOK,downloads/Peraturan_ADK_2_Tahun_2013_STANDAR_MANAJEMEN_RISIKO_OTORITAS_JASA_KEUANGAN.pdf
21_Tahun_2011_PEMBENTUKAN_TIM_PERCEPATAN_PENYIAPAN_GEDUNG_KANTOR_PUSAT_KANTOR_REGIONAL_DAN_KANTOR_OTORITAS_JASA_KEUANGAN.pdf,,21,2011,TIDAK_COCOK,downloads/21_Tahun_2011_PEMBENTUKAN_TIM_PERCEPATAN_PENYIAPAN_GEDUNG_KANTOR_PUSAT_KANTOR_REGIONAL_DAN_KANTOR_OTORITAS_JASA_KEUANGAN.pdf
Peraturan_OJK_15_2020.pdf,POJK,15,2020,COCOK,downloads/Peraturan_OJK_15_2020.pdf
FAQ_20POJK_2014_20Tahun_202025_20Pelaksanaan_20Rapat_20Umum_20Pemegang_20Saham_20Rapat_20Umum_20Pemegang_20Obligasi_20dan_20Rapat_20Umum_20Pemegang_20Sukuk_20Secara_20Elektronik.pdf,,14,2025,TIDAK_COCOK,downloads/FAQ_20POJK_2014_20Tahun_202025_20Pelaksanaan_20Rapat_20Umum_20Pemegang_20Saham_20Rapat_20Umum_20Pemegang_20Obligasi_20dan_20Rapat_20Umum_20Pemegang_20Sukuk_20Secara_20Elektronik.pdf
Peraturan_ADK_12_Tahun_2013_MUTASI_ADVISOR_DI_OTORITAS_JASA_KEUANGAN.pdf,PADK,12,2013,TIDAK_COCOK,downloads/Peraturan_ADK_12_Tahun_2013_MUTASI_ADVISOR_DI_OTORITAS_JASA_KEUANGAN.pdf
Peraturan_OJK_18_2016.pdf,POJK,18,2016,COCOK,downloads/Peraturan_OJK_18_2016.pdf
Peraturan_ADK_1_Tahun_2025_PEDOMAN_PEMERIKSAAN_PERUSAHAAN_EFEK_YANG_MELAKUKAN_KEGIATAN_USAHA_SEBAGAI_PENJAMIN_EMISI_EFEK_DAN_ATAU_PERANTARA_PEDAGANG_EFEK_DI_WILAYAH_KANTOR_OTORITAS_JASA_KEUANGAN_DAERAH.pdf,PADK,1,2025,TIDAK_COCOK,downloads/Peraturan_ADK_1_Tahun_2025_PEDOMAN_PEMERIKSAAN_PERUSAHAAN_EFEK_YANG_MELAKUKAN_KEGIATAN_USAHA_SEBAGAI_PENJAMIN_EMISI_EFEK_DAN_ATAU_PERANTARA_PEDAGANG_EFEK_DI_WILAYAH_KANTOR_OTORITAS_JASA_KEUANGAN_DAERAH.pdf
Surat_Edaran_OJK_17_2015.pdf,SEOJK,17,2015,COCOK,downloads/Surat_Edaran_OJK_17_2015.pdf
Peraturan_ADK_1_Tahun_2024_PEDOMAN_PEMAHAMAN_TERHADAP_BANK_PEREKONOMIAN_RAKYAT_DAN_BANK_PEREKONOMIAN_SYARIAH_POKOK_POKOK_PENGATURAN_SEDK_PEMAHAMAN_BPR_DAN_BPRS.pdf,PADK,1,2024,TIDAK_COCOK,downloads/Peraturan_ADK_1_Tahun_2024_PEDOMAN_PEMAHAMAN_TERHADAP_BANK_PEREKONOMIAN_RAKYAT_DAN_BANK_PEREKONOMIAN_SYARIAH_POKOK_POKOK_PENGATURAN_SEDK_PEMAHAMAN_BPR_DAN_BPRS.pdf
Peraturan_ADK_23_Tahun_2017_PEDOMAN_PENETAPAN_BANK_DARI_INDONESIA_SEBAGAI_KANDIDAT_QUALIFIED_ASEAN_BANK_DAN_BANK_DARI_NEGARA_ASEAN_SEBAGAI_QUALIFIED_ASEAN_BANK.pdf,PADK,23,2017,TIDAK_COCOK,downloads/Peraturan_ADK_23_Tahun_2017_PEDOMAN_PENETAPAN_BANK_DARI_INDONESIA_SEBAGAI_KANDIDAT_QUALIFIED_ASEAN_BANK_DAN_BANK_DARI_NEGARA_ASEAN_SEBAGAI_QUALIFIED_ASEAN_BANK.pdf
Peraturan_OJK_62_2016.pdf,POJK,62,2016,COCOK,downloads/Peraturan_OJK_62_2016.pdf
Peraturan_ADK_28_Tahun_2014_ORGANISASI_DEPUTI_KOMISIONER_PENGAWAS_PERBANKAN_IV.pdf,PADK,28,2014,TIDAK_COCOK,downloads/Peraturan_ADK_28_Tahun_2014_ORGANISASI_DEPUTI_KOMISIONER_PENGAWAS_PERBANKAN_IV.pdf
Peraturan_ADK_5_Tahun_2024_PEDOMAN_PENGAWASAN_TERKAIT_RENCANA_AKSI_PEMULIHAN.pdf,PADK,5,2024,TIDAK_COCOK,downloads/Peraturan_ADK_5_Tahun_2024_PEDOMAN_PENGAWASAN_TERKAIT_RENCANA_AKSI_PEMULIHAN.pdf
Peraturan_OJK_45_1995.pdf,POJK,45,1995,TIDAK_COCOK,downloads/Peraturan_OJK_45_1995.pdf
Peraturan_ADK_1_Tahun_2023_PENGELOLAAN_DATA_TERINTEGRASI_DI_OTORITAS_JASA_KEUANGAN.pdf,PADK,1,2023,TIDAK_COCOK,downloads/Peraturan_ADK_1_Tahun_2023_PENGELOLAAN_DATA_TERINTEGRASI_DI_OTORITAS_JASA_KEUANGAN.pdf
9995b882-d848-f6d7-2432-239c9602d77e.pdf,,2432,,TIDAK_COCOK,downloads/9995b882-d848-f6d7-2432-239c9602d77e.pdf
Peraturan_OJK_29_2016.pdf,POJK,29,2016,TIDAK_COCOK,downloads/Peraturan_OJK_29_2016.pdf
Peraturan_ADK_12_Tahun_2014_PENETAPAN_DAN_PENGANGKATAN_PEGAWAI_PROMOSI_DAN_MUTASI_KE_LEVEL_JABATAN_DEPUTI_KOMISIONER_DI_LINGKUNGAN_OTORITAS_JASA_KEUANGAN.pdf,PADK,12,2014,TIDAK_COCOK,downloads/Peraturan_ADK_12_Tahun_2014_PENETAPAN_DAN_PENGANGKATAN_PEGAWAI_PROMOSI_DAN_MUTASI_KE_LEVEL_JABATAN_DEPUTI_KOMISIONER_DI_LINGKUNGAN_OTORITAS_JASA_KEUANGAN.pdf
Peraturan_OJK_19_2019.pdf,POJK,19,2019,COCOK,downloads/Peraturan_OJK_19_2019.pdf
Peraturan_ADK_2_Tahun_2015_PENERAPAN_ASURANS_TERKOMBINASI_COMBINED_ASSURANCE_DI_OTORITAS_JASA_KEUANGAN.pdf,PADK,2,2015,TIDAK_COCOK,downloads/Peraturan_ADK_2_Tahun_2015_PENERAPAN_ASURANS_TERKOMBINASI_COMBINED_ASSURANCE_DI_OTORITAS_JASA_KEUANGAN.pdf
21_Tahun_2011_PENETAPAN_DAN_PENGANGKATAN_PEJABAT_BANK_INDONESIA_DALAM_RANGKA_PENUGASAN_DI_OTORITAS_JASA_KEUANGAN.pdf,,21,2011,TIDAK_COCOK,downloads/21_Tahun_2011_PENETAPAN_DAN_PENGANGKATAN_PEJABAT_BANK_INDONESIA_DALAM_RANGKA_PENUGASAN_DI_OTORITAS_JASA_KEUANGAN.pdf
SEOJK_208-SEOJK.07-2024_20Asosiasi_20Penyelenggara_20Inovasi_20Teknologi_20Sektor_20Keuangan.pdf,SEOJK,8,2024,COCOK,downloads/SEOJK_208-SEOJK.07-2024_20Asosiasi_20Penyelenggara_20Inovasi_20Teknologi_20Sektor_20Keuangan.pdf
Abstrak_20SEOJK_2022-SEOJK.06-2025_20Laporan_20Bulanan_20Lembaga_20Jasa_20Keuangan_20Penyelenggara_20Kegiatan_20Usaha_20Bulion.pdf,,22,2025,TIDAK_COCOK,downloads/Abstrak_20SEOJK_2022-SEOJK.06-2025_20Laporan_20Bulanan_20Lembaga_20Jasa_20Keuangan_20Penyelenggara_20Kegiatan_20Usaha_20Bulion.pdf
Surat_Edaran_OJK_22_2015.pdf,SEOJK,22,2015,COCOK,downloads/Surat_Edaran_OJK_22_2015.pdf
Peraturan_OJK_34_2025.pdf,POJK,34,2025,COCOK,downloads/Peraturan_OJK_34_2025.pdf
Peraturan_OJK_7_2018.pdf,POJK,7,2018,COCOK,downloads/Peraturan_OJK_7_2018.pdf
Surat_Edaran_OJK_18_2020.pdf,SEOJK,18,2020,COCOK,downloads/Surat_Edaran_OJK_18_2020.pdf
Peraturan_ADK_6_Tahun_2014_STANDAR_FASILITAS_DAN_PENGELOLAAN_KENDARAAN_DINAS_OPERASIONAL_BAGI_SATUAN_KERJA_OTORITAS_JASA_KEUANGAN.pdf,PADK,6,2014,TIDAK_COCOK,downloads/Peraturan_ADK_6_Tahun_2014_STANDAR_FASILITAS_DAN_PENGELOLAAN_KENDARAAN_DINAS_OPERASIONAL_BAGI_SATUAN_KERJA_OTORITAS_JASA_KEUANGAN.pdf
Peraturan_ADK_1_Tahun_2021_PEDOMAN_TEKNIS_TATA_CARA_PEMERIKSAAN_LANGSUNG_PERUSAHAAN_PERASURANSIAN_LEMBAGA_PENJAMIN_DAN_DANA_PENSIUN.pdf,PADK,1,2021,TIDAK_COCOK,downloads/Peraturan_ADK_1_Tahun_2021_PEDOMAN_TEKNIS_TATA_CARA_PEMERIKSAAN_LANGSUNG_PERUSAHAAN_PERASURANSIAN_LEMBAGA_PENJAMIN_DAN_DANA_PENSIUN.pdf
Surat_Edaran_OJK_12_2018.pdf,SEOJK,12,2018,COCOK,downloads/Surat_Edaran_OJK_12_2018.pdf
SEBI_23-22-BPPP-1991_Tindak_Lanjut_Pelaksanaan_Pengawasan_dan_Pembinaan_Bank_1991.pdf,,23,1991,TIDAK_COCOK,downloads/SEBI_23-22-BPPP-1991_Tindak_Lanjut_Pelaksanaan_Pengawasan_dan_Pembinaan_Bank_1991.pdf
Surat_Edaran_OJK_5_2025.pdf,SEOJK,5,2025,COCOK,downloads/Surat_Edaran_OJK_5_2025.pdf
Peraturan_ADK_4_Tahun_2021_PEDOMAN_PENGAWASAN_RENCANA_BISNIS_BANK_UMUM.pdf,PADK,4,2021,TIDAK_COCOK,downloads/Peraturan_ADK_4_Tahun_2021_PEDOMAN_PENGAWASAN_RENCANA_BISNIS_BANK_UMUM.pdf
FAQ_20SEOJK_2013-SEOJK.08-2024_20Penyusunan_20dan_20Penyampaian_20Laporan_20Rencana_20dan_20Laporan_20Realisasi_20Literasi_20Keuangan_20dan_20Inklusi_20Keuangan.pdf,,13,2024,TIDAK_COCOK,downloads/FAQ_20SEOJK_2013-SEOJK.08-2024_20Penyusunan_20dan_20Penyampaian_20Laporan_20Rencana_20dan_20Laporan_20Realisasi_20Literasi_20Keuangan_20dan_20Inklusi_20Keuangan.pdf
Peraturan_ADK_Tahun_PEDOMAN_PELAKSANAAN_PENILAIAN_KEMAMPUAN_DAN_KEPATUTAN_CALON_PEMEGANG_SAHAM_PENGENDALI_CALON_ANGGOTA_DIREKSI_DAN_CALON_ANGGOTA_DEWAN_KOMISARIS_BANK_UMUM.pdf,PADK,,,TIDAK_COCOK,downloads/Peraturan_ADK_Tahun_PEDOMAN_PELAKSANAAN_PENILAIAN_KEMAMPUAN_DAN_KEPATUTAN_CALON_PEMEGANG_SAHAM_PENGENDALI_CALON_ANGGOTA_DIREKSI_DAN_CALON_ANGGOTA_DEWAN_KOMISARIS_BANK_UMUM.pdf
Peraturan_ADK_Tahun_TATA_CARA_PELAKSANAAN_PERJALANAN_DINAS_OTORITAS_JASA_KEUANGAN.pdf,PADK,,,TIDAK_COCOK,downloads/Peraturan_ADK_Tahun_TATA_CARA_PELAKSANAAN_PERJALANAN_DINAS_OTORITAS_JASA_KEUANGAN.pdf
Abstrak_20SEOJK_2031-SEOJK03-2025_20Pelaporan_20Bank_20Umum_20Konvensional_20Melalui_20Sistem_20Pelaporan_20Otoritas_20Jasa_20Keuangan.pdf,,31,2025,TIDAK_COCOK,downloads/Abstrak_20SEOJK_2031-SEOJK03-2025_20Pelaporan_20Bank_20Umum_20Konvensional_20Melalui_20Sistem_20Pelaporan_20Otoritas_20Jasa_20Keuangan.pdf
Peraturan_OJK_51_2017.pdf,POJK,51,2017,COCOK,downloads/Peraturan_OJK_51_2017.pdf
Abstrak_20POJK_2018_20Tahun_202024_20Penyedia_20Likuiditas.pdf,,18,2024,TIDAK_COCOK,downloads/Abstrak_20POJK_2018_20Tahun_202024_20Penyedia_20Likuiditas.pdf
Peraturan_Bapepam_2_1992.pdf,,2,1992,TIDAK_COCOK,downloads/Peraturan_Bapepam_2_1992.pdf
Peraturan_OJK_18_2021.pdf,POJK,18,2021,COCOK,downloads/Peraturan_OJK_18_2021.pdf
Peraturan_ADK_26_Tahun_2014_TENTANG_TATA_CARA_PENCAIRAN_DAN_PERTANGGUNGJAWABAN_DANA_OTORITAS_JASA_KEUANGAN.pdf,PADK,26,2014,TIDAK_COCOK,downloads/Peraturan_ADK_26_Tahun_2014_TENTANG_TATA_CARA_PENCAIRAN_DAN_PERTANGGUNGJAWABAN_DANA_OTORITAS_JASA_KEUANGAN.pdf
Peraturan_ADK_Tahun_PELAKSANAAN_KEGIATAN_DI_LINGKUNGAN_MANAJEMEN_STRATEGIS_IIA_DAN_MANAJEMEN_STRATEGIS_IIB.pdf,PADK,,,TIDAK_COCOK,downloads/Peraturan_ADK_Tahun_PELAKSANAAN_KEGIATAN_DI_LINGKUNGAN_MANAJEMEN_STRATEGIS_IIA_DAN_MANAJEMEN_STRATEGIS_IIB.pdf
Abstrak_20SEOJK_203-SEOJK.04-2025_20Pedoman_20Perlakuan_20Akuntansi_20Perusahaan_20Efek.pdf,,3,2025,TIDAK_COCOK,downloads/Abstrak_20SEOJK_203-SEOJK.04-2025_20Pedoman_20Perlakuan_20Akuntansi_20Perusahaan_20Efek.pdf
Surat_Edaran_OJK_9_2020.pdf,SEOJK,9,2020,COCOK,downloads/Surat_Edaran_OJK_9_2020.pdf
Lampiran_20RPOJK_20Penyelenggaraan_20Structured_20Product_20oleh_20Bank_20Umum_20_28RPOJK_20SP_29.pdf,,,,TIDAK_COCOK,downloads/Lampiran_20RPOJK_20Penyelenggaraan_20Structured_20Product_20oleh_20Bank_20Umum_20_28RPOJK_20SP_29.pdf
Peraturan_ADK_Tahun_PEDOMAN_PENGELOLAAN_ARSIP_DI_LINGKUNGAN_OTORITAS_JASA_KEUANGAN.pdf,PADK,,,TIDAK_COCOK,downloads/Peraturan_ADK_Tahun_PEDOMAN_PENGELOLAAN_ARSIP_DI_LINGKUNGAN_OTORITAS_JASA_KEUANGAN.pdf
Peraturan_Pemerintah_Pengganti_UU_1_2020.pdf,,1,2020,TIDAK_COCOK,downloads/Peraturan_Pemerintah_Pengganti_UU_1_2020.pdf
Peraturan_ADK_Tahun_MANAJEMEN_KELANGSUNGAN_BISNIS_OTORITAS_JASA_KEUANGAN.pdf,PADK,,,TIDAK_COCOK,downloads/Peraturan_ADK_Tahun_MANAJEMEN_KELANGSUNGAN_BISNIS_OTORITAS_JASA_KEUANGAN.pdf
Abstrak_20SEOJK_2019-SEOJK.06-2024_20Penilaian_20Tingkat_20Kesehatan_20Perusahaan_20Modal_20Ventura_20dan_20Perusahaan_20Modal_20Ventura_20Syariah.pdf,,19,2024,TIDAK_COCOK,downloads/Abstrak_20SEOJK_2019-SEOJK.06-2024_20Penilaian_20Tingkat_20Kesehatan_20Perusahaan_20Modal_20Ventura_20dan_20Perusahaan_20Modal_20Ventura_20Syariah.pdf
FAQ_20SEOJK_2019-SEOJK.06-2024_20Penilaian_20Tingkat_20Kesehatan_20Perusahaan_20Modal_20Ventura_20dan_20Perusahaan_20Modal_20Ventura_20Syariah.pdf,,19,2024,TIDAK_COCOK,downloads/FAQ_20SEOJK_2019-SEOJK.06-2024_20Penilaian_20Tingkat_20Kesehatan_20Perusahaan_20Modal_20Ventura_20dan_20Perusahaan_20Modal_20Ventura_20Syariah.pdf
Peraturan_OJK_25_2019.pdf,POJK,25,2019,COCOK,downloads/Peraturan_OJK_25_2019.pdf
Surat_Edaran_OJK_1_2021.pdf,SEOJK,1,2021,COCOK,downloads/Surat_Edaran_OJK_1_2021.pdf
SEOJK_2023-SEOJK05-2024_20Bentuk_20dan_20Susunan_20Laporan_20Berkala_20Perusahaan_20Asuransi_20dan_20Perusahaan_20Reasuransi.pdf,SEOJK,23,2024,TIDAK_COCOK,downloads/SEOJK_2023-SEOJK05-2024_20Bentuk_20dan_20Susunan_20Laporan_20Berkala_20Perusahaan_20Asuransi_20dan_20Perusahaan_20Reasuransi.pdf
Surat_Edaran_OJK_24_2025.pdf,SEOJK,24,2025,COCOK,downloads/Surat_Edaran_OJK_24_2025.pdf
Surat_Edaran_OJK_20_2019.pdf,SEOJK,20,2019,TIDAK_COCOK,downloads/Surat_Edaran_OJK_20_2019.pdf
Peraturan_ADK_5_Tahun_2021_TATA_CARA_PENGELOLAAN_ANGGARAN_OTORITAS_JASA_KEUANGAN.pdf,PADK,5,2021,TIDAK_COCOK,downloads/Peraturan_ADK_5_Tahun_2021_TATA_CARA_PENGELOLAAN_ANGGARAN_OTORITAS_JASA_KEUANGAN.pdf
Peraturan_ADK_8_Tahun_2025_PERUBAHAN_ATAS_PERATURAN_DEWAN_KOMISIONER_OTORITAS_JASA_KEUANGAN_NOMOR_3_PDK.02_2025_TENTANG_SISTEM_KEPANGKATAN_DI_OTORITAS_JASA_KEUANGAN.pdf,PADK,8,2025,TIDAK_COCOK,downloads/Peraturan_ADK_8_Tahun_2025_PERUBAHAN_ATAS_PERATURAN_DEWAN_KOMISIONER_OTORITAS_JASA_KEUANGAN_NOMOR_3_PDK.02_2025_TENTANG_SISTEM_KEPANGKATAN_DI_OTORITAS_JASA_KEUANGAN.pdf
Peraturan_ADK_1_Tahun_2025_PEDOMAN_PELAKSANAAN_PENILAIAN_KEMAMPUAN_DAN_KEPATUTAN_BAGI_PIHAK_UTAMA_PADA_BIDANG_INOVASI_TEKNOLOGI_SEKTOR_KEUANGAN_ASET_KEUANGAN_DIGITAL_DAN_ASET_KRIPTO.pdf,PADK,1,2025,TIDAK_COCOK,downloads/Peraturan_ADK_1_Tahun_2025_PEDOMAN_PELAKSANAAN_PENILAIAN_KEMAMPUAN_DAN_KEPATUTAN_BAGI_PIHAK_UTAMA_PADA_BIDANG_INOVASI_TEKNOLOGI_SEKTOR_KEUANGAN_ASET_KEUANGAN_DIGITAL_DAN_ASET_KRIPTO.pdf
Surat_Edaran_OJK_33_2018.pdf,SEOJK,33,2018,TIDAK_COCOK,downloads/Surat_Edaran_OJK_33_2018.pdf
Peraturan_ADK_3_Tahun_2023_PEDOMAN_PELAKSANAAN_ANALITIK_DATA_DATA_ANALYTICS_DALAM_RANGKA_PELAKSANAAN_FUNGSI_AUDIT_INTERNAL_MANAJEMEN_RISIKO_PENGENDALIAN_KUALITAS_DAN_PENEGAKAN_INTEGRITAS_DI_OTORITAS_JASA_KEUANGAN.pdf,PADK,3,2023,TIDAK_COCOK,downloads/Peraturan_ADK_3_Tahun_2023_PEDOMAN_PELAKSANAAN_ANALITIK_DATA_DATA_ANALYTICS_DALAM_RANGKA_PELAKSANAAN_FUNGSI_AUDIT_INTERNAL_MANAJEMEN_RISIKO_PENGENDALIAN_KUALITAS_DAN_PENEGAKAN_INTEGRITAS_DI_OTORITAS_JASA_KEUANGAN.pdf
Peraturan_OJK_1_Tahun_2014_DAFTAR_LEMBAGA_ALTERNATIF_PENYELESAIAN_SENGKETA_DI_SEKTOR_JASA_KEUANGAN.pdf,POJK,1,2014,COCOK,downloads/Peraturan_OJK_1_Tahun_2014_DAFTAR_LEMBAGA_ALTERNATIF_PENYELESAIAN_SENGKETA_DI_SEKTOR_JASA_KEUANGAN.pdf
Surat_Edaran_OJK_39_2016.pdf,SEOJK,39,2016,COCOK,downloads/Surat_Edaran_OJK_39_2016.pdf
Peraturan_ADK_2_Tahun_2016_PROGRAM_MANFAAT_BALIK_TERHADAP_OPERASIONALISASI_LEMBAGA_ALTERNATIF_PENYELESAIAN_SENGKETA_DI_SEKTOR_JASA_KEUANGAN.pdf,PADK,2,2016,TIDAK_COCOK,downloads/Peraturan_ADK_2_Tahun_2016_PROGRAM_MANFAAT_BALIK_TERHADAP_OPERASIONALISASI_LEMBAGA_ALTERNATIF_PENYELESAIAN_SENGKETA_DI_SEKTOR_JASA_KEUANGAN.pdf
Peraturan_ADK_9_Tahun_2021_PEDOMAN_PENGAWASAN_PERUSAHAAN_PEMBIAYAAN_DAN_PERUSAHAAN_PEMBIAYAAN_SYARIAH_BERBASIS_RISIKO.pdf,PADK,9,2021,TIDAK_COCOK,downloads/Peraturan_ADK_9_Tahun_2021_PEDOMAN_PENGAWASAN_PERUSAHAAN_PEMBIAYAAN_DAN_PERUSAHAAN_PEMBIAYAAN_SYARIAH_BERBASIS_RISIKO.pdf
SEOJK_205-SEOJK.07-2024_20Mekanisme_20Ruang_20Uji_20Coba_20dan_20Pengembangan_20Inovasi.pdf,SEOJK,5,2024,COCOK,downloads/SEOJK_205-SEOJK.07-2024_20Mekanisme_20Ruang_20Uji_20Coba_20dan_20Pengembangan_20Inovasi.pdf
Peraturan_ADK_10_Tahun_2017_PERUBAHAN_KEDUA_SURAT_EDARAN_DEWAN_KOMISIONER_OTORITAS_JASA_KEUANGAN_NOMOR_19_SEDK.02_2013_TENTANG_PENILAIAN_KINERJA_PEGAWAI_OTORITAS_JASA_KEUANGAN.pdf,PADK,10,2017,TIDAK_COCOK,downloads/Peraturan_ADK_10_Tahun_2017_PERUBAHAN_KEDUA_SURAT_EDARAN_DEWAN_KOMISIONER_OTORITAS_JASA_KEUANGAN_NOMOR_19_SEDK.02_2013_TENTANG_PENILAIAN_KINERJA_PEGAWAI_OTORITAS_JASA_KEUANGAN.pdf
Peraturan_ADK_22_Tahun_2023_PERUBAHAN_ATAS_SURAT_EDARAN_DEWAN_KOMISIONER_OTORITAS_JASA_KEUANGAN_NOMOR_10_SEDK.02_2023_TENTANG_ORGANISASI_BIDANG_PENGAWASAN_PERILAKU_PELAKU_USAHA_JASA_KEUANGAN_EDUKASI_DAN_PELINDUNGAN_KONSUMEN.pdf,PADK,22,2023,TIDAK_COCOK,downloads/Peraturan_ADK_22_Tahun_2023_PERUBAHAN_ATAS_SURAT_EDARAN_DEWAN_KOMISIONER_OTORITAS_JASA_KEUANGAN_NOMOR_10_SEDK.02_2023_TENTANG_ORGANISASI_BIDANG_PENGAWASAN_PERILAKU_PELAKU_USAHA_JASA_KEUANGAN_EDUKASI_DAN_PELINDUNGAN_KONSUMEN.pdf
42_-_Staatsblad_Tahun_1929_Nomor_357.pdf,,357,1929,TIDAK_COCOK,downloads/42_-_Staatsblad_Tahun_1929_Nomor_357.pdf
Peraturan_OJK_17_2016.pdf,POJK,17,2016,COCOK,downloads/Peraturan_OJK_17_2016.pdf
Peraturan_OJK_1_2021.pdf,POJK,1,2021,COCOK,downloads/Peraturan_OJK_1_2021.pdf
Peraturan_ADK_Tahun_PEDOMAN_BEKERJA_DALAM_MASA_ADAPTASI_KEBIASAAN_BARU_BAGI_PEGAWAI_DI_LINGKUNGAN_OTORITAS_JASA_KEUANGAN.pdf,PADK,,,TIDAK_COCOK,downloads/Peraturan_ADK_Tahun_PEDOMAN_BEKERJA_DALAM_MASA_ADAPTASI_KEBIASAAN_BARU_BAGI_PEGAWAI_DI_LINGKUNGAN_OTORITAS_JASA_KEUANGAN.pdf
Peraturan_ADK_10_Tahun_2023_PEDOMAN_PENGELOLAAN_BARANG_MILIK_OTORITAS_JASA_KEUANGAN_DAN_BARANG_MILIK_PIHAK_LAINNYA_DI_OTORITAS_JASA_KEUANGAN.pdf,PADK,10,2023,TIDAK_COCOK,downloads/Peraturan_ADK_10_Tahun_2023_PEDOMAN_PENGELOLAAN_BARANG_MILIK_OTORITAS_JASA_KEUANGAN_DAN_BARANG_MILIK_PIHAK_LAINNYA_DI_OTORITAS_JASA_KEUANGAN.pdf
Peraturan_ADK_6_Tahun_2017_PENGELOLAAN_INFORMASI_RAHASIA_DI_OTORITAS_JASA_KEUANGAN.pdf,PADK,6,2017,TIDAK_COCOK,downloads/Peraturan_ADK_6_Tahun_2017_PENGELOLAAN_INFORMASI_RAHASIA_DI_OTORITAS_JASA_KEUANGAN.pdf
FAQ_20POJK_2010_20Tahun_202024_20Penerbitan_20dan_20Pelaporan_20Obligasi_20Daerah_20dan_20Sukuk_20Daerah.pdf,,10,2024,TIDAK_COCOK,downloads/FAQ_20POJK_2010_20Tahun_202024_20Penerbitan_20dan_20Pelaporan_20Obligasi_20Daerah_20dan_20Sukuk_20Daerah.pdf
Surat_Edaran_OJK_10_2014.pdf,SEOJK,10,2014,COCOK,downloads/Surat_Edaran_OJK_10_2014.pdf
Surat_Edaran_OJK_48_2017.pdf,SEOJK,48,2017,COCOK,downloads/Surat_Edaran_OJK_48_2017.pdf
Peraturan_OJK_46_2020.pdf,POJK,46,2020,COCOK,downloads/Peraturan_OJK_46_2020.pdf
Peraturan_ADK_12_Tahun_2015_OJK_b._Peraturan_Dewan_Komisioner_Nomor_12_PDK.02_2015_Tentang_Organisasi_OJK_Ditetapkan_di_Jakarta_Salinan_sesuai_dengan_aslinya_pada_tanggal_28_Desember_2016_Direktur_Hukum_1_Ketua_Dewan_Komisioner_Departemen_Hukum_ttd.pdf,PADK,12,2015,TIDAK_COCOK,downloads/Peraturan_ADK_12_Tahun_2015_OJK_b._Peraturan_Dewan_Komisioner_Nomor_12_PDK.02_2015_Tentang_Organisasi_OJK_Ditetapkan_di_Jakarta_Salinan_sesuai_dengan_aslinya_pada_tanggal_28_Desember_2016_Direktur_Hukum_1_Ketua_Dewan_Komisioner_Departemen_Hukum_ttd.pdf
Peraturan_OJK_11_2021.pdf,POJK,11,2021,COCOK,downloads/Peraturan_OJK_11_2021.pdf
Peraturan_ADK_7_Tahun_2022_MEKANISME_KOORDINASI_PEMERIKSAAN_BERSAMA_DUGAAN_TINDAK_PIDANA_DI_SEKTOR_JASA_KEUANGAN.pdf,PADK,7,2022,TIDAK_COCOK,downloads/Peraturan_ADK_7_Tahun_2022_MEKANISME_KOORDINASI_PEMERIKSAAN_BERSAMA_DUGAAN_TINDAK_PIDANA_DI_SEKTOR_JASA_KEUANGAN.pdf
POJK_2030_20Tahun_202024_20Konglomerasi_20Keuangan_20dan_20Perusahaan_20Induk_20Konglomerasi_20Keuangan.pdf,POJK,30,2024,COCOK,downloads/POJK_2030_20Tahun_202024_20Konglomerasi_20Keuangan_20dan_20Perusahaan_20Induk_20Konglomerasi_20Keuangan.pdf
FAQ_20POJK_2029_20Tahun_202025_20Perubahan_20atas_20Peraturan_20Otoritas_20Jasa_20Keuangan_20Nomor_2039_20Tahun_202024_20tentang_20Pergadaian.pdf,POJK,29,2025,COCOK,downloads/FAQ_20POJK_2029_20Tahun_202025_20Perubahan_20atas_20Peraturan_20Otoritas_20Jasa_20Keuangan_20Nomor_2039_20Tahun_202024_20tentang_20Pergadaian.pdf
SEOJK_2015-SEOJK.03-2024_20Penerapan_20Tata_20Kelola_20Syariah_20bagi_20Bank_20Umum_20Syariah_20dan_20Unit_20Usaha_20Syariah.pdf,SEOJK,15,2024,COCOK,downloads/SEOJK_2015-SEOJK.03-2024_20Penerapan_20Tata_20Kelola_20Syariah_20bagi_20Bank_20Umum_20Syariah_20dan_20Unit_20Usaha_20Syariah.pdf
Peraturan_ADK_1_Tahun_2019_PEDOMAN_PENGAWASAN_PENERAPAN_PROGRAM_ANTI_PENCUCIAN_UANG_DAN_PENCEGAHAN_PENDANAAN_TERORISME_BERDASARKAN_PENDEKATAN_BERBASIS_RISIKO_BAGI_INDUSTRI_KEUANGAN_NON-BANK.pdf,PADK,1,2019,TIDAK_COCOK,downloads/Peraturan_ADK_1_Tahun_2019_PEDOMAN_PENGAWASAN_PENERAPAN_PROGRAM_ANTI_PENCUCIAN_UANG_DAN_PENCEGAHAN_PENDANAAN_TERORISME_BERDASARKAN_PENDEKATAN_BERBASIS_RISIKO_BAGI_INDUSTRI_KEUANGAN_NON-BANK.pdf
Peraturan_OJK_13_2018.pdf,POJK,13,2018,COCOK,downloads/Peraturan_OJK_13_2018.pdf
Surat_Edaran_OJK_37_2017.pdf,SEOJK,37,2017,COCOK,downloads/Surat_Edaran_OJK_37_2017.pdf
PADK_2040-PADK04-2025_20Pedoman_20Penyampaian_20Informasi_20oleh_20Emiten_20atau_20Perusahaan_20Publik_20dalam_20rangka_20Penyusunan_20DES_20dan_20Pedoman_20Bagi_20Pihak_20Penerbitan_20DES.pdf,PADK,40,2025,COCOK,downloads/PADK_2040-PADK04-2025_20Pedoman_20Penyampaian_20Informasi_20oleh_20Emiten_20atau_20Perusahaan_20Publik_20dalam_20rangka_20Penyusunan_20DES_20dan_20Pedoman_20Bagi_20Pihak_20Penerbitan_20DES.pdf
Peraturan_ADK_2_Tahun_2014_PERUBAHAN_KETIGA_ATAS_PERATURAN_DEWAN_KOMISIONER_OTORITAS_JASA_KEUANGAN_NOMOR_01_06_PDK_IX_2012_TENTANG_SISTEM_REMUNERASI_ANGGOTA_DEWAN_KOMISIONER_OTORITAS_JASA_KEUANGAN.pdf,PADK,2,2014,TIDAK_COCOK,downloads/Peraturan_ADK_2_Tahun_2014_PERUBAHAN_KETIGA_ATAS_PERATURAN_DEWAN_KOMISIONER_OTORITAS_JASA_KEUANGAN_NOMOR_01_06_PDK_IX_2012_TENTANG_SISTEM_REMUNERASI_ANGGOTA_DEWAN_KOMISIONER_OTORITAS_JASA_KEUANGAN.pdf
Peraturan_ADK_9_Tahun_2023_SISTEM_MANAJEMEN_STRATEGI_DAN_KINERJA_OTORITAS_JASA_KEUANGAN.pdf,PADK,9,2023,TIDAK_COCOK,downloads/Peraturan_ADK_9_Tahun_2023_SISTEM_MANAJEMEN_STRATEGI_DAN_KINERJA_OTORITAS_JASA_KEUANGAN.pdf
Surat_Edaran_OJK_12_2023.pdf,SEOJK,12,2023,COCOK,downloads/Surat_Edaran_OJK_12_2023.pdf
21_Tahun_2011_PENETAPAN_DAN_PENGANGKATAN_EKS_PEGAWAI_NEGERI_SIPIL_KEMENTERIAN_KEUANGAN_SEBAGAI_PEGAWAI_TETAP_OTORITAS_JASA_KEUANGAN.pdf,,21,2011,TIDAK_COCOK,downloads/21_Tahun_2011_PENETAPAN_DAN_PENGANGKATAN_EKS_PEGAWAI_NEGERI_SIPIL_KEMENTERIAN_KEUANGAN_SEBAGAI_PEGAWAI_TETAP_OTORITAS_JASA_KEUANGAN.pdf
Peraturan_ADK_8_Tahun_2024_RENCANA_KERJA_DAN_ANGGARAN_OTORITAS_JASA_KEUANGAN.pdf,PADK,8,2024,TIDAK_COCOK,downloads/Peraturan_ADK_8_Tahun_2024_RENCANA_KERJA_DAN_ANGGARAN_OTORITAS_JASA_KEUANGAN.pdf
Surat_Edaran_OJK_5_2023.pdf,SEOJK,5,2023,COCOK,downloads/Surat_Edaran_OJK_5_2023.pdf
Peraturan_ADK_23_Tahun_2023_ORGANISASI_BIDANG_MANAJEMEN_STRATEGIS.pdf,PADK,23,2023,TIDAK_COCOK,downloads/Peraturan_ADK_23_Tahun_2023_ORGANISASI_BIDANG_MANAJEMEN_STRATEGIS.pdf
Peraturan_OJK_13_2023.pdf,POJK,13,2023,COCOK,downloads/Peraturan_OJK_13_2023.pdf
Peraturan_ADK_10_Tahun_2019_PETUNJUK_TEKNIS_PENYEDIAAN_PERSIL_DAN_ATAU_BANGUNAN_OTORITAS_JASA_KEUANGAN.pdf,PADK,10,2019,TIDAK_COCOK,downloads/Peraturan_ADK_10_Tahun_2019_PETUNJUK_TEKNIS_PENYEDIAAN_PERSIL_DAN_ATAU_BANGUNAN_OTORITAS_JASA_KEUANGAN.pdf
Peraturan_OJK_45_2020.pdf,POJK,45,2020,COCOK,downloads/Peraturan_OJK_45_2020.pdf
Peraturan_OJK_13_2021.pdf,POJK,13,2021,COCOK,downloads/Peraturan_OJK_13_2021.pdf
Peraturan_ADK_10_Tahun_2025_PEJABAT_PENGGANTI_DI_OTORITAS_JASA_KEUANGAN.pdf,PADK,10,2025,TIDAK_COCOK,downloads/Peraturan_ADK_10_Tahun_2025_PEJABAT_PENGGANTI_DI_OTORITAS_JASA_KEUANGAN.pdf
Peraturan_ADK_5_Tahun_2023_ORGANISASI_SEKTOR_LEMBAGA_PEMBIAYAAN_PERUSAHAAN_MODAL_VENTURA_LEMBAGA_KEUANGAN_MIKRO_DAN_LEMBAGA_JASA_KEUANGAN_LAINNYA.PDF,PADK,5,2023,TIDAK_COCOK,downloads/Peraturan_ADK_5_Tahun_2023_ORGANISASI_SEKTOR_LEMBAGA_PEMBIAYAAN_PERUSAHAAN_MODAL_VENTURA_LEMBAGA_KEUANGAN_MIKRO_DAN_LEMBAGA_JASA_KEUANGAN_LAINNYA.PDF
Peraturan_OJK_37_2015.pdf,POJK,37,2015,COCOK,downloads/Peraturan_OJK_37_2015.pdf
Peraturan_OJK_19_2015.pdf,POJK,19,2015,COCOK,downloads/Peraturan_OJK_19_2015.pdf
FAQ_20SEOJK_2015-SEOJK03-2025_20Penerapan_20Tata_20Kelola_20Bagi_20Bank_20Perekonomian_20Rakyat_20Syariah.pdf,,15,2025,TIDAK_COCOK,downloads/FAQ_20SEOJK_2015-SEOJK03-2025_20Penerapan_20Tata_20Kelola_20Bagi_20Bank_20Perekonomian_20Rakyat_20Syariah.pdf
Peraturan_ADK_5_Tahun_2019_PEDOMAN_PENILAIAN_RENCANA_AKSI_RECOVERY_PLAN_BANK_SISTEMIK.pdf,PADK,5,2019,TIDAK_COCOK,downloads/Peraturan_ADK_5_Tahun_2019_PEDOMAN_PENILAIAN_RENCANA_AKSI_RECOVERY_PLAN_BANK_SISTEMIK.pdf
Peraturan_ADK_2_Tahun_2025_PEDOMAN_KLASIFIKASI_KERAHASIAAN_DATA_DI_OTORITAS_JASA_KEUANGAN.pdf,PADK,2,2025,TIDAK_COCOK,downloads/Peraturan_ADK_2_Tahun_2025_PEDOMAN_KLASIFIKASI_KERAHASIAAN_DATA_DI_OTORITAS_JASA_KEUANGAN.pdf
Peraturan_ADK_Tahun_SISTEM_MANAJEMEN_STRATEGI_ANGGARAN_DAN_KINERJA_OTORITAS_JASA_KEUANGAN.pdf,PADK,,,TIDAK_COCOK,downloads/Peraturan_ADK_Tahun_SISTEM_MANAJEMEN_STRATEGI_ANGGARAN_DAN_KINERJA_OTORITAS_JASA_KEUANGAN.pdf
Peraturan_OJK_51_2020.pdf,POJK,51,2020,COCOK,downloads/Peraturan_OJK_51_2020.pdf
Peraturan_ADK_3_Tahun_2022_SISTEM_PELAPORAN_PELANGGARAN_DI_OTORITAS_JASA_KEUANGAN.pdf,PADK,3,2022,TIDAK_COCOK,downloads/Peraturan_ADK_3_Tahun_2022_SISTEM_PELAPORAN_PELANGGARAN_DI_OTORITAS_JASA_KEUANGAN.pdf
Surat_Edaran_OJK_5_2014.pdf,SEOJK,5,2014,COCOK,downloads/Surat_Edaran_OJK_5_2014.pdf
Peraturan_Bank_Indonesia_20_2014.pdf,PBI,20,2014,TIDAK_COCOK,downloads/Peraturan_Bank_Indonesia_20_2014.pdf
Abstrak_20POJK_2046_20Tahun_202024_20Pengembangan_20dan_20Penguatan_20Perusahaan_20Pembiayaan_20Perusahaan_20Pembiayaan_20Infrastruktur_20dan_20Perusahaan_20Modal_20Ventura.pdf,,46,2024,TIDAK_COCOK,downloads/Abstrak_20POJK_2046_20Tahun_202024_20Pengembangan_20dan_20Penguatan_20Perusahaan_20Pembiayaan_20Perusahaan_20Pembiayaan_20Infrastruktur_20dan_20Perusahaan_20Modal_20Ventura.pdf
Surat_Edaran_OJK_6_2025.pdf,SEOJK,6,2025,COCOK,downloads/Surat_Edaran_OJK_6_2025.pdf
Peraturan_ADK_02_Tahun_2021_Tata_Cara_Pengelolaan_Barang_Bukti_di_Lingkungan_Otoritas_Jasa_Keuangan.pdf,PADK,2,2021,TIDAK_COCOK,downloads/Peraturan_ADK_02_Tahun_2021_Tata_Cara_Pengelolaan_Barang_Bukti_di_Lingkungan_Otoritas_Jasa_Keuangan.pdf
SEOJK_2022-SEOJK.05-2023._20Laporan_20Keuangan_20Bulanan_20Badan_20Penyelenggara_20Jaminan_20Sosial_20Dan_20Laporan_20Keuangan_20Bulanan_20Dana_20Jaminan_20Sosial.pdf,SEOJK,22,2023,TIDAK_COCOK,downloads/SEOJK_2022-SEOJK.05-2023._20Laporan_20Keuangan_20Bulanan_20Badan_20Penyelenggara_20Jaminan_20Sosial_20Dan_20Laporan_20Keuangan_20Bulanan_20Dana_20Jaminan_20Sosial.pdf
FAQ_20POJK_2040_20Tahun_202025_20Penggunaan_20Dana_20Hasil_20Penawaran_20Umum.pdf,,40,2025,TIDAK_COCOK,downloads/FAQ_20POJK_2040_20Tahun_202025_20Penggunaan_20Dana_20Hasil_20Penawaran_20Umum.pdf
Peraturan_ADK_1_Tahun_2025_MANAJEMEN_KELANGSUNGAN_BISNIS_OTORITAS_JASA_KEUANGAN.pdf,PADK,1,2025,TIDAK_COCOK,downloads/Peraturan_ADK_1_Tahun_2025_MANAJEMEN_KELANGSUNGAN_BISNIS_OTORITAS_JASA_KEUANGAN.pdf
Peraturan_ADK_3_Tahun_2018_PENGELOLAAN_BARANG_MILIK_NEGARA_DAN_BARANG_MILIK_DAERAH_DI_LINGKUNGAN_OTORITAS_JASA_KEUANGAN.pdf,PADK,3,2018,TIDAK_COCOK,downloads/Peraturan_ADK_3_Tahun_2018_PENGELOLAAN_BARANG_MILIK_NEGARA_DAN_BARANG_MILIK_DAERAH_DI_LINGKUNGAN_OTORITAS_JASA_KEUANGAN.pdf
Peraturan_OJK_34_2017.pdf,POJK,34,2017,COCOK,downloads/Peraturan_OJK_34_2017.pdf
FAQ_20SEOJK_2012-SEOJK05-2025_20Sertifikasi_20Kompetensi_20Kerja_20bagi_20PPDP.pdf,,12,2025,TIDAK_COCOK,downloads/FAQ_20SEOJK_2012-SEOJK05-2025_20Sertifikasi_20Kompetensi_20Kerja_20bagi_20PPDP.pdf
Peraturan_OJK_53_2015.pdf,POJK,53,2015,COCOK,downloads/Peraturan_OJK_53_2015.pdf
Peraturan_OJK_62_Tahun_2020_PEDOMAN_PELAKSANAAN_PERIZINAN_BANK_PERKREDITAN_RAKYAT.pdf,POJK,62,2020,COCOK,downloads/Peraturan_OJK_62_Tahun_2020_PEDOMAN_PELAKSANAAN_PERIZINAN_BANK_PERKREDITAN_RAKYAT.pdf
Peraturan_ADK_4_Tahun_2023_PERUBAHAN_KEDUA_ATAS_PERATURAN_DEWAN_KOMISIONER_OTORITAS_JASA_KEUANGAN_NOMOR_7_PDK.01_2018_TENTANG_PENGADAAN_BARANG_JASA_OTORITAS_JASA_KEUANGAN.pdf,PADK,4,2023,TIDAK_COCOK,downloads/Peraturan_ADK_4_Tahun_2023_PERUBAHAN_KEDUA_ATAS_PERATURAN_DEWAN_KOMISIONER_OTORITAS_JASA_KEUANGAN_NOMOR_7_PDK.01_2018_TENTANG_PENGADAAN_BARANG_JASA_OTORITAS_JASA_KEUANGAN.pdf
Peraturan_ADK_17_Tahun_2014_PEDOMAN_PENGELOLAAN_NASKAH_DINAS_DI_LINGKUNGAN_OTORITAS_JASA_KEUANGAN.pdf,PADK,17,2014,TIDAK_COCOK,downloads/Peraturan_ADK_17_Tahun_2014_PEDOMAN_PENGELOLAAN_NASKAH_DINAS_DI_LINGKUNGAN_OTORITAS_JASA_KEUANGAN.pdf
Peraturan_OJK_24_2020.pdf,POJK,24,2020,COCOK,downloads/Peraturan_OJK_24_2020.pdf
Peraturan_OJK_9_2016.pdf,POJK,9,2016,COCOK,downloads/Peraturan_OJK_9_2016.pdf
Peraturan_OJK_7_2024.pdf,POJK,7,2024,COCOK,downloads/Peraturan_OJK_7_2024.pdf
Peraturan_OJK_22_2014.pdf,POJK,22,2014,COCOK,downloads/Peraturan_OJK_22_2014.pdf
Surat_Edaran_OJK_20_2022.pdf,SEOJK,20,2022,COCOK,downloads/Surat_Edaran_OJK_20_2022.pdf
FAQ_20SEOJK_204-SEOJK.05-2024_20Dasar_20Penilaian_20Investasi_20Dana_20Pensiun.pdf,,4,2024,TIDAK_COCOK,downloads/FAQ_20SEOJK_204-SEOJK.05-2024_20Dasar_20Penilaian_20Investasi_20Dana_20Pensiun.pdf
Peraturan_OJK_11_2016.pdf,POJK,11,2016,COCOK,downloads/Peraturan_OJK_11_2016.pdf
FAQ_20SEOJK_2027-SEOJK03-2025_20Lembaga_20Pemeringkat_20dan_20Peringkat_20yang_20Diakui_20Otoritas_20Jasa_20Keuangan.pdf,,27,2025,TIDAK_COCOK,downloads/FAQ_20SEOJK_2027-SEOJK03-2025_20Lembaga_20Pemeringkat_20dan_20Peringkat_20yang_20Diakui_20Otoritas_20Jasa_20Keuangan.pdf
Peraturan_ADK_10_Tahun_2014_PENGELOLAAN_TENAGA_KERJA_PERJANJIAN_KERJA_WAKTU_TERTENTU.pdf,PADK,10,2014,TIDAK_COCOK,downloads/Peraturan_ADK_10_Tahun_2014_PENGELOLAAN_TENAGA_KERJA_PERJANJIAN_KERJA_WAKTU_TERTENTU.pdf
Surat_Edaran_OJK_33_2016.pdf,SEOJK,33,2016,COCOK,downloads/Surat_Edaran_OJK_33_2016.pdf
Peraturan_Bank_Indonesia_23_1999.pdf,PBI,23,1999,TIDAK_COCOK,downloads/Peraturan_Bank_Indonesia_23_1999.pdf
Peraturan_OJK_71_2016.pdf,POJK,71,2016,COCOK,downloads/Peraturan_OJK_71_2016.pdf
Peraturan_ADK_2_Tahun_2025_PEDOMAN_UMUM_PELAKSANAAN_REVIU_OLEH_BIDANG_AUDIT_INTERNAL_DAN_MANAJEMEN_RISIKO.pdf,PADK,2,2025,TIDAK_COCOK,downloads/Peraturan_ADK_2_Tahun_2025_PEDOMAN_UMUM_PELAKSANAAN_REVIU_OLEH_BIDANG_AUDIT_INTERNAL_DAN_MANAJEMEN_RISIKO.pdf
Surat_Edaran_OJK_14_2023.pdf,SEOJK,14,2023,COCOK,downloads/Surat_Edaran_OJK_14_2023.pdf
Tahun_Pedoman_Pemeriksaan_Kepatuhan_Perusahaan_Efek_yang_Melakukan_Kegiatan_Usaha_Sebagai_Penjamin_Emisi_Efek_dan_Perantara_Pedagang_Efek_SEDK_Pedoman_Pemeriksaan_Kepatuhan_PE.PDF,,,,TIDAK_COCOK,downloads/Tahun_Pedoman_Pemeriksaan_Kepatuhan_Perusahaan_Efek_yang_Melakukan_Kegiatan_Usaha_Sebagai_Penjamin_Emisi_Efek_dan_Perantara_Pedagang_Efek_SEDK_Pedoman_Pemeriksaan_Kepatuhan_PE.PDF
Peraturan_ADK_2_Tahun_2016_PROSEDUR_PEMBERIAN_BANTUAN_DANA_OPERASIONAL_KEPADA_LEMBAGA_ALTERNATIF_PENYELESAIAN_SENGKETA_DI_SEKTOR_JASA_KEUANGAN.pdf,PADK,2,2016,TIDAK_COCOK,downloads/Peraturan_ADK_2_Tahun_2016_PROSEDUR_PEMBERIAN_BANTUAN_DANA_OPERASIONAL_KEPADA_LEMBAGA_ALTERNATIF_PENYELESAIAN_SENGKETA_DI_SEKTOR_JASA_KEUANGAN.pdf
Peraturan_ADK_12_Tahun_2017_PERUBAHAN_KETIGA_SURAT_EDARAN_DEWAN_KOMISIONER_OTORITAS_JASA_KEUANGAN_NOMOR_19_SEDK.02_2013_TENTANG_PENILAIAN_KINERJA_PEGAWAI_OTORITAS_JASA_KEUANGAN.pdf,PADK,12,2017,TIDAK_COCOK,downloads/Peraturan_ADK_12_Tahun_2017_PERUBAHAN_KETIGA_SURAT_EDARAN_DEWAN_KOMISIONER_OTORITAS_JASA_KEUANGAN_NOMOR_19_SEDK.02_2013_TENTANG_PENILAIAN_KINERJA_PEGAWAI_OTORITAS_JASA_KEUANGAN.pdf
Abstrak_20POJK_203_20Tahun_202025_20Penatalaksanaan_20Lembaga_20Sertifikasi_20Profesi_20di_20Sektor_20Jasa_20Keuangan.pdf,,3,2025,TIDAK_COCOK,downloads/Abstrak_20POJK_203_20Tahun_202025_20Penatalaksanaan_20Lembaga_20Sertifikasi_20Profesi_20di_20Sektor_20Jasa_20Keuangan.pdf
Peraturan_OJK_7_2016.pdf,POJK,7,2016,COCOK,downloads/Peraturan_OJK_7_2016.pdf
Peraturan_ADK_7_Tahun_2016_PERUBAHAN_ATAS_SURAT_EDARAN_DEWAN_KOMISIONER_OTORITAS_JASA_KEUANGAN_NOMOR_1_SEDK.02_2016_TENTANG_PEDOMAN_SINGKATAN_AKRONIM_DAN_KODERING_NASKAH_DINAS_SATUAN_KERJA_DAN_ATAU_UNIT_KERJA_DI_LINGKUNGAN_OTORITAS_JASA_KEUANGAN.pdf,PADK,7,2016,TIDAK_COCOK,downloads/Peraturan_ADK_7_Tahun_2016_PERUBAHAN_ATAS_SURAT_EDARAN_DEWAN_KOMISIONER_OTORITAS_JASA_KEUANGAN_NOMOR_1_SEDK.02_2016_TENTANG_PEDOMAN_SINGKATAN_AKRONIM_DAN_KODERING_NASKAH_DINAS_SATUAN_KERJA_DAN_ATAU_UNIT_KERJA_DI_LINGKUNGAN_OTORITAS_JASA_KEUANGAN.pdf
Tahun_PERUBAHAN_ATAS_KEPUTUSAN.pdf,,,,TIDAK_COCOK,downloads/Tahun_PERUBAHAN_ATAS_KEPUTUSAN.pdf
POJK_209_20Tahun_202025_20Dematerialisasi_20Efek_20Bersifat_20Ekuitas_20dan_20Pengelolaan_20Aset_20yang_20Tidak_20Diklaim_20di_20Pasar_20Modal.pdf,POJK,9,2025,COCOK,downloads/POJK_209_20Tahun_202025_20Dematerialisasi_20Efek_20Bersifat_20Ekuitas_20dan_20Pengelolaan_20Aset_20yang_20Tidak_20Diklaim_20di_20Pasar_20Modal.pdf
Peraturan_ADK_1_Tahun_2020_PEDOMAN_PEMBUBARAN_BADAN_HUKUM_DAN_PEMBENTUKAN_TIM_LIKUIDASI_PERUSAHAAN_ASURANSI_PERUSAHAAN_ASURANSI_SYARIAH_PERUSAHAAN_REASURANSI_DAN_PERUSAHAAN_REASURANSI_SYARIAH_OLEH_OTORITAS_JASA_KEUANGAN.pdf,PADK,1,2020,TIDAK_COCOK,downloads/Peraturan_ADK_1_Tahun_2020_PEDOMAN_PEMBUBARAN_BADAN_HUKUM_DAN_PEMBENTUKAN_TIM_LIKUIDASI_PERUSAHAAN_ASURANSI_PERUSAHAAN_ASURANSI_SYARIAH_PERUSAHAAN_REASURANSI_DAN_PERUSAHAAN_REASURANSI_SYARIAH_OLEH_OTORITAS_JASA_KEUANGAN.pdf
Peraturan_ADK_21_Tahun_2011_PEDOMAN_UMUM_PELAKSANAAN_PENGENDALIAN_INTERNAL_ATAS_PELAPORAN_KEUANGAN_OTORITAS_JASA_KEUANGAN.pdf,PADK,21,2011,TIDAK_COCOK,downloads/Peraturan_ADK_21_Tahun_2011_PEDOMAN_UMUM_PELAKSANAAN_PENGENDALIAN_INTERNAL_ATAS_PELAPORAN_KEUANGAN_OTORITAS_JASA_KEUANGAN.pdf
Peraturan_ADK_36_Tahun_2013_PENETAPAN_DAN_PENGANGKATAN_PEGAWAI_LEVEL_JABATAN_DEPUTI_KOMISIONER_KEPALA_DEPARTEMEN_DAN_DIREKTUR_DI_LINGKUNGAN_OTORITAS_JASA_KEUANGAN.pdf,PADK,36,2013,TIDAK_COCOK,downloads/Peraturan_ADK_36_Tahun_2013_PENETAPAN_DAN_PENGANGKATAN_PEGAWAI_LEVEL_JABATAN_DEPUTI_KOMISIONER_KEPALA_DEPARTEMEN_DAN_DIREKTUR_DI_LINGKUNGAN_OTORITAS_JASA_KEUANGAN.pdf
Peraturan_ADK_1_Tahun_2024_PEDOMAN_PELAKSANAAN_PENGENDALIAN_KUALITAS_PENGAWASAN_LEMBAGA_PEMBIAYAAN_PERUSAHAAN_MODAL_VENTURA_LEMBAGA_KEUANGAN_MIKRO_DAN_LEMBAGA_JASA_KEUANGAN_LAINNYA_MELALUI_FORUM_PANEL_PENGAWASAN.pdf,PADK,1,2024,TIDAK_COCOK,downloads/Peraturan_ADK_1_Tahun_2024_PEDOMAN_PELAKSANAAN_PENGENDALIAN_KUALITAS_PENGAWASAN_LEMBAGA_PEMBIAYAAN_PERUSAHAAN_MODAL_VENTURA_LEMBAGA_KEUANGAN_MIKRO_DAN_LEMBAGA_JASA_KEUANGAN_LAINNYA_MELALUI_FORUM_PANEL_PENGAWASAN.pdf
Peraturan_OJK_13_2014.pdf,POJK,13,2014,COCOK,downloads/Peraturan_OJK_13_2014.pdf
Surat_Edaran_OJK_38_2016.pdf,SEOJK,38,2016,COCOK,downloads/Surat_Edaran_OJK_38_2016.pdf
SEOJK_2019-SEOJK.06-2024_20Penilaian_20Tingkat_20Kesehatan_20Perusahaan_20Modal_20Ventura_20dan_20Perusahaan_20Modal_20Ventura_20Syariah.pdf,SEOJK,19,2024,COCOK,downloads/SEOJK_2019-SEOJK.06-2024_20Penilaian_20Tingkat_20Kesehatan_20Perusahaan_20Modal_20Ventura_20dan_20Perusahaan_20Modal_20Ventura_20Syariah.pdf
Peraturan_OJK_30_2016.pdf,POJK,30,2016,COCOK,downloads/Peraturan_OJK_30_2016.pdf
Peraturan_ADK_21_Tahun_2011_PERUBAHAN_KEDUA_ATAS_PERATURAN_DEWAN_KOMISIONER_OTORITAS_JASA_KEUANGAN_NOMOR_01_08_PDK_XII_2012_TENTANG_ORGANISASI_OTORITAS_JASA_KEUANGAN.pdf,PADK,21,2011,TIDAK_COCOK,downloads/Peraturan_ADK_21_Tahun_2011_PERUBAHAN_KEDUA_ATAS_PERATURAN_DEWAN_KOMISIONER_OTORITAS_JASA_KEUANGAN_NOMOR_01_08_PDK_XII_2012_TENTANG_ORGANISASI_OTORITAS_JASA_KEUANGAN.pdf
Peraturan_OJK_25_2021.pdf,POJK,25,2021,COCOK,downloads/Peraturan_OJK_25_2021.pdf
Surat_Edaran_OJK_1_2018.pdf,SEOJK,1,2018,COCOK,downloads/Surat_Edaran_OJK_1_2018.pdf
Peraturan_ADK_4_Tahun_2020_PEDOMAN_PEMANFAATAN_SISTEM_INFORMASI_PELAKU_DI_LEMBAGA_JASA_KEUANGAN_TERINTEGRASI.pdf,PADK,4,2020,TIDAK_COCOK,downloads/Peraturan_ADK_4_Tahun_2020_PEDOMAN_PEMANFAATAN_SISTEM_INFORMASI_PELAKU_DI_LEMBAGA_JASA_KEUANGAN_TERINTEGRASI.pdf
Surat_Edaran_OJK_3_2013.pdf,SEOJK,3,2013,COCOK,downloads/Surat_Edaran_OJK_3_2013.pdf
Abstrak_20PADK_2048-PADK06-2025_20Penerapan_20Manajemen_20Risiko_20Bagi_20Lembaga_20PVML.pdf,,48,2025,TIDAK_COCOK,downloads/Abstrak_20PADK_2048-PADK06-2025_20Penerapan_20Manajemen_20Risiko_20Bagi_20Lembaga_20PVML.pdf
Surat_Edaran_OJK_2_2023.pdf,SEOJK,2,2023,COCOK,downloads/Surat_Edaran_OJK_2_2023.pdf
Abstrak_20POJK_2036_20Tahun_202025_20Penguatan_20Ekosistem_20Asuransi_20Kesehatan.pdf,,36,2025,TIDAK_COCOK,downloads/Abstrak_20POJK_2036_20Tahun_202025_20Penguatan_20Ekosistem_20Asuransi_20Kesehatan.pdf
Peraturan_ADK_1_Tahun_2025_PEDOMAN_PEMBENTUKAN_PERUBAHAN_DAN_PENGAKHIRAN_PERUSAHAAN_INDUK_KONGLOMERASI_KEUANGAN.pdf,PADK,1,2025,TIDAK_COCOK,downloads/Peraturan_ADK_1_Tahun_2025_PEDOMAN_PEMBENTUKAN_PERUBAHAN_DAN_PENGAKHIRAN_PERUSAHAAN_INDUK_KONGLOMERASI_KEUANGAN.pdf
Surat_Edaran_OJK_17_2019.pdf,SEOJK,17,2019,COCOK,downloads/Surat_Edaran_OJK_17_2019.pdf
Peraturan_Bapepam_10_2018.pdf,,10,2018,TIDAK_COCOK,downloads/Peraturan_Bapepam_10_2018.pdf
FAQ_20POJK_20Nomor_206_20Tahun_202026.pdf,,6,2026,TIDAK_COCOK,downloads/FAQ_20POJK_20Nomor_206_20Tahun_202026.pdf
Peraturan_OJK_59_2016.pdf,POJK,59,2016,COCOK,downloads/Peraturan_OJK_59_2016.pdf
Peraturan_OJK_2_2024.pdf,POJK,2,2024,COCOK,downloads/Peraturan_OJK_2_2024.pdf
Peraturan_ADK_24_Tahun_2023_PERUBAHAN_KEDUA_ATAS_SURAT_EDARAN_DEWAN_KOMISIONER_NOMOR_11_SEDK.02_2023_TENTANG_ORGANISASI_BIDANG_PENGAWASAN_SEKTOR_PERBANKAN.pdf,PADK,24,2023,TIDAK_COCOK,downloads/Peraturan_ADK_24_Tahun_2023_PERUBAHAN_KEDUA_ATAS_SURAT_EDARAN_DEWAN_KOMISIONER_NOMOR_11_SEDK.02_2023_TENTANG_ORGANISASI_BIDANG_PENGAWASAN_SEKTOR_PERBANKAN.pdf
Keputusan_Ketua_Bapepam.pdf,,,,TIDAK_COCOK,downloads/Keputusan_Ketua_Bapepam.pdf
Peraturan_ADK_1_Tahun_2024_KEGIATAN_KOMUNIKASI_PUBLIK_OTORITAS_JASA_KEUANGAN.pdf,PADK,1,2024,TIDAK_COCOK,downloads/Peraturan_ADK_1_Tahun_2024_KEGIATAN_KOMUNIKASI_PUBLIK_OTORITAS_JASA_KEUANGAN.pdf
Peraturan_ADK_7_Tahun_2024_PERUBAHAN_ATAS_SURAT_EDARAN_DEWAN_KOMISIONER_OTORITAS_JASA_KEUANGAN_NOMOR_11_SEDK.02_2017_TENTANG_PEMBERIAN_REMUNERASI_BAGI_PEGAWAI_OTORITAS_JASA_KEUANGAN.pdf,PADK,7,2024,TIDAK_COCOK,downloads/Peraturan_ADK_7_Tahun_2024_PERUBAHAN_ATAS_SURAT_EDARAN_DEWAN_KOMISIONER_OTORITAS_JASA_KEUANGAN_NOMOR_11_SEDK.02_2017_TENTANG_PEMBERIAN_REMUNERASI_BAGI_PEGAWAI_OTORITAS_JASA_KEUANGAN.pdf
Peraturan_ADK_40_Tahun_2013_PERUBAHAN_ATAS_PERATURAN_DEWAN_KOMISIONER_OTORITAS_JASA_KEUANGAN_NOMOR_1_PDK.02_2013_TENTANG_SISTEM_REMUNERASI_PEGAWAI_OTORITAS_JASA_KEUANGAN.pdf,PADK,40,2013,TIDAK_COCOK,downloads/Peraturan_ADK_40_Tahun_2013_PERUBAHAN_ATAS_PERATURAN_DEWAN_KOMISIONER_OTORITAS_JASA_KEUANGAN_NOMOR_1_PDK.02_2013_TENTANG_SISTEM_REMUNERASI_PEGAWAI_OTORITAS_JASA_KEUANGAN.pdf
FAQ_20POJK_2016_20Tahun_202024_20Pengawasan_20PT_20Sarana_20Multi_20Infrastruktur_20_Persero_.pdf,,16,2024,TIDAK_COCOK,downloads/FAQ_20POJK_2016_20Tahun_202024_20Pengawasan_20PT_20Sarana_20Multi_20Infrastruktur_20_Persero_.pdf
Abstrak_20SEOJK_2024-SEOJK03-2025_20Rencana_20Bisnis_20Bank_20Perekonomian_20Rakyat.pdf,,24,2025,TIDAK_COCOK,downloads/Abstrak_20SEOJK_2024-SEOJK03-2025_20Rencana_20Bisnis_20Bank_20Perekonomian_20Rakyat.pdf
Peraturan_OJK_51_2016.pdf,POJK,51,2016,COCOK,downloads/Peraturan_OJK_51_2016.pdf
Peraturan_OJK_35_2018.pdf,POJK,35,2018,COCOK,downloads/Peraturan_OJK_35_2018.pdf
Peraturan_ADK_3_Tahun_2017_PEMBAGIAN_TUGAS_ANGGOTA_DEWAN_KOMISIONER_OTORITAS_JASA_KEUANGAN.pdf,PADK,3,2017,TIDAK_COCOK,downloads/Peraturan_ADK_3_Tahun_2017_PEMBAGIAN_TUGAS_ANGGOTA_DEWAN_KOMISIONER_OTORITAS_JASA_KEUANGAN.pdf
Peraturan_ADK_14_Tahun_2017_PEDOMAN_PENILAIAN_TERHADAP_ANALISIS_POTENSI_DAN_KELAYAKAN_STUDI_KELAYAKAN_BANK_PERKREDITAN_RAKYAT.pdf,PADK,14,2017,TIDAK_COCOK,downloads/Peraturan_ADK_14_Tahun_2017_PEDOMAN_PENILAIAN_TERHADAP_ANALISIS_POTENSI_DAN_KELAYAKAN_STUDI_KELAYAKAN_BANK_PERKREDITAN_RAKYAT.pdf
Peraturan_ADK_32_Tahun_2013_ORGANISASI_KANTOR_REGIONAL_OTORITAS_JASA_KEUANGAN_1.pdf,PADK,32,2013,TIDAK_COCOK,downloads/Peraturan_ADK_32_Tahun_2013_ORGANISASI_KANTOR_REGIONAL_OTORITAS_JASA_KEUANGAN_1.pdf
SEOJK_22_-_2015.pdf,SEOJK,22,2015,COCOK,downloads/SEOJK_22_-_2015.pdf
Abstrak_20POJK_2030_20Tahun_202024_20Konglomerasi_20Keuangan_20dan_20Perusahaan_20Induk_20Konglomerasi_20Keuangan.pdf,,30,2024,TIDAK_COCOK,downloads/Abstrak_20POJK_2030_20Tahun_202024_20Konglomerasi_20Keuangan_20dan_20Perusahaan_20Induk_20Konglomerasi_20Keuangan.pdf
Peraturan_ADK_1_Tahun_2024_PERUBAHAN_SURAT_EDARAN_DEWAN_KOMISIONER_OTORITAS_JASA_KEUANGAN_NOMOR_1_SEDK.02_2021_TENTANG_PROSEDUR_PENGEMBANGAN_APLIKASI_OTORITAS_JASA_KEUANGAN.pdf,PADK,1,2024,TIDAK_COCOK,downloads/Peraturan_ADK_1_Tahun_2024_PERUBAHAN_SURAT_EDARAN_DEWAN_KOMISIONER_OTORITAS_JASA_KEUANGAN_NOMOR_1_SEDK.02_2021_TENTANG_PROSEDUR_PENGEMBANGAN_APLIKASI_OTORITAS_JASA_KEUANGAN.pdf
Peraturan_ADK_36_Tahun_2013_PERUBAHAN_ATAS_PERATURAN_DEWAN_KOMISIONER_OTORITAS_JASA_KEUANGAN_NOMOR_36_PDK.02_2013_TENTANG_ORGANISASI_OTORITAS_JASA_KEUANGAN.pdf,PADK,36,2013,TIDAK_COCOK,downloads/Peraturan_ADK_36_Tahun_2013_PERUBAHAN_ATAS_PERATURAN_DEWAN_KOMISIONER_OTORITAS_JASA_KEUANGAN_NOMOR_36_PDK.02_2013_TENTANG_ORGANISASI_OTORITAS_JASA_KEUANGAN.pdf
Surat_Edaran_OJK_4_2021.pdf,SEOJK,4,2021,COCOK,downloads/Surat_Edaran_OJK_4_2021.pdf
Surat_Edaran_OJK_2_2017.pdf,SEOJK,2,2017,COCOK,downloads/Surat_Edaran_OJK_2_2017.pdf
Peraturan_ADK_30_Tahun_2013_KEWAJIBAN_MENYAMPAIKAN_LAPORAN_HARTA_KEKAYAAN_PENYELENGGARA_NEGARA.pdf,PADK,30,2013,TIDAK_COCOK,downloads/Peraturan_ADK_30_Tahun_2013_KEWAJIBAN_MENYAMPAIKAN_LAPORAN_HARTA_KEKAYAAN_PENYELENGGARA_NEGARA.pdf
Peraturan_OJK_7_2025.pdf,POJK,7,2025,COCOK,downloads/Peraturan_OJK_7_2025.pdf
POJK_2021_20Tahun_202025_20Kewajiban_20Pemenuhan_20Rasio_20Pengungkit_20bagi_20Bank_20Umum_20Syariah.pdf,POJK,21,2025,COCOK,downloads/POJK_2021_20Tahun_202025_20Kewajiban_20Pemenuhan_20Rasio_20Pengungkit_20bagi_20Bank_20Umum_20Syariah.pdf
Surat_Edaran_OJK_19_2022.pdf,SEOJK,19,2022,COCOK,downloads/Surat_Edaran_OJK_19_2022.pdf
Surat_Edaran_OJK_5_2020.pdf,SEOJK,5,2020,COCOK,downloads/Surat_Edaran_OJK_5_2020.pdf
SEOJK_206-SEOJK.07-2024_20Pendaftaran_20Penyelenggara_20Inovasi_20Teknologi_20Sektor_20Keuangan.pdf,SEOJK,6,2024,COCOK,downloads/SEOJK_206-SEOJK.07-2024_20Pendaftaran_20Penyelenggara_20Inovasi_20Teknologi_20Sektor_20Keuangan.pdf
Peraturan_ADK_21_Tahun_2017_URAIAN_JABATAN_OTORITAS_JASA_KEUANGAN.pdf,PADK,21,2017,TIDAK_COCOK,downloads/Peraturan_ADK_21_Tahun_2017_URAIAN_JABATAN_OTORITAS_JASA_KEUANGAN.pdf
Abstrak_20POJK_2012_20Tahun_202024_20Penerapan_20Strategi_20Anti_20Fraud_20bagi_20Lembaga_20Jasa_20Keuangan.pdf,,12,2024,TIDAK_COCOK,downloads/Abstrak_20POJK_2012_20Tahun_202024_20Penerapan_20Strategi_20Anti_20Fraud_20bagi_20Lembaga_20Jasa_20Keuangan.pdf
FAQ_20POJK_2011_20Tahun_202024_20Pelaporan_20dan_20Permintaan_20Informasi_20Debitur_20Melalui_20SLIK.pdf,,11,2024,TIDAK_COCOK,downloads/FAQ_20POJK_2011_20Tahun_202024_20Pelaporan_20dan_20Permintaan_20Informasi_20Debitur_20Melalui_20SLIK.pdf
PADK_2042-PADK03-2025_20Perintah_20Tertulis_20untuk_20Penanganan_20Permasalahan_20Bank_20melalui_20Penggabungan_20Peleburan_20Pengambilalihan_20Integrasi_20dan_20atau_20Konversi.pdf,PADK,42,2025,COCOK,downloads/PADK_2042-PADK03-2025_20Perintah_20Tertulis_20untuk_20Penanganan_20Permasalahan_20Bank_20melalui_20Penggabungan_20Peleburan_20Pengambilalihan_20Integrasi_20dan_20atau_20Konversi.pdf
Peraturan_ADK_1_Tahun_2024_PEDOMAN_PELAKSANAAN_PENGENDALIAN_KUALITAS_PENGAWASAN_SEKTOR_INOVASI_TEKNOLOGI_SEKTOR_KEUANGAN_SERTA_ASET_KEUANGAN_DIGITAL_DAN_ASET_KRIPTO.pdf,PADK,1,2024,TIDAK_COCOK,downloads/Peraturan_ADK_1_Tahun_2024_PEDOMAN_PELAKSANAAN_PENGENDALIAN_KUALITAS_PENGAWASAN_SEKTOR_INOVASI_TEKNOLOGI_SEKTOR_KEUANGAN_SERTA_ASET_KEUANGAN_DIGITAL_DAN_ASET_KRIPTO.pdf
Peraturan_ADK_3_Tahun_2018_PEDOMAN_UMUM_AUDIT_INVESTIGASI_OTORITAS_JASA_KEUANGAN.pdf,PADK,3,2018,TIDAK_COCOK,downloads/Peraturan_ADK_3_Tahun_2018_PEDOMAN_UMUM_AUDIT_INVESTIGASI_OTORITAS_JASA_KEUANGAN.pdf
Peraturan_ADK_4_Tahun_2016_PERUBAHAN_ATAS_PERATURAN_DEWAN_KOMISIONER_OTORITAS_JASA_KEUANGAN_NOMOR_30_PDK.02_2013_TENTANG_KEWAJIBAN_MENYAMPAIKAN_LAPORAN_HARTA_KEKAYAAN_PENYELENGGARA_NEGARA.pdf,PADK,4,2016,TIDAK_COCOK,downloads/Peraturan_ADK_4_Tahun_2016_PERUBAHAN_ATAS_PERATURAN_DEWAN_KOMISIONER_OTORITAS_JASA_KEUANGAN_NOMOR_30_PDK.02_2013_TENTANG_KEWAJIBAN_MENYAMPAIKAN_LAPORAN_HARTA_KEKAYAAN_PENYELENGGARA_NEGARA.pdf
Peraturan_ADK_2_Tahun_2025_PEDOMAN_PEMERIKSAAN_MANAJER_INVESTASI_PENASIHAT_INVESTASI_DAN_AGEN_PENJUAL_EFEK_REKSA_DANA_DI_WILAYAH_KANTOR_OTORITAS_JASA_KEUANGAN_DAERAH.pdf,PADK,2,2025,TIDAK_COCOK,downloads/Peraturan_ADK_2_Tahun_2025_PEDOMAN_PEMERIKSAAN_MANAJER_INVESTASI_PENASIHAT_INVESTASI_DAN_AGEN_PENJUAL_EFEK_REKSA_DANA_DI_WILAYAH_KANTOR_OTORITAS_JASA_KEUANGAN_DAERAH.pdf
Abstrak_20SEOJK_201-SEOJK.06-2024_20Tata_20Cara_20dan_20Mekanisme_20Penyampaian_20Data_20Transaksi_20Pendanaan_20dan_20Pelaporan_20Penyelenggara_20LPBBTI.pdf,,1,2024,TIDAK_COCOK,downloads/Abstrak_20SEOJK_201-SEOJK.06-2024_20Tata_20Cara_20dan_20Mekanisme_20Penyampaian_20Data_20Transaksi_20Pendanaan_20dan_20Pelaporan_20Penyelenggara_20LPBBTI.pdf
SEOJK_2033-SEOJK03-2025_20Pelaporan_20Bank_20Umum_20Syariah_20dan_20Unit_20Usaha_20Syariah_20melalui_20Sistem_20Pelaporan_20Otoritas_20Jasa_20Keuangan.pdf,SEOJK,33,2025,COCOK,downloads/SEOJK_2033-SEOJK03-2025_20Pelaporan_20Bank_20Umum_20Syariah_20dan_20Unit_20Usaha_20Syariah_20melalui_20Sistem_20Pelaporan_20Otoritas_20Jasa_20Keuangan.pdf
Peraturan_OJK_9_2024.pdf,POJK,9,2024,COCOK,downloads/Peraturan_OJK_9_2024.pdf
Peraturan_OJK_4_2026.pdf,POJK,4,2026,COCOK,downloads/Peraturan_OJK_4_2026.pdf
FAQ_20PADK_2048-PADK06-2025_20Penerapan_20Manajemen_20Risiko_20Bagi_20Lembaga_20PVML.pdf,,48,2025,TIDAK_COCOK,downloads/FAQ_20PADK_2048-PADK06-2025_20Penerapan_20Manajemen_20Risiko_20Bagi_20Lembaga_20PVML.pdf
Peraturan_ADK_4_Tahun_2018_PEDOMAN_PELAKSANAAN_TOP_DOWN_STRESS_TEST_PERBANKAN.pdf,PADK,4,2018,TIDAK_COCOK,downloads/Peraturan_ADK_4_Tahun_2018_PEDOMAN_PELAKSANAAN_TOP_DOWN_STRESS_TEST_PERBANKAN.pdf
Peraturan_ADK_3_Tahun_2016_PEDOMAN_PEMERIKSAAN_BADAN_PENYELENGGARA_JAMINAN_SOSIAL_KETENAGAKERJAAN.pdf,PADK,3,2016,TIDAK_COCOK,downloads/Peraturan_ADK_3_Tahun_2016_PEDOMAN_PEMERIKSAAN_BADAN_PENYELENGGARA_JAMINAN_SOSIAL_KETENAGAKERJAAN.pdf
Peraturan_ADK_10_Tahun_2013_PENETAPAN_SANKSI_PEGAWAI_OTORITAS_JASA_KEUANGAN.pdf,PADK,10,2013,TIDAK_COCOK,downloads/Peraturan_ADK_10_Tahun_2013_PENETAPAN_SANKSI_PEGAWAI_OTORITAS_JASA_KEUANGAN.pdf
Peraturan_ADK_22_Tahun_2013_PERUBAHAN_KETIGA_ATAS_PERATURAN_DEWAN_KOMISIONER_OTORITAS_JASA_KEUANGAN_NOMOR_01_11_PDK_XII_2012_TENTANG_TATA_NASKAH_DINAS_OTORITAS_JASA_KEUANGAN.pdf,PADK,22,2013,TIDAK_COCOK,downloads/Peraturan_ADK_22_Tahun_2013_PERUBAHAN_KETIGA_ATAS_PERATURAN_DEWAN_KOMISIONER_OTORITAS_JASA_KEUANGAN_NOMOR_01_11_PDK_XII_2012_TENTANG_TATA_NASKAH_DINAS_OTORITAS_JASA_KEUANGAN.pdf
Peraturan_ADK_5_Tahun_2024_PENGADAAN_JASA_PENSIHAT_HUKUM_EKSTERNAL.pdf,PADK,5,2024,TIDAK_COCOK,downloads/Peraturan_ADK_5_Tahun_2024_PENGADAAN_JASA_PENSIHAT_HUKUM_EKSTERNAL.pdf
Peraturan_OJK_40_2020.pdf,POJK,40,2020,COCOK,downloads/Peraturan_OJK_40_2020.pdf
Surat_Edaran_OJK_7_2022.pdf,SEOJK,7,2022,COCOK,downloads/Surat_Edaran_OJK_7_2022.pdf
Peraturan_ADK_2_Tahun_2021_PETUNJUK_PELAKSANAAN_PROTOKOL_MANAJEMEN_KRISIS_BIDANG_PENGAWASAN_SEKTOR_PASAR_MODAL.pdf,PADK,2,2021,TIDAK_COCOK,downloads/Peraturan_ADK_2_Tahun_2021_PETUNJUK_PELAKSANAAN_PROTOKOL_MANAJEMEN_KRISIS_BIDANG_PENGAWASAN_SEKTOR_PASAR_MODAL.pdf
Surat_Keputusan_Direksi_Bank_Indonesia_Nomor_27121KEPDIR.pdf,KEPDIR,27121,,TIDAK_COCOK,downloads/Surat_Keputusan_Direksi_Bank_Indonesia_Nomor_27121KEPDIR.pdf
2122f1af-16ab-407d-3e49-f934020d84ac.pdf,,,,TIDAK_COCOK,downloads/2122f1af-16ab-407d-3e49-f934020d84ac.pdf
Peraturan_ADK_2_Tahun_2020_PENGAWASAN_RENCANA_BISNIS_LEMBAGA_JASA_KEUANGAN_NONBANK.pdf,PADK,2,2020,TIDAK_COCOK,downloads/Peraturan_ADK_2_Tahun_2020_PENGAWASAN_RENCANA_BISNIS_LEMBAGA_JASA_KEUANGAN_NONBANK.pdf
Peraturan_OJK_31_2019.pdf,POJK,31,2019,COCOK,downloads/Peraturan_OJK_31_2019.pdf
Peraturan_ADK_5_Tahun_2025_PEDOMAN_PENILAIAN_TINGKAT_KESEHATAN_PERUSAHAAN_MODAL_VENTURA_DAN_PERUSAHAAN_MODAL_VENTURA_SYARIAH.pdf,PADK,5,2025,TIDAK_COCOK,downloads/Peraturan_ADK_5_Tahun_2025_PEDOMAN_PENILAIAN_TINGKAT_KESEHATAN_PERUSAHAAN_MODAL_VENTURA_DAN_PERUSAHAAN_MODAL_VENTURA_SYARIAH.pdf
Tahun_Surat_Jalan_sesuai.pdf,,,,TIDAK_COCOK,downloads/Tahun_Surat_Jalan_sesuai.pdf
Peraturan_OJK_47_2017.pdf,POJK,47,2017,COCOK,downloads/Peraturan_OJK_47_2017.pdf
Peraturan_ADK_5_Tahun_2025_PEDOMAN_PENGAWASAN_BERBASIS_RISIKO_BAGI_PENYELENGGARA_INOVASI_TEKNOLOGI_SEKTOR_KEUANGAN_SELAIN_ASET_KEUANGAN_DIGITAL_DAN_ASET_KRIPTO.pdf,PADK,5,2025,TIDAK_COCOK,downloads/Peraturan_ADK_5_Tahun_2025_PEDOMAN_PENGAWASAN_BERBASIS_RISIKO_BAGI_PENYELENGGARA_INOVASI_TEKNOLOGI_SEKTOR_KEUANGAN_SELAIN_ASET_KEUANGAN_DIGITAL_DAN_ASET_KRIPTO.pdf
Peraturan_ADK_7_Tahun_2018_RENCANA_BISNIS_BANK_PERKREDITAN_RAKYAT_DAN_BANK_PEMBIAYAAN_RAKYAT_SYARIAH.pdf,PADK,7,2018,TIDAK_COCOK,downloads/Peraturan_ADK_7_Tahun_2018_RENCANA_BISNIS_BANK_PERKREDITAN_RAKYAT_DAN_BANK_PEMBIAYAAN_RAKYAT_SYARIAH.pdf
Abstrak_20SEOJK_207-SEOJK.07-2024_20Pelaporan_20Penyelenggara_20Inovasi_20Teknologi_20Sektor_20Keuangan_20yang_20Terdaftar_20di_20Otoritas_20Jasa_20Keuangan.pdf,,7,2024,TIDAK_COCOK,downloads/Abstrak_20SEOJK_207-SEOJK.07-2024_20Pelaporan_20Penyelenggara_20Inovasi_20Teknologi_20Sektor_20Keuangan_20yang_20Terdaftar_20di_20Otoritas_20Jasa_20Keuangan.pdf
Peraturan_ADK_21_Tahun_2011_SISTEM_PEMENUHAN_SUMBER_DAYA_MANUSIA_OTORITAS_JASA_KEUANGAN.pdf,PADK,21,2011,TIDAK_COCOK,downloads/Peraturan_ADK_21_Tahun_2011_SISTEM_PEMENUHAN_SUMBER_DAYA_MANUSIA_OTORITAS_JASA_KEUANGAN.pdf
Abstrak_20POJK_20Tahun_2014_202024_20Satuan_20Tugas_20Penanganan_20Kegiatan_20Usaha_20Tanpa_20Izin_20di_20Sektor_20Keuangan.pdf,,14,2024,TIDAK_COCOK,downloads/Abstrak_20POJK_20Tahun_2014_202024_20Satuan_20Tugas_20Penanganan_20Kegiatan_20Usaha_20Tanpa_20Izin_20di_20Sektor_20Keuangan.pdf
Peraturan_OJK_35_2019.pdf,POJK,35,2019,COCOK,downloads/Peraturan_OJK_35_2019.pdf
Peraturan_ADK_1_Tahun_2024_PENYELENGGARAAN_RAPAT_PENGAWASAN_TERINTEGRASI.pdf,PADK,1,2024,TIDAK_COCOK,downloads/Peraturan_ADK_1_Tahun_2024_PENYELENGGARAAN_RAPAT_PENGAWASAN_TERINTEGRASI.pdf
FAQ_20SEOJK_2012-SEOJK.03-2024_20Penerapan_20Tata_20Kelola_20Bagi_20Bank_20Perekonomian_20Rakyat.pdf,,12,2024,TIDAK_COCOK,downloads/FAQ_20SEOJK_2012-SEOJK.03-2024_20Penerapan_20Tata_20Kelola_20Bagi_20Bank_20Perekonomian_20Rakyat.pdf
Peraturan_OJK_8_2024.pdf,POJK,8,2024,COCOK,downloads/Peraturan_OJK_8_2024.pdf
Peraturan_OJK_14_2014.pdf,POJK,14,2014,COCOK,downloads/Peraturan_OJK_14_2014.pdf
SK_Dir_30-12-KEP-DIR-1997_Tata_Cara_Penilaian_Tingkat_Kesehatan_BPR_1997.pdf,KEPDIR,30,1997,TIDAK_COCOK,downloads/SK_Dir_30-12-KEP-DIR-1997_Tata_Cara_Penilaian_Tingkat_Kesehatan_BPR_1997.pdf
Peraturan_OJK_11_2023.pdf,POJK,11,2023,COCOK,downloads/Peraturan_OJK_11_2023.pdf
Peraturan_OJK_34_2020.pdf,POJK,34,2020,COCOK,downloads/Peraturan_OJK_34_2020.pdf
POJK_20Nomor_207_20Tahun_202026_20Kewajiban_20Penyediaan_20Modal_20Minimum_20dan_20Pemenuhan_20Modal_20Inti_20Minimum_20Bank_20Perekonomian_20Rakyat.pdf,POJK,7,2026,COCOK,downloads/POJK_20Nomor_207_20Tahun_202026_20Kewajiban_20Penyediaan_20Modal_20Minimum_20dan_20Pemenuhan_20Modal_20Inti_20Minimum_20Bank_20Perekonomian_20Rakyat.pdf
Peraturan_ADK_2_Tahun_2024_PEDOMAN_PENGAWASAN_PERUSAHAAN_MODAL_VENTURA_DAN_PERUSAHAAN_PERGADAIAN.pdf,PADK,2,2024,TIDAK_COCOK,downloads/Peraturan_ADK_2_Tahun_2024_PEDOMAN_PENGAWASAN_PERUSAHAAN_MODAL_VENTURA_DAN_PERUSAHAAN_PERGADAIAN.pdf
Abstrak_20PADK_2038-PADK06-2025_20Penilaian_20Tingkat_20Kesehatan_20Penyelenggara_20Layanan_20Pendanaan_20Bersama_20Berbasis_20Teknologi_20Informasi.pdf,,38,2025,TIDAK_COCOK,downloads/Abstrak_20PADK_2038-PADK06-2025_20Penilaian_20Tingkat_20Kesehatan_20Penyelenggara_20Layanan_20Pendanaan_20Bersama_20Berbasis_20Teknologi_20Informasi.pdf
Peraturan_OJK_5_2025.pdf,POJK,5,2025,COCOK,downloads/Peraturan_OJK_5_2025.pdf
FAQ_20POJK_2046_20Tahun_202024_20Pengembangan_20dan_20Penguatan_20Perusahaan_20Pembiayaan_20Perusahaan_20Pembiayaan_20Infrastruktur_20dan_20Perusahaan_20Modal_20Ventura.pdf,,46,2024,TIDAK_COCOK,downloads/FAQ_20POJK_2046_20Tahun_202024_20Pengembangan_20dan_20Penguatan_20Perusahaan_20Pembiayaan_20Perusahaan_20Pembiayaan_20Infrastruktur_20dan_20Perusahaan_20Modal_20Ventura.pdf
Abstrak_20PADK_2037-PADK08-2025_20Penyediaan_20Informasi_20dan_20Penyampaian_20Informasi_20untuk_20Pemasaran_20Produk_20dan_20Layanan_20Jasa_20Keuangan.pdf,,37,2025,TIDAK_COCOK,downloads/Abstrak_20PADK_2037-PADK08-2025_20Penyediaan_20Informasi_20dan_20Penyampaian_20Informasi_20untuk_20Pemasaran_20Produk_20dan_20Layanan_20Jasa_20Keuangan.pdf
Abstrak_20SEOJK_2018-SEOJK.08-2024_20Penilaian_20Sendiri_20Terhadap_20Pemenuhan_20Ketentuan_20Pelindungan_20Konsumen_20dan_20Masyarakat_20di_20Sektor_20Jasa_20Keuangan.pdf,,18,2024,TIDAK_COCOK,downloads/Abstrak_20SEOJK_2018-SEOJK.08-2024_20Penilaian_20Sendiri_20Terhadap_20Pemenuhan_20Ketentuan_20Pelindungan_20Konsumen_20dan_20Masyarakat_20di_20Sektor_20Jasa_20Keuangan.pdf
Peraturan_OJK_51_2015.pdf,POJK,51,2015,TIDAK_COCOK,downloads/Peraturan_OJK_51_2015.pdf
Peraturan_ADK_9_Tahun_2025_PERATURAN_DANA_PENSIUN_DARI_DANA_PENSIUN_OTORITAS_JASA_KEUANGAN.pdf,PADK,9,2025,TIDAK_COCOK,downloads/Peraturan_ADK_9_Tahun_2025_PERATURAN_DANA_PENSIUN_DARI_DANA_PENSIUN_OTORITAS_JASA_KEUANGAN.pdf
Peraturan_ADK_2_Tahun_2022_PEDOMAN_PENGAWASAN_BERBASIS_RISIKO_BAGI_PENILAI_DI_PASAR_MODAL.pdf,PADK,2,2022,TIDAK_COCOK,downloads/Peraturan_ADK_2_Tahun_2022_PEDOMAN_PENGAWASAN_BERBASIS_RISIKO_BAGI_PENILAI_DI_PASAR_MODAL.pdf
Surat_Edaran_OJK_26_2022.pdf,SEOJK,26,2022,COCOK,downloads/Surat_Edaran_OJK_26_2022.pdf
Abstrak_20POJK_2014_20Tahun_202025_20Pelaksanaan_20Rapat_20Umum_20Pemegang_20Saham_20Rapat_20Umum_20Pemegang_20Obligasi_20dan_20Rapat_20Umum_20Pemegang_20Sukuk_20Secara_20Elektronik.pdf,,14,2025,TIDAK_COCOK,downloads/Abstrak_20POJK_2014_20Tahun_202025_20Pelaksanaan_20Rapat_20Umum_20Pemegang_20Saham_20Rapat_20Umum_20Pemegang_20Obligasi_20dan_20Rapat_20Umum_20Pemegang_20Sukuk_20Secara_20Elektronik.pdf
Surat_Edaran_OJK_15_2021.pdf,SEOJK,15,2021,COCOK,downloads/Surat_Edaran_OJK_15_2021.pdf
Surat_Edaran_OJK_42_2016.pdf,SEOJK,42,2016,COCOK,downloads/Surat_Edaran_OJK_42_2016.pdf
Peraturan_OJK_2_2022.pdf,POJK,2,2022,COCOK,downloads/Peraturan_OJK_2_2022.pdf
Abstrak_20POJK_2010_20Tahun_202025_20Perubahan_20POJK_20Perizinan_20Usaha_20dan_20Kelembagaan_20Lembaga_20Penjamin.pdf,,10,2025,TIDAK_COCOK,downloads/Abstrak_20POJK_2010_20Tahun_202025_20Perubahan_20POJK_20Perizinan_20Usaha_20dan_20Kelembagaan_20Lembaga_20Penjamin.pdf
Peraturan_ADK_1_Tahun_2020_FASILITAS_RUMAH_JABATAN_DAN_FASILITAS_RUMAH_DINAS_BAGI_PEGAWAI_OTORITAS_JASA_KEUANGAN.pdf,PADK,1,2020,TIDAK_COCOK,downloads/Peraturan_ADK_1_Tahun_2020_FASILITAS_RUMAH_JABATAN_DAN_FASILITAS_RUMAH_DINAS_BAGI_PEGAWAI_OTORITAS_JASA_KEUANGAN.pdf
Peraturan_OJK_46_2017.pdf,POJK,46,2017,COCOK,downloads/Peraturan_OJK_46_2017.pdf
Peraturan_OJK_14_2015.pdf,POJK,14,2015,COCOK,downloads/Peraturan_OJK_14_2015.pdf
Peraturan_OJK_9_2025.pdf,POJK,9,2025,COCOK,downloads/Peraturan_OJK_9_2025.pdf
Peraturan_ADK_41_2025.pdf,PADK,41,2025,COCOK,downloads/Peraturan_ADK_41_2025.pdf
Peraturan_OJK_21_2021.pdf,POJK,21,2021,COCOK,downloads/Peraturan_OJK_21_2021.pdf
Peraturan_ADK_21_Tahun_2011_PENETAPAN_DAN_PENGANGKATAN_PEGAWAI_TETAP_OTORITAS_JASA_KEUANGAN.pdf,PADK,21,2011,TIDAK_COCOK,downloads/Peraturan_ADK_21_Tahun_2011_PENETAPAN_DAN_PENGANGKATAN_PEGAWAI_TETAP_OTORITAS_JASA_KEUANGAN.pdf
Peraturan_ADK_1_Tahun_2024_PEDOMAN_PELAKSANAAN_PENGENDALIAN_KUALITAS_PENGAWASAN_KONGLOMERASI_KEUANGAN_YANG_WAJIB_MEMBENTUK_PERUSAHAAN_INDUK_KONGLOMERASI_KEUANGAN_MELALUI_FORUM_PANEL_PENGAWASAN_BERDASARKAN_RISIKO.pdf,PADK,1,2024,TIDAK_COCOK,downloads/Peraturan_ADK_1_Tahun_2024_PEDOMAN_PELAKSANAAN_PENGENDALIAN_KUALITAS_PENGAWASAN_KONGLOMERASI_KEUANGAN_YANG_WAJIB_MEMBENTUK_PERUSAHAAN_INDUK_KONGLOMERASI_KEUANGAN_MELALUI_FORUM_PANEL_PENGAWASAN_BERDASARKAN_RISIKO.pdf
FAQ_20POJK_2012_20Tahun_202024_20Penerapan_20Strategi_20Anti_20Fraud_20bagi_20Lembaga_20Jasa_20Keuangan.pdf,,12,2024,TIDAK_COCOK,downloads/FAQ_20POJK_2012_20Tahun_202024_20Penerapan_20Strategi_20Anti_20Fraud_20bagi_20Lembaga_20Jasa_20Keuangan.pdf
Abstrak_20POJK_2011_20Tahun_202025_20Penyelenggaraan_20Usaha_20Lembaga_20Penjamin.pdf,,11,2025,TIDAK_COCOK,downloads/Abstrak_20POJK_2011_20Tahun_202025_20Penyelenggaraan_20Usaha_20Lembaga_20Penjamin.pdf
Peraturan_OJK_2_1992.pdf,POJK,2,1992,TIDAK_COCOK,downloads/Peraturan_OJK_2_1992.pdf
Surat_Edaran_OJK_5_2022.pdf,SEOJK,5,2022,COCOK,downloads/Surat_Edaran_OJK_5_2022.pdf
Surat_Edaran_OJK_1_2020.pdf,SEOJK,1,2020,COCOK,downloads/Surat_Edaran_OJK_1_2020.pdf
Peraturan_ADK_4_Tahun_2015_DEWAN_AUDIT_OTORITAS_JASA_KEUANGAN.pdf,PADK,4,2015,TIDAK_COCOK,downloads/Peraturan_ADK_4_Tahun_2015_DEWAN_AUDIT_OTORITAS_JASA_KEUANGAN.pdf
Surat_Edaran_OJK_7_2020.pdf,SEOJK,7,2020,COCOK,downloads/Surat_Edaran_OJK_7_2020.pdf
Surat_Edaran_OJK_32_2021.pdf,SEOJK,32,2021,COCOK,downloads/Surat_Edaran_OJK_32_2021.pdf
FAQ_20POJK_202_20Tahun_202026_20Reksa_20Dana_20Berbentuk_20Kontrak_20Investasi_20Kolektif_20Yang_20Unit_20Penyertaannya_20Diperdagangkan_20Di_20Bursa_20Efek_20Dengan_20Aset_20Yang_20Mendasari_20Berupa_20Emas.pdf,,2,2026,TIDAK_COCOK,downloads/FAQ_20POJK_202_20Tahun_202026_20Reksa_20Dana_20Berbentuk_20Kontrak_20Investasi_20Kolektif_20Yang_20Unit_20Penyertaannya_20Diperdagangkan_20Di_20Bursa_20Efek_20Dengan_20Aset_20Yang_20Mendasari_20Berupa_20Emas.pdf
POJK_2029_20Tahun_202024_20Pemeringkat_20Kredit_20Alternatif_20_PKA_.pdf,POJK,29,2024,COCOK,downloads/POJK_2029_20Tahun_202024_20Pemeringkat_20Kredit_20Alternatif_20_PKA_.pdf
Peraturan_OJK_29_2025.pdf,POJK,29,2025,COCOK,downloads/Peraturan_OJK_29_2025.pdf
Surat_Edaran_OJK_4_2019.pdf,SEOJK,4,2019,COCOK,downloads/Surat_Edaran_OJK_4_2019.pdf
Peraturan_ADK_13_Tahun_2018_PEDOMAN_PENGGUNAAN_VENDOR_MANAGEMENT_SYSTEM_OTORITAS_JASA_KEUANGAN_Sehubungan.pdf,PADK,13,2018,TIDAK_COCOK,downloads/Peraturan_ADK_13_Tahun_2018_PEDOMAN_PENGGUNAAN_VENDOR_MANAGEMENT_SYSTEM_OTORITAS_JASA_KEUANGAN_Sehubungan.pdf
Peraturan_ADK_15_Tahun_2013_FASILITAS_DAN_TARIF_FASILITAS_PERJALANAN_DINAS_PEGAWAI_OTORITAS_JASA_KEUANGAN.pdf,PADK,15,2013,TIDAK_COCOK,downloads/Peraturan_ADK_15_Tahun_2013_FASILITAS_DAN_TARIF_FASILITAS_PERJALANAN_DINAS_PEGAWAI_OTORITAS_JASA_KEUANGAN.pdf
Peraturan_ADK_20_Tahun_2014_PERUBAHAN_ATAS_SURAT_EDARAN_DEWAN_KOMISIONER_OTORITAS_JASA_KEUANGAN_NOMOR_14_SEDK.02_2013_TENTANG_SISTEM_PENGEMBANGAN_SUMBER_DAYA_MANUSIA.pdf,PADK,20,2014,TIDAK_COCOK,downloads/Peraturan_ADK_20_Tahun_2014_PERUBAHAN_ATAS_SURAT_EDARAN_DEWAN_KOMISIONER_OTORITAS_JASA_KEUANGAN_NOMOR_14_SEDK.02_2013_TENTANG_SISTEM_PENGEMBANGAN_SUMBER_DAYA_MANUSIA.pdf
Peraturan_ADK_Tahun_PERUBAHAN_KETIGA_ATAS_PERATURAN_DEWAN_KOMISIONER_OTORITAS_JASA_KEUANGAN_NOMOR_01_11_PDK_XII_2012_TENTANG_TATA_NASKAH_DINAS_OTORITAS_JASA_KEUANGAN.pdf,PADK,1,2012,TIDAK_COCOK,downloads/Peraturan_ADK_Tahun_PERUBAHAN_KETIGA_ATAS_PERATURAN_DEWAN_KOMISIONER_OTORITAS_JASA_KEUANGAN_NOMOR_01_11_PDK_XII_2012_TENTANG_TATA_NASKAH_DINAS_OTORITAS_JASA_KEUANGAN.pdf
Peraturan_ADK_5_Tahun_2019_STANDAR_KONTRAK_PENGADAAN_BARANG_JASA_OTORITAS_JASA_KEUANGAN.pdf,PADK,5,2019,TIDAK_COCOK,downloads/Peraturan_ADK_5_Tahun_2019_STANDAR_KONTRAK_PENGADAAN_BARANG_JASA_OTORITAS_JASA_KEUANGAN.pdf
Surat_Edaran_OJK_10_2022.pdf,SEOJK,10,2022,COCOK,downloads/Surat_Edaran_OJK_10_2022.pdf
SEOJK_2015-SEOJK03-2025_20Penerapan_20Tata_20Kelola_20Bagi_20Bank_20Perekonomian_20Rakyat_20Syariah.pdf,SEOJK,15,2025,COCOK,downloads/SEOJK_2015-SEOJK03-2025_20Penerapan_20Tata_20Kelola_20Bagi_20Bank_20Perekonomian_20Rakyat_20Syariah.pdf
Peraturan_ADK_10_Tahun_2016_PEDOMAN_PELAKSANAAN_PENILAIAN_KEMAMPUAN_DAN_KEPATUTAN_BAGI_PIHAK_UTAMA_LEMBAGA_JASA_KEUANGAN_NON-BANK.pdf,PADK,10,2016,TIDAK_COCOK,downloads/Peraturan_ADK_10_Tahun_2016_PEDOMAN_PELAKSANAAN_PENILAIAN_KEMAMPUAN_DAN_KEPATUTAN_BAGI_PIHAK_UTAMA_LEMBAGA_JASA_KEUANGAN_NON-BANK.pdf
Undang-Undang_14_1967.pdf,UU,14,1967,TIDAK_COCOK,downloads/Undang-Undang_14_1967.pdf
Surat_Edaran_OJK_22_2025.pdf,SEOJK,22,2025,COCOK,downloads/Surat_Edaran_OJK_22_2025.pdf
Peraturan_ADK_5_Tahun_2024_PEDOMAN_PENGAWASAN_KONSOLIDASI_BANK_PEREKONOMIAN_RAKYAT_DAN_BANK_PEREKONOMIAN_RAKYAT_SYARIAH_DALAM_KEPEMILIKAN_DAN_ATAU_PENGENDALIAN_PEMEGANG_SAHAM_PENGENDALI_YANG_SAMA.pdf,PADK,5,2024,TIDAK_COCOK,downloads/Peraturan_ADK_5_Tahun_2024_PEDOMAN_PENGAWASAN_KONSOLIDASI_BANK_PEREKONOMIAN_RAKYAT_DAN_BANK_PEREKONOMIAN_RAKYAT_SYARIAH_DALAM_KEPEMILIKAN_DAN_ATAU_PENGENDALIAN_PEMEGANG_SAHAM_PENGENDALI_YANG_SAMA.pdf
Peraturan_OJK_20_2020.pdf,POJK,20,2020,COCOK,downloads/Peraturan_OJK_20_2020.pdf
Surat_Edaran_OJK_21_2016.pdf,SEOJK,21,2016,COCOK,downloads/Surat_Edaran_OJK_21_2016.pdf
Peraturan_ADK_6_Tahun_2024_LAPORAN_KINERJA_KELEMBAGAAN_OTORITAS_JASA_KEUANGAN.pdf,PADK,6,2024,TIDAK_COCOK,downloads/Peraturan_ADK_6_Tahun_2024_LAPORAN_KINERJA_KELEMBAGAAN_OTORITAS_JASA_KEUANGAN.pdf
Peraturan_OJK_59_2017.pdf,POJK,59,2017,COCOK,downloads/Peraturan_OJK_59_2017.pdf
Peraturan_ADK_1_Tahun_2014_FORMAT_SAMPUL_LAPORAN_HASIL_PEMERIKSAAN_TERHADAP_BANK.pdf,PADK,1,2014,TIDAK_COCOK,downloads/Peraturan_ADK_1_Tahun_2014_FORMAT_SAMPUL_LAPORAN_HASIL_PEMERIKSAAN_TERHADAP_BANK.pdf
Peraturan_ADK_Tahun_PELAKSANAAN_TATA_TERTIB_DAN_DISIPLIN_PEGAWAI_OTORITAS_JASA_KEUANGAN.pdf,PADK,,,TIDAK_COCOK,downloads/Peraturan_ADK_Tahun_PELAKSANAAN_TATA_TERTIB_DAN_DISIPLIN_PEGAWAI_OTORITAS_JASA_KEUANGAN.pdf
Peraturan_ADK_5_Tahun_2021_PEDOMAN_TEKNIS_TATA_CARA_PEMERIKSAAN_LANGSUNG_LEMBAGA_JASA_KEUANGAN_NONBANK.pdf,PADK,5,2021,TIDAK_COCOK,downloads/Peraturan_ADK_5_Tahun_2021_PEDOMAN_TEKNIS_TATA_CARA_PEMERIKSAAN_LANGSUNG_LEMBAGA_JASA_KEUANGAN_NONBANK.pdf
Peraturan_ADK_1_Tahun_2016_MEKANISME_KOORDINASI_PEMERIKSAAN_DAN_ATAU_INVESTIGASI_BERSAMA_ANTARA_SATUAN_KERJA_PEMERIKSAAN_DAN_ATAU_INVESTIGASI_DENGAN_PENYIDIK_OTORITAS_JASA_KEUANGAN.pdf,PADK,1,2016,TIDAK_COCOK,downloads/Peraturan_ADK_1_Tahun_2016_MEKANISME_KOORDINASI_PEMERIKSAAN_DAN_ATAU_INVESTIGASI_BERSAMA_ANTARA_SATUAN_KERJA_PEMERIKSAAN_DAN_ATAU_INVESTIGASI_DENGAN_PENYIDIK_OTORITAS_JASA_KEUANGAN.pdf
Peraturan_ADK_3_Tahun_2020_PEDOMAN_SINGKATAN_AKRONIM_DAN_KODERING_NASKAH_DINAS_SATUAN_KERJA_DAN_ATAU_UNIT_KERJA_DI_LINGKUNGAN_OTORITAS_JASA_KEUANGAN.pdf,PADK,3,2020,TIDAK_COCOK,downloads/Peraturan_ADK_3_Tahun_2020_PEDOMAN_SINGKATAN_AKRONIM_DAN_KODERING_NASKAH_DINAS_SATUAN_KERJA_DAN_ATAU_UNIT_KERJA_DI_LINGKUNGAN_OTORITAS_JASA_KEUANGAN.pdf
Peraturan_ADK_45_Tahun_2013_PERUBAHAN_KEDUA_ATAS_PERATURAN_DEWAN_KOMISIONER_OTORITAS_JASA_KEUANGAN_NOMOR_01_16_PDK_XII_2012_TENTANG_PELAKSANAAN_TUGAS_DAN_WEWENANG_DEWAN_KOMISIONER_OTORITAS_JASA_KEUANGAN.pdf,PADK,45,2013,TIDAK_COCOK,downloads/Peraturan_ADK_45_Tahun_2013_PERUBAHAN_KEDUA_ATAS_PERATURAN_DEWAN_KOMISIONER_OTORITAS_JASA_KEUANGAN_NOMOR_01_16_PDK_XII_2012_TENTANG_PELAKSANAAN_TUGAS_DAN_WEWENANG_DEWAN_KOMISIONER_OTORITAS_JASA_KEUANGAN.pdf
Peraturan_ADK_7_Tahun_2019_PERUBAHAN_KETUJUH_SURAT_EDARAN_DEWAN_KOMISIONER_OTORITAS_JASA_KEUANGAN_NOMOR_33_SEDK.02_2013_TENTANG_PEDOMAN_TATA_NASKAH_DINAS_OTORITAS_JASA_KEUANGAN.pdf,PADK,7,2019,TIDAK_COCOK,downloads/Peraturan_ADK_7_Tahun_2019_PERUBAHAN_KETUJUH_SURAT_EDARAN_DEWAN_KOMISIONER_OTORITAS_JASA_KEUANGAN_NOMOR_33_SEDK.02_2013_TENTANG_PEDOMAN_TATA_NASKAH_DINAS_OTORITAS_JASA_KEUANGAN.pdf
Undang-Undang_12_1967.pdf,UU,12,1967,TIDAK_COCOK,downloads/Undang-Undang_12_1967.pdf
Peraturan_OJK_43_2016.pdf,POJK,43,2016,COCOK,downloads/Peraturan_OJK_43_2016.pdf
Peraturan_OJK_11_2020.pdf,POJK,11,2020,COCOK,downloads/Peraturan_OJK_11_2020.pdf
Peraturan_OJK_19_2021.pdf,POJK,19,2021,COCOK,downloads/Peraturan_OJK_19_2021.pdf
Undang-Undang_10_1998.pdf,UU,10,1998,TIDAK_COCOK,downloads/Undang-Undang_10_1998.pdf
Peraturan_ADK_21_Tahun_2017_URAIAN_JABATAN_ORGANISASI_OTORITAS_JASA_KEUANGAN.pdf,PADK,21,2017,TIDAK_COCOK,downloads/Peraturan_ADK_21_Tahun_2017_URAIAN_JABATAN_ORGANISASI_OTORITAS_JASA_KEUANGAN.pdf
Peraturan_ADK_22_Tahun_2017_DIREKTORI_KOMPETENSI_PERILAKU_DI_LINGKUNGAN_OTORITAS_JASA_KEUANGAN.pdf,PADK,22,2017,TIDAK_COCOK,downloads/Peraturan_ADK_22_Tahun_2017_DIREKTORI_KOMPETENSI_PERILAKU_DI_LINGKUNGAN_OTORITAS_JASA_KEUANGAN.pdf
Peraturan_ADK_1_Tahun_2013_TUNJANGAN_HARI_RAYA_KEAGAMAAN_BAGI_PEGAWAI_OTORITAS_JASA_KEUANGAN_TAHUN_2013.pdf,PADK,1,2013,TIDAK_COCOK,downloads/Peraturan_ADK_1_Tahun_2013_TUNJANGAN_HARI_RAYA_KEAGAMAAN_BAGI_PEGAWAI_OTORITAS_JASA_KEUANGAN_TAHUN_2013.pdf
Peraturan_ADK_1_Tahun_2026_PEDOMAN_SINGKATAN_AKRONIM_DAN_KODERING_NASKAH_DINAS_SATUAN_KERJA_DAN_ATAU_UNIT_KERJA_DI_LINGKUNGAN_OTORITAS_JASA_KEUANGAN.pdf,PADK,1,2026,COCOK,downloads/Peraturan_ADK_1_Tahun_2026_PEDOMAN_SINGKATAN_AKRONIM_DAN_KODERING_NASKAH_DINAS_SATUAN_KERJA_DAN_ATAU_UNIT_KERJA_DI_LINGKUNGAN_OTORITAS_JASA_KEUANGAN.pdf
Surat_Edaran_OJK_44_2016.pdf,SEOJK,44,2016,COCOK,downloads/Surat_Edaran_OJK_44_2016.pdf
Peraturan_OJK_22_2016.pdf,POJK,22,2016,COCOK,downloads/Peraturan_OJK_22_2016.pdf
Peraturan_ADK_9_Tahun_2025_PERATURAN_DANA_PENSIUN_DARI_DANA_PENSIUN_OTORITAS_JASA_KEUANGAN_Pokok-Pokok_Pengaturan_1._Biaya_Dana_Pensiun_Rincian_biaya_ditetapkan_oleh_Pengurus_dalam_kebijakan_internal_kecuali_remunerasi.pdf,PADK,9,2025,TIDAK_COCOK,downloads/Peraturan_ADK_9_Tahun_2025_PERATURAN_DANA_PENSIUN_DARI_DANA_PENSIUN_OTORITAS_JASA_KEUANGAN_Pokok-Pokok_Pengaturan_1._Biaya_Dana_Pensiun_Rincian_biaya_ditetapkan_oleh_Pengurus_dalam_kebijakan_internal_kecuali_remunerasi.pdf
Surat_Edaran_OJK_30_2024.pdf,SEOJK,30,2024,TIDAK_COCOK,downloads/Surat_Edaran_OJK_30_2024.pdf
Surat_Edaran_OJK_13_2025.pdf,SEOJK,13,2025,COCOK,downloads/Surat_Edaran_OJK_13_2025.pdf
FAQ_20POJK_209_20Tahun_202024_20Penerapan_20Tata_20Kelola_20bagi_20BPR_20dan_20BPRS.pdf,,9,2024,TIDAK_COCOK,downloads/FAQ_20POJK_209_20Tahun_202024_20Penerapan_20Tata_20Kelola_20bagi_20BPR_20dan_20BPRS.pdf
SEOJK_208-SEOJK03-2025_20Penerapan_20Fungsi_20Kepatuhan_20Bagi_20Bank_20Perekonomian_20Rakyat_20dan_20Bank_20Perekonomian_20Rakyat_20Syariah.pdf,SEOJK,8,2025,COCOK,downloads/SEOJK_208-SEOJK03-2025_20Penerapan_20Fungsi_20Kepatuhan_20Bagi_20Bank_20Perekonomian_20Rakyat_20dan_20Bank_20Perekonomian_20Rakyat_20Syariah.pdf
Peraturan_ADK_3_Tahun_2015_Pelaksanaan_Penyidikan_Tindak_Pidana_di_Sektor_Jasa_Keuangan_sebagaimana_telah_diubah_dengan_Peraturan_Dewan_Komisioner_Otoritas_Jasa_Keuangan_Nomor_1_PDK.02_2020_tentang_Perubahan_atas_Peraturan.pdf,PADK,3,2015,TIDAK_COCOK,downloads/Peraturan_ADK_3_Tahun_2015_Pelaksanaan_Penyidikan_Tindak_Pidana_di_Sektor_Jasa_Keuangan_sebagaimana_telah_diubah_dengan_Peraturan_Dewan_Komisioner_Otoritas_Jasa_Keuangan_Nomor_1_PDK.02_2020_tentang_Perubahan_atas_Peraturan.pdf
Peraturan_OJK_22_2017.pdf,POJK,22,2017,COCOK,downloads/Peraturan_OJK_22_2017.pdf
Peraturan_ADK_1_Tahun_2019_PEDOMAN_PEMANFAATAN_BARANG_MILIK_OTORITAS_JASA_KEUANGAN_DAN_BARANG_MILIK_PIHAK_LAINNYA.pdf,PADK,1,2019,TIDAK_COCOK,downloads/Peraturan_ADK_1_Tahun_2019_PEDOMAN_PEMANFAATAN_BARANG_MILIK_OTORITAS_JASA_KEUANGAN_DAN_BARANG_MILIK_PIHAK_LAINNYA.pdf
POJK_2025_20Tahun_202023_20Penyelenggaraan_20Usaha_20Perusahaan_20Modal_20Ventura_20dan_20Perusahaan_20Modal_20Ventura_20Syariah.pdf,POJK,25,2023,COCOK,downloads/POJK_2025_20Tahun_202023_20Penyelenggaraan_20Usaha_20Perusahaan_20Modal_20Ventura_20dan_20Perusahaan_20Modal_20Ventura_20Syariah.pdf
PADK_202_20Tahun_202026_20Penyelenggaraan_20Beli_20Sekarang_20Bayar_20Nanti_20_28Buy_20Now_20Pay_20Later_29_20Bagi_20Perusahaan_20Pembiayaan_20dan_20Perusahaan_20Pembiayaan_20Syariah.pdf,PADK,2,2026,COCOK,downloads/PADK_202_20Tahun_202026_20Penyelenggaraan_20Beli_20Sekarang_20Bayar_20Nanti_20_28Buy_20Now_20Pay_20Later_29_20Bagi_20Perusahaan_20Pembiayaan_20dan_20Perusahaan_20Pembiayaan_20Syariah.pdf
Abstrak_20SEOJK_2015-SEOJK03-2025_20Penerapan_20Tata_20Kelola_20Bagi_20Bank_20Perekonomian_20Rakyat_20Syariah.pdf,,15,2025,TIDAK_COCOK,downloads/Abstrak_20SEOJK_2015-SEOJK03-2025_20Penerapan_20Tata_20Kelola_20Bagi_20Bank_20Perekonomian_20Rakyat_20Syariah.pdf
Peraturan_OJK_3_2014.pdf,POJK,3,2014,TIDAK_COCOK,downloads/Peraturan_OJK_3_2014.pdf
POJK_2012_20Tahun_202024_20Penerapan_20Strategi_20Anti_20Fraud_20bagi_20Lembaga_20Jasa_20Keuangan.pdf,POJK,12,2024,COCOK,downloads/POJK_2012_20Tahun_202024_20Penerapan_20Strategi_20Anti_20Fraud_20bagi_20Lembaga_20Jasa_20Keuangan.pdf
Peraturan_ADK_12_Tahun_2014_TATA_CARA_PEMBERIAN_FASILITAS_DAN_PERTANGGUNG_JAWABAN_PERJALANAN_DINAS_PEGAWAI_OTORITAS_JASA_KEUANGAN.pdf,PADK,12,2014,TIDAK_COCOK,downloads/Peraturan_ADK_12_Tahun_2014_TATA_CARA_PEMBERIAN_FASILITAS_DAN_PERTANGGUNG_JAWABAN_PERJALANAN_DINAS_PEGAWAI_OTORITAS_JASA_KEUANGAN.pdf
FAQ_20SEOJK_2031-SEOJK03-2025_20Pelaporan_20Bank_20Umum_20Konvensional_20Melalui_20Sistem_20Pelaporan_20Otoritas_20Jasa_20Keuangan.pdf,,31,2025,TIDAK_COCOK,downloads/FAQ_20SEOJK_2031-SEOJK03-2025_20Pelaporan_20Bank_20Umum_20Konvensional_20Melalui_20Sistem_20Pelaporan_20Otoritas_20Jasa_20Keuangan.pdf
Peraturan_ADK_2_Tahun_2019_PEDOMAN_PEMELIHARAAN_DAN_PENINGKATAN_KAPASITAS_TERHADAP_BARANG_MILIK_OTORITAS_JASA_KEUANGAN_DAN_BARANG_MILIK_PIHAK_LAINNYA_DI_OTORITAS_JASA_KEUANGAN.pdf,PADK,2,2019,TIDAK_COCOK,downloads/Peraturan_ADK_2_Tahun_2019_PEDOMAN_PEMELIHARAAN_DAN_PENINGKATAN_KAPASITAS_TERHADAP_BARANG_MILIK_OTORITAS_JASA_KEUANGAN_DAN_BARANG_MILIK_PIHAK_LAINNYA_DI_OTORITAS_JASA_KEUANGAN.pdf
FAQ_20POJK_2040_20Tahun_202024_20Layanan_20Pendanaan_20Bersama_20Berbasis_20Teknologi_20Informasi.pdf,,40,2024,TIDAK_COCOK,downloads/FAQ_20POJK_2040_20Tahun_202024_20Layanan_20Pendanaan_20Bersama_20Berbasis_20Teknologi_20Informasi.pdf
Peraturan_ADK_6_Tahun_2020_PEDOMAN_PENETAPAN_STATUS_DAN_TINDAK_LANJUT_PENGAWASAN_BANK_UMUM.pdf,PADK,6,2020,TIDAK_COCOK,downloads/Peraturan_ADK_6_Tahun_2020_PEDOMAN_PENETAPAN_STATUS_DAN_TINDAK_LANJUT_PENGAWASAN_BANK_UMUM.pdf
FAQ_20POJK_207_20Tahun_202025_20Laporan_20Bank_20Umum_20Sebagai_20Kustodian.pdf,,7,2025,TIDAK_COCOK,downloads/FAQ_20POJK_207_20Tahun_202025_20Laporan_20Bank_20Umum_20Sebagai_20Kustodian.pdf
Peraturan_ADK_8_Tahun_2016_LOGO_OTORITAS_JASA_KEUANGAN.pdf,PADK,8,2016,TIDAK_COCOK,downloads/Peraturan_ADK_8_Tahun_2016_LOGO_OTORITAS_JASA_KEUANGAN.pdf
Surat_Edaran_OJK_1_2014.pdf,SEOJK,1,2014,COCOK,downloads/Surat_Edaran_OJK_1_2014.pdf
Abstrak_20POJK_201_20Tahun_202026_20Penggunaan_20Tenaga_20Kerja_20Asing_20dan_20Program_20Alih_20Pengetahuan_20oleh_20Bank_20Umum.pdf,,1,2026,TIDAK_COCOK,downloads/Abstrak_20POJK_201_20Tahun_202026_20Penggunaan_20Tenaga_20Kerja_20Asing_20dan_20Program_20Alih_20Pengetahuan_20oleh_20Bank_20Umum.pdf
Peraturan_ADK_13_Tahun_2016_PEDOMAN_PENGAWASAN_BANK_BERDASARKAN_RISIKO_UNTUK_TAHAPAN_PENYUSUNAN_RENCANA_KERJA_PEMERIKSAAN_AUDIT_WORKING_PLAN.pdf,PADK,13,2016,TIDAK_COCOK,downloads/Peraturan_ADK_13_Tahun_2016_PEDOMAN_PENGAWASAN_BANK_BERDASARKAN_RISIKO_UNTUK_TAHAPAN_PENYUSUNAN_RENCANA_KERJA_PEMERIKSAAN_AUDIT_WORKING_PLAN.pdf
Peraturan_ADK_1_Tahun_2015_PEDOMAN_MANAJEMEN_KINERJA_OTORITAS_JASA_KEUANGAN.pdf,PADK,1,2015,TIDAK_COCOK,downloads/Peraturan_ADK_1_Tahun_2015_PEDOMAN_MANAJEMEN_KINERJA_OTORITAS_JASA_KEUANGAN.pdf
Peraturan_ADK_2_Tahun_2025_KODE_ETIK_DAN_PERILAKU_PEGAWAI_OTORITAS_JASA_KEUANGAN.pdf,PADK,2,2025,TIDAK_COCOK,downloads/Peraturan_ADK_2_Tahun_2025_KODE_ETIK_DAN_PERILAKU_PEGAWAI_OTORITAS_JASA_KEUANGAN.pdf
Peraturan_ADK_10_Tahun_2018_PEDOMAN_PELAKSANAAN_FORUM_PANEL_PENGAWASAN_BANK_PERKREDITAN_RAKYAT_DAN_BANK_PEMBIAYAAN_RAKYAT_SYARIAH_BERDASARKAN_RISIKO.pdf,PADK,10,2018,TIDAK_COCOK,downloads/Peraturan_ADK_10_Tahun_2018_PEDOMAN_PELAKSANAAN_FORUM_PANEL_PENGAWASAN_BANK_PERKREDITAN_RAKYAT_DAN_BANK_PEMBIAYAAN_RAKYAT_SYARIAH_BERDASARKAN_RISIKO.pdf
Surat_Edaran_OJK_6_2014.pdf,SEOJK,6,2014,COCOK,downloads/Surat_Edaran_OJK_6_2014.pdf
Abstrak_20SEOJK_205-SEOJK.07-2024_20Mekanisme_20Ruang_20Uji_20Coba_20dan_20Pengembangan_20Inovasi.pdf,,5,2024,TIDAK_COCOK,downloads/Abstrak_20SEOJK_205-SEOJK.07-2024_20Mekanisme_20Ruang_20Uji_20Coba_20dan_20Pengembangan_20Inovasi.pdf
Peraturan_ADK_45_2025.pdf,PADK,45,2025,COCOK,downloads/Peraturan_ADK_45_2025.pdf
Peraturan_OJK_18_2015.pdf,POJK,18,2015,COCOK,downloads/Peraturan_OJK_18_2015.pdf
Peraturan_ADK_2_Tahun_2024_PEDOMAN_PENGAWASAN_PENGELOLAAN_INVESTASI.pdf,PADK,2,2024,TIDAK_COCOK,downloads/Peraturan_ADK_2_Tahun_2024_PEDOMAN_PENGAWASAN_PENGELOLAAN_INVESTASI.pdf
Peraturan_ADK_1_Tahun_2018_PETUNJUK_PELAKSANAAN_PROTOKOL_MANAJEMEN_KRISIS_DI_SEKTOR_INDUSTRI_KEUANGAN_NONBANK.pdf,PADK,1,2018,TIDAK_COCOK,downloads/Peraturan_ADK_1_Tahun_2018_PETUNJUK_PELAKSANAAN_PROTOKOL_MANAJEMEN_KRISIS_DI_SEKTOR_INDUSTRI_KEUANGAN_NONBANK.pdf
Surat_Edaran_OJK_23_2017.pdf,SEOJK,23,2017,COCOK,downloads/Surat_Edaran_OJK_23_2017.pdf
Peraturan_OJK_26_2016.pdf,POJK,26,2016,COCOK,downloads/Peraturan_OJK_26_2016.pdf
Peraturan_ADK_28_Tahun_2013_PERUBAHAN_ATAS_PERATURAN_DEWAN_KOMISIONER_OTORITAS_JASA_KEUANGAN_NOMOR_11_PDK.02_2013_TENTANG_BATAS_USIA_PENSIUN_PEGAWAI_OTORITAS_JASA_KEUANGAN.pdf,PADK,28,2013,TIDAK_COCOK,downloads/Peraturan_ADK_28_Tahun_2013_PERUBAHAN_ATAS_PERATURAN_DEWAN_KOMISIONER_OTORITAS_JASA_KEUANGAN_NOMOR_11_PDK.02_2013_TENTANG_BATAS_USIA_PENSIUN_PEGAWAI_OTORITAS_JASA_KEUANGAN.pdf
Peraturan_ADK_6_Tahun_2025_PERUBAHAN_KETIGA_ATAS_SURAT_EDARAN_DEWAN_KOMISIONER_OTORITAS_JASA_KEUANGAN_NOMOR_11_SEDK.02_2023_TENTANG_ORGANISASI_BIDANG_PENGAWASAN_SEKTOR_PERBANKAN.pdf,PADK,6,2025,TIDAK_COCOK,downloads/Peraturan_ADK_6_Tahun_2025_PERUBAHAN_KETIGA_ATAS_SURAT_EDARAN_DEWAN_KOMISIONER_OTORITAS_JASA_KEUANGAN_NOMOR_11_SEDK.02_2023_TENTANG_ORGANISASI_BIDANG_PENGAWASAN_SEKTOR_PERBANKAN.pdf
SEBI_30-2-UK-1997_Pembatasan_Pemberian_Kredit_Tanah_1997.pdf,,30,1997,TIDAK_COCOK,downloads/SEBI_30-2-UK-1997_Pembatasan_Pemberian_Kredit_Tanah_1997.pdf
Peraturan_OJK_16_2021.pdf,POJK,16,2021,COCOK,downloads/Peraturan_OJK_16_2021.pdf
d169b802-e799-a7a7-b5c7-11cf53f3b153.pdf,,,,TIDAK_COCOK,downloads/d169b802-e799-a7a7-b5c7-11cf53f3b153.pdf
Peraturan_OJK_24_2019.pdf,POJK,24,2019,COCOK,downloads/Peraturan_OJK_24_2019.pdf
Surat_Edaran_OJK_24_2023.pdf,SEOJK,24,2023,COCOK,downloads/Surat_Edaran_OJK_24_2023.pdf
Peraturan_OJK_17_2018.pdf,POJK,17,2018,COCOK,downloads/Peraturan_OJK_17_2018.pdf
Surat_Edaran_OJK_17_2018.pdf,SEOJK,17,2018,COCOK,downloads/Surat_Edaran_OJK_17_2018.pdf
Tahun_Standar_Fasilitas_dan_Pengelolaan_Kendaraan_Dinas_Bagi_Satuan_Kerja_Otoritas_Jasa_Keuangan._DATA_PENGGUNAAN_KENDARAAN_DINAS_OPERASIONAL_OJK.pdf,,,,TIDAK_COCOK,downloads/Tahun_Standar_Fasilitas_dan_Pengelolaan_Kendaraan_Dinas_Bagi_Satuan_Kerja_Otoritas_Jasa_Keuangan._DATA_PENGGUNAAN_KENDARAAN_DINAS_OPERASIONAL_OJK.pdf
Peraturan_ADK_9_Tahun_2017_TATA_CARA_PENCAIRAN_DAN_PERTANGGUNGJAWABAN_DANA_OTORITAS_JASA_KEUANGAN.pdf,PADK,9,2017,TIDAK_COCOK,downloads/Peraturan_ADK_9_Tahun_2017_TATA_CARA_PENCAIRAN_DAN_PERTANGGUNGJAWABAN_DANA_OTORITAS_JASA_KEUANGAN.pdf
Abstrak_20POJK_2016_20Tahun_202025_20Penilaian_20Kemampuan_20dan_20Kepatutan_20serta_20Penilaian_20Kembali_20bagi_20Pihak_20Utama_20di_20Sektor_20ITSK_20AKD.pdf,,16,2025,TIDAK_COCOK,downloads/Abstrak_20POJK_2016_20Tahun_202025_20Penilaian_20Kemampuan_20dan_20Kepatutan_20serta_20Penilaian_20Kembali_20bagi_20Pihak_20Utama_20di_20Sektor_20ITSK_20AKD.pdf
5a3d86c9-4c57-6070-05f2-e8e86db3d62b.pdf,,6070,,TIDAK_COCOK,downloads/5a3d86c9-4c57-6070-05f2-e8e86db3d62b.pdf
Peraturan_ADK_2_Tahun_2016_PEDOMAN_PENETAPAN_SYSTEMICALLY_IMPORTANT_BANK_DAN_CAPITAL_SURCHARGE.pdf,PADK,2,2016,TIDAK_COCOK,downloads/Peraturan_ADK_2_Tahun_2016_PEDOMAN_PENETAPAN_SYSTEMICALLY_IMPORTANT_BANK_DAN_CAPITAL_SURCHARGE.pdf
Peraturan_OJK_20_2025.pdf,POJK,20,2025,COCOK,downloads/Peraturan_OJK_20_2025.pdf
Peraturan_OJK_31_2017.pdf,POJK,31,2017,COCOK,downloads/Peraturan_OJK_31_2017.pdf
Peraturan_Bank_Indonesia_15_2002.pdf,PBI,15,2002,TIDAK_COCOK,downloads/Peraturan_Bank_Indonesia_15_2002.pdf
Peraturan_ADK_3_Tahun_2014_RAPAT_PEMIMPIN_SATUAN_KERJA_DI_BIDANG_PENGAWASAN_SEKTOR_PERBANKAN.pdf,PADK,3,2014,TIDAK_COCOK,downloads/Peraturan_ADK_3_Tahun_2014_RAPAT_PEMIMPIN_SATUAN_KERJA_DI_BIDANG_PENGAWASAN_SEKTOR_PERBANKAN.pdf
Peraturan_OJK_26_2015.pdf,POJK,26,2015,COCOK,downloads/Peraturan_OJK_26_2015.pdf
FAQ_20PADK_201_20Tahun_202026_20Penyelenggaraan_20Teknologi_20Informasi_20oleh_20Bank_20Umum.pdf,,1,2026,TIDAK_COCOK,downloads/FAQ_20PADK_201_20Tahun_202026_20Penyelenggaraan_20Teknologi_20Informasi_20oleh_20Bank_20Umum.pdf
Surat_Edaran_OJK_1_2015.pdf,SEOJK,1,2015,COCOK,downloads/Surat_Edaran_OJK_1_2015.pdf
FAQ_20POJK_2023_20Tahun_202024_20Pelaporan_20Melalui_20Sistem_20Pelaporan_20Otoritas_20Jasa_20Keuangan_20dan_20Transparansi_20Kondisi_20Keuangan_20Bagi_20BPR_20dan_20BPRS.pdf,,23,2024,TIDAK_COCOK,downloads/FAQ_20POJK_2023_20Tahun_202024_20Pelaporan_20Melalui_20Sistem_20Pelaporan_20Otoritas_20Jasa_20Keuangan_20dan_20Transparansi_20Kondisi_20Keuangan_20Bagi_20BPR_20dan_20BPRS.pdf
Abstrak_20POJK_2044_20Tahun_202024_20Rahasia_20Bank.pdf,,44,2024,TIDAK_COCOK,downloads/Abstrak_20POJK_2044_20Tahun_202024_20Rahasia_20Bank.pdf
Peraturan_ADK_13_Tahun_2023_PERUBAHAN_ATAS_SURAT_EDARAN_DEWAN_KOMISIONER_OTORITAS_JASA_KEUANGAN_NOMOR_14_SEDK.01_2018_TENTANG_PEDOMAN_PENYUSUNAN_PROSES_BISNIS_DAN_STANDAR_PROSEDUR_OPERASIONAL_OTORITAS_JASA_KEUANGAN.pdf,PADK,13,2023,TIDAK_COCOK,downloads/Peraturan_ADK_13_Tahun_2023_PERUBAHAN_ATAS_SURAT_EDARAN_DEWAN_KOMISIONER_OTORITAS_JASA_KEUANGAN_NOMOR_14_SEDK.01_2018_TENTANG_PEDOMAN_PENYUSUNAN_PROSES_BISNIS_DAN_STANDAR_PROSEDUR_OPERASIONAL_OTORITAS_JASA_KEUANGAN.pdf
Peraturan_OJK_7_2014.pdf,POJK,7,2014,COCOK,downloads/Peraturan_OJK_7_2014.pdf
Surat_Edaran_OJK_30_2019.pdf,SEOJK,30,2019,COCOK,downloads/Surat_Edaran_OJK_30_2019.pdf
Peraturan_OJK_39_2019.pdf,POJK,39,2019,COCOK,downloads/Peraturan_OJK_39_2019.pdf
Peraturan_ADK_6_Tahun_2014_KOMITE_PENGEMBANGAN_JASA_KEUANGAN_SYARIAH_DI_OTORITAS_JASA_KEUANGAN.pdf,PADK,6,2014,TIDAK_COCOK,downloads/Peraturan_ADK_6_Tahun_2014_KOMITE_PENGEMBANGAN_JASA_KEUANGAN_SYARIAH_DI_OTORITAS_JASA_KEUANGAN.pdf
Peraturan_ADK_3_Tahun_2014_PEDOMAN_PENILAIAN_KEMAMPUAN_DAN_KEPATUTAN_BAGI_PIHAK_UTAMA_PADA_PERUSAHAAN_PEMBIAYAAN.pdf,PADK,3,2014,TIDAK_COCOK,downloads/Peraturan_ADK_3_Tahun_2014_PEDOMAN_PENILAIAN_KEMAMPUAN_DAN_KEPATUTAN_BAGI_PIHAK_UTAMA_PADA_PERUSAHAAN_PEMBIAYAAN.pdf
FAQ_20POJK_2038_20Tahun_202025_20Gugatan_20oleh_20OJK_20untuk_20Pelindungan_20Konsumen_20di_20Sektor_20Jasa_20Keuangan.pdf,,38,2025,TIDAK_COCOK,downloads/FAQ_20POJK_2038_20Tahun_202025_20Gugatan_20oleh_20OJK_20untuk_20Pelindungan_20Konsumen_20di_20Sektor_20Jasa_20Keuangan.pdf
Peraturan_OJK_42_2017.pdf,POJK,42,2017,COCOK,downloads/Peraturan_OJK_42_2017.pdf
Peraturan_ADK_36_Tahun_2013_PERUBAHAN_KEDUA_ATAS_KEPUTUSAN_DEWAN_KOMISIONER_OTORITAS_JASA_KEUANGAN_NOMOR_41_KDK.02_2013_TENTANG_PENUNJUKAN_PEJABAT_DAN_ATAU_PEGAWAI_SEBAGAI_PENANGGUNGJAWAB_PELAKSANAAN_ANGGARAN_DI_LINGKUNGAN_OTORITAS_JASA_KEUANGAN.pdf,PADK,36,2013,TIDAK_COCOK,downloads/Peraturan_ADK_36_Tahun_2013_PERUBAHAN_KEDUA_ATAS_KEPUTUSAN_DEWAN_KOMISIONER_OTORITAS_JASA_KEUANGAN_NOMOR_41_KDK.02_2013_TENTANG_PENUNJUKAN_PEJABAT_DAN_ATAU_PEGAWAI_SEBAGAI_PENANGGUNGJAWAB_PELAKSANAAN_ANGGARAN_DI_LINGKUNGAN_OTORITAS_JASA_KEUANGAN.pdf
Peraturan_OJK_30_2014.pdf,POJK,30,2014,COCOK,downloads/Peraturan_OJK_30_2014.pdf
Abstrak_20SEOJK_2022-SEOJK06-2024_20Penilaian_20Kemampuan_20dan_20Kepatutan_20Bagi_20Pihak_20Utama_20Lembaga_20Pembiayaan_20PMV_20LKM_20dan_20LJK_20Lainnya.pdf,,22,2024,TIDAK_COCOK,downloads/Abstrak_20SEOJK_2022-SEOJK06-2024_20Penilaian_20Kemampuan_20dan_20Kepatutan_20Bagi_20Pihak_20Utama_20Lembaga_20Pembiayaan_20PMV_20LKM_20dan_20LJK_20Lainnya.pdf
Surat_Edaran_OJK_28_2020.pdf,SEOJK,28,2020,COCOK,downloads/Surat_Edaran_OJK_28_2020.pdf
Peraturan_ADK_18_Tahun_2017_PEDOMAN_PENGAWASAN_BANK_PEMBIAYAAN_RAKYAT_SYARIAH_BERDASARKAN_RISIKO_UNTUK_TAHAPAN_PEMAHAMAN_TERHADAP_BANK_PEMBIAYAAN_RAKYAT_SYARIAH.pdf,PADK,18,2017,TIDAK_COCOK,downloads/Peraturan_ADK_18_Tahun_2017_PEDOMAN_PENGAWASAN_BANK_PEMBIAYAAN_RAKYAT_SYARIAH_BERDASARKAN_RISIKO_UNTUK_TAHAPAN_PEMAHAMAN_TERHADAP_BANK_PEMBIAYAAN_RAKYAT_SYARIAH.pdf
Peraturan_ADK_2_Tahun_2015_MEKANISME_PEMBUBARAN_DAN_PENYELESAIAN_LIKUIDASI_DANA_PENSIUN.pdf,PADK,2,2015,TIDAK_COCOK,downloads/Peraturan_ADK_2_Tahun_2015_MEKANISME_PEMBUBARAN_DAN_PENYELESAIAN_LIKUIDASI_DANA_PENSIUN.pdf
Tahun_PEMBAGIAN_TUGAS_ANGGOTA_DEWAN_KOMISIONER_OTORITAS_JASA_KEUANGAN.pdf,,,,TIDAK_COCOK,downloads/Tahun_PEMBAGIAN_TUGAS_ANGGOTA_DEWAN_KOMISIONER_OTORITAS_JASA_KEUANGAN.pdf
Peraturan_ADK_3_Tahun_2020_SISTEM_MANAJEMEN_SISTEM_INFORMASI_OTORITAS_JASA_KEUANGAN.pdf,PADK,3,2020,TIDAK_COCOK,downloads/Peraturan_ADK_3_Tahun_2020_SISTEM_MANAJEMEN_SISTEM_INFORMASI_OTORITAS_JASA_KEUANGAN.pdf
POJK_2027_20Tahun_202025_20Pengelolaan_20Aset_20dan_20Liabilitas_20Perusahaan_20Asuransi_20dan_20Perusahaan_20Reasuransi_20dengan_20Prinsip_20Syariah.pdf,POJK,27,2025,COCOK,downloads/POJK_2027_20Tahun_202025_20Pengelolaan_20Aset_20dan_20Liabilitas_20Perusahaan_20Asuransi_20dan_20Perusahaan_20Reasuransi_20dengan_20Prinsip_20Syariah.pdf
Abstrak_20POJK_2048_20Tahun_202024_20Tata_20Kelola_20yang_20baik_20bagi_20Lembaga_20Pembiayaan_20Perusahaan_20Modal_20Ventura_20Lembaga_20Keuangan_20Mikro_20dan_20Lembaga_20Jasa_20Keuangan_20Lainnya.pdf,,48,2024,TIDAK_COCOK,downloads/Abstrak_20POJK_2048_20Tahun_202024_20Tata_20Kelola_20yang_20baik_20bagi_20Lembaga_20Pembiayaan_20Perusahaan_20Modal_20Ventura_20Lembaga_20Keuangan_20Mikro_20dan_20Lembaga_20Jasa_20Keuangan_20Lainnya.pdf
Peraturan_ADK_1_Tahun_2025_PEDOMAN_TANGGAP_DARURAT_OTORITAS_JASA_KEUANGAN.pdf,PADK,1,2025,TIDAK_COCOK,downloads/Peraturan_ADK_1_Tahun_2025_PEDOMAN_TANGGAP_DARURAT_OTORITAS_JASA_KEUANGAN.pdf
Abstrak_20POJK_2027_20Tahun_202023_20Penyelenggaraan_20Usaha_20Dana_20Pensiun.pdf,,27,2023,TIDAK_COCOK,downloads/Abstrak_20POJK_2027_20Tahun_202023_20Penyelenggaraan_20Usaha_20Dana_20Pensiun.pdf
Peraturan_OJK_2_2026.pdf,POJK,2,2026,COCOK,downloads/Peraturan_OJK_2_2026.pdf
Surat_Edaran_OJK_29_2021.pdf,SEOJK,29,2021,COCOK,downloads/Surat_Edaran_OJK_29_2021.pdf
Undang-Undang_1_2013.pdf,UU,1,2013,COCOK,downloads/Undang-Undang_1_2013.pdf
FAQ_20POJK_2029_20Tahun_202024_20Pemeringkat_20Kredit_20Alternatif_20_PKA_.pdf,,29,2024,TIDAK_COCOK,downloads/FAQ_20POJK_2029_20Tahun_202024_20Pemeringkat_20Kredit_20Alternatif_20_PKA_.pdf
Peraturan_ADK_21_Tahun_2011_LOGO_OTORITAS_JASA_KEUANGAN.pdf,PADK,21,2011,TIDAK_COCOK,downloads/Peraturan_ADK_21_Tahun_2011_LOGO_OTORITAS_JASA_KEUANGAN.pdf
Surat_Edaran_OJK_7_2025.pdf,SEOJK,7,2025,COCOK,downloads/Surat_Edaran_OJK_7_2025.pdf
Tahun_PENETAPAN_DAN_PENGANGKATAN_PENYIDIK_KEPOLISIAN_NEGARA_REPUBLIK_INDONESIA_YANG_DIPEKERJAKAN_DI_OTORITAS_JASA_KEUANGAN_NOMOR_8_KDK.02_2015.pdf,,8,2015,TIDAK_COCOK,downloads/Tahun_PENETAPAN_DAN_PENGANGKATAN_PENYIDIK_KEPOLISIAN_NEGARA_REPUBLIK_INDONESIA_YANG_DIPEKERJAKAN_DI_OTORITAS_JASA_KEUANGAN_NOMOR_8_KDK.02_2015.pdf
Surat_Edaran_OJK_7_2017.pdf,SEOJK,7,2017,COCOK,downloads/Surat_Edaran_OJK_7_2017.pdf
Peraturan_ADK_2_Tahun_2017_PERUBAHAN_KEDUA_ATAS_PERATURAN_DEWAN_KOMISIONER_OTORITAS_JASA_KEUANGAN_NOMOR_7_PDK.02_2015_TENTANG_SISTEM_REMUNERASI_PEGAWAI_OTORITAS_JASA_KEUANGAN.pdf,PADK,2,2017,TIDAK_COCOK,downloads/Peraturan_ADK_2_Tahun_2017_PERUBAHAN_KEDUA_ATAS_PERATURAN_DEWAN_KOMISIONER_OTORITAS_JASA_KEUANGAN_NOMOR_7_PDK.02_2015_TENTANG_SISTEM_REMUNERASI_PEGAWAI_OTORITAS_JASA_KEUANGAN.pdf
Peraturan_ADK_11_Tahun_2019_PERUBAHAN_ATAS_SURAT_EDARAN_DEWAN_KOMISIONER_OTORITAS_JASA_KEUANGAN_NOMOR_11_SEDK.01_2019_TENTANG_PETUNJUK_TEKNIS_PELAKSANAAN_PENGADAAN_PEKERJAAN_KONSTRUKSI_TERINTEGRASI_RANCANG_DAN_BANGUN_CONSTRUCTION_-_DESIGN_BUILD.pdf,PADK,11,2019,TIDAK_COCOK,downloads/Peraturan_ADK_11_Tahun_2019_PERUBAHAN_ATAS_SURAT_EDARAN_DEWAN_KOMISIONER_OTORITAS_JASA_KEUANGAN_NOMOR_11_SEDK.01_2019_TENTANG_PETUNJUK_TEKNIS_PELAKSANAAN_PENGADAAN_PEKERJAAN_KONSTRUKSI_TERINTEGRASI_RANCANG_DAN_BANGUN_CONSTRUCTION_-_DESIGN_BUILD.pdf
FAQ_20POJK_2016_20Tahun_202025_20Penilaian_20Kemampuan_20dan_20Kepatutan_20serta_20Penilaian_20Kembali_20bagi_20Pihak_20Utama_20di_20Sektor_20ITSK_20AKD.pdf,,16,2025,TIDAK_COCOK,downloads/FAQ_20POJK_2016_20Tahun_202025_20Penilaian_20Kemampuan_20dan_20Kepatutan_20serta_20Penilaian_20Kembali_20bagi_20Pihak_20Utama_20di_20Sektor_20ITSK_20AKD.pdf
SEOJK_2016-SEOJK07-2025_20Penerapan_20Program_20APU_20PPT_20dan_20Pencegahan_20Pendanaan_20Proliferasi_20Senjata_20Pemusnah_20Massal_20bagi_20Pedagang_20AKD.pdf,SEOJK,16,2025,COCOK,downloads/SEOJK_2016-SEOJK07-2025_20Penerapan_20Program_20APU_20PPT_20dan_20Pencegahan_20Pendanaan_20Proliferasi_20Senjata_20Pemusnah_20Massal_20bagi_20Pedagang_20AKD.pdf
SK_DIR_13-23A.PDF,KEPDIR,13,,TIDAK_COCOK,downloads/SK_DIR_13-23A.PDF
Peraturan_ADK_2_Tahun_2023_PEDOMAN_AUDIT_KHUSUS_DI_OTORITAS_JASA_KEUANGAN.pdf,PADK,2,2023,TIDAK_COCOK,downloads/Peraturan_ADK_2_Tahun_2023_PEDOMAN_AUDIT_KHUSUS_DI_OTORITAS_JASA_KEUANGAN.pdf
216883e9-1051-ae36-9da0-1888ffb2460e.pdf,,1051,,TIDAK_COCOK,downloads/216883e9-1051-ae36-9da0-1888ffb2460e.pdf
Peraturan_OJK_2_2015.pdf,POJK,2,2015,COCOK,downloads/Peraturan_OJK_2_2015.pdf
SEOJK_2013-SEOJK.08-2024_20Penyusunan_20dan_20Penyampaian_20Laporan_20Rencana_20dan_20Laporan_20Realisasi_20Literasi_20Keuangan_20dan_20Inklusi_20Keuangan.pdf,SEOJK,13,2024,COCOK,downloads/SEOJK_2013-SEOJK.08-2024_20Penyusunan_20dan_20Penyampaian_20Laporan_20Rencana_20dan_20Laporan_20Realisasi_20Literasi_20Keuangan_20dan_20Inklusi_20Keuangan.pdf
Peraturan_ADK_2_Tahun_2014_PEDOMAN_PENILAIAN_KEMAMPUAN_DAN_KEPATUTAN_BAGI_PIHAK_UTAMA_PADA_DANA_PENSIUN.pdf,PADK,2,2014,TIDAK_COCOK,downloads/Peraturan_ADK_2_Tahun_2014_PEDOMAN_PENILAIAN_KEMAMPUAN_DAN_KEPATUTAN_BAGI_PIHAK_UTAMA_PADA_DANA_PENSIUN.pdf
FAQ_20PADK_2039-PADK05-2025_20Unit_20Usaha_20Penjaminan_20Pada_20Perusahaan_20Asuransi_20Umum_20dan_20Perusahaan_20Asuransi_20Umum_20Syariah.pdf,,39,2025,TIDAK_COCOK,downloads/FAQ_20PADK_2039-PADK05-2025_20Unit_20Usaha_20Penjaminan_20Pada_20Perusahaan_20Asuransi_20Umum_20dan_20Perusahaan_20Asuransi_20Umum_20Syariah.pdf
Peraturan_OJK_29_2020.pdf,POJK,29,2020,COCOK,downloads/Peraturan_OJK_29_2020.pdf
POJK_2019_20Tahun_202024_20Perubahan_20Atas_20Peraturan_20Otoritas_20Jasa_20Keuangan_20Nomor_2042POJK032015_20tentang_20Kewajiban_20Pemenuhan_20Rasio_20Kecukupan_20Likuiditas_20_Liquidity_20Coverage_20Ratio_20Bagi_20Bank_20Umum.pdf,POJK,19,2024,COCOK,downloads/POJK_2019_20Tahun_202024_20Perubahan_20Atas_20Peraturan_20Otoritas_20Jasa_20Keuangan_20Nomor_2042POJK032015_20tentang_20Kewajiban_20Pemenuhan_20Rasio_20Kecukupan_20Likuiditas_20_Liquidity_20Coverage_20Ratio_20Bagi_20Bank_20Umum.pdf
Peraturan_OJK_65_2017.pdf,POJK,65,2017,COCOK,downloads/Peraturan_OJK_65_2017.pdf
Peraturan_ADK_8_Tahun_2021_PEDOMAN_PENGAWASAN_PERUSAHAAN_ASURANSI_PERUSAHAAN_ASURANSI_SYARIAH_PERUSAHAAN_REASURANSI_DAN_PERUSAHAAN_REASURANSI_SYARIAH_BERBASIS_RISIKO_SEDK_RBS_ASURANSI.pdf,PADK,8,2021,TIDAK_COCOK,downloads/Peraturan_ADK_8_Tahun_2021_PEDOMAN_PENGAWASAN_PERUSAHAAN_ASURANSI_PERUSAHAAN_ASURANSI_SYARIAH_PERUSAHAAN_REASURANSI_DAN_PERUSAHAAN_REASURANSI_SYARIAH_BERBASIS_RISIKO_SEDK_RBS_ASURANSI.pdf
POJK_2028_20Tahun_202025_20Penerapan_20Manajemen_20Risiko_20bagi_20Perusahaan_20Perasuransian_2c_20Lembaga_20Penjamin_2c_20dan_20Dana_20Pensiun.pdf,POJK,28,2025,COCOK,downloads/POJK_2028_20Tahun_202025_20Penerapan_20Manajemen_20Risiko_20bagi_20Perusahaan_20Perasuransian_2c_20Lembaga_20Penjamin_2c_20dan_20Dana_20Pensiun.pdf
Surat_Edaran_OJK_8_2019.pdf,SEOJK,8,2019,COCOK,downloads/Surat_Edaran_OJK_8_2019.pdf
POJK_2039_20Tahun_202025_20Tata_20Cara_20Penagihan_20Sanksi_20Administratif_20Berupa_20Denda_20di_20SJK.pdf,POJK,39,2025,COCOK,downloads/POJK_2039_20Tahun_202025_20Tata_20Cara_20Penagihan_20Sanksi_20Administratif_20Berupa_20Denda_20di_20SJK.pdf
Tahun_Pedoman_Pengawasan_Berbasis_Risiko_Bagi_Wali_Amanat.pdf,,,,TIDAK_COCOK,downloads/Tahun_Pedoman_Pengawasan_Berbasis_Risiko_Bagi_Wali_Amanat.pdf
FAQ_20POJK_2028_20Tahun_202025_20Penerapan_20Manajemen_20Risiko_20bagi_20Perusahaan_20Perasuransian_2c_20Lembaga_20Penjamin_2c_20dan_20Dana_20Pensiun.pdf,,28,2025,TIDAK_COCOK,downloads/FAQ_20POJK_2028_20Tahun_202025_20Penerapan_20Manajemen_20Risiko_20bagi_20Perusahaan_20Perasuransian_2c_20Lembaga_20Penjamin_2c_20dan_20Dana_20Pensiun.pdf
Peraturan_ADK_1_Tahun_2021_TATA_CARA_PEMERIKSAAN_LANGSUNG_LEMBAGA_JASA_KEUANGAN_NONBANK.pdf,PADK,1,2021,TIDAK_COCOK,downloads/Peraturan_ADK_1_Tahun_2021_TATA_CARA_PEMERIKSAAN_LANGSUNG_LEMBAGA_JASA_KEUANGAN_NONBANK.pdf
Peraturan_ADK_42_Tahun_2013_PERUBAHAN_ATAS_PERATURAN_DEWAN_KOMISIONER_OTORITAS_JASA_KEUANGAN_NOMOR_7_PDK.02_2013_TENTANG_PERJALANAN_DINAS_PEGAWAI_OTORITAS_JASA_KEUANGAN.pdf,PADK,42,2013,TIDAK_COCOK,downloads/Peraturan_ADK_42_Tahun_2013_PERUBAHAN_ATAS_PERATURAN_DEWAN_KOMISIONER_OTORITAS_JASA_KEUANGAN_NOMOR_7_PDK.02_2013_TENTANG_PERJALANAN_DINAS_PEGAWAI_OTORITAS_JASA_KEUANGAN.pdf
Tahun_Judul_RDK_dapat_di_klik_untuk_melihat_detail_dokumen._Tanggal_RDK_dapat_di_klik_untuk_melihat_detail_penyelenggaraan._Topik_Laporan_keterangan_tipe_RDK._Satker_Pemrakarsa_satker_yang_memprakarsa_agenda_RDK.pdf,,,,TIDAK_COCOK,downloads/Tahun_Judul_RDK_dapat_di_klik_untuk_melihat_detail_dokumen._Tanggal_RDK_dapat_di_klik_untuk_melihat_detail_penyelenggaraan._Topik_Laporan_keterangan_tipe_RDK._Satker_Pemrakarsa_satker_yang_memprakarsa_agenda_RDK.pdf
Peraturan_ADK_3_Tahun_2015_PERUBAHAN_ATAS_SURAT_EDARAN_DEWAN_KOMISIONER_OTORITAS_JASA_KEUANGAN_NOMOR_1_SEDK.07_2015_TENTANG_PETUNJUK_PELAKSANAAN_PENILAIAN_LEMBAGA_ALTERNATIF_PENYELESAIAN_SENGKETA_DI_SEKTOR_JASA_KEUANGAN.pdf,PADK,3,2015,TIDAK_COCOK,downloads/Peraturan_ADK_3_Tahun_2015_PERUBAHAN_ATAS_SURAT_EDARAN_DEWAN_KOMISIONER_OTORITAS_JASA_KEUANGAN_NOMOR_1_SEDK.07_2015_TENTANG_PETUNJUK_PELAKSANAAN_PENILAIAN_LEMBAGA_ALTERNATIF_PENYELESAIAN_SENGKETA_DI_SEKTOR_JASA_KEUANGAN.pdf
Peraturan_ADK_3_Tahun_2025_PERUBAHAN_KETIGA_ATAS_SURAT_EDARAN_DEWAN_KOMISIONER_OTORITAS_JASA_KEUANGAN_NOMOR_26_SEDK.02_2017_TENTANG_SISTEM_PEMENUHAN_SUMBER_DAYA_MANUSIA_OTORITAS_JASA_KEUANGAN.pdf,PADK,3,2025,TIDAK_COCOK,downloads/Peraturan_ADK_3_Tahun_2025_PERUBAHAN_KETIGA_ATAS_SURAT_EDARAN_DEWAN_KOMISIONER_OTORITAS_JASA_KEUANGAN_NOMOR_26_SEDK.02_2017_TENTANG_SISTEM_PEMENUHAN_SUMBER_DAYA_MANUSIA_OTORITAS_JASA_KEUANGAN.pdf
Peraturan_ADK_29_Tahun_2013_PEDOMAN_PEMERIKSAAN_BERDASARKAN_RISIKO_UNTUK_PEMERIKSAAN_RISIKO_KEPATUHAN.pdf,PADK,29,2013,TIDAK_COCOK,downloads/Peraturan_ADK_29_Tahun_2013_PEDOMAN_PEMERIKSAAN_BERDASARKAN_RISIKO_UNTUK_PEMERIKSAAN_RISIKO_KEPATUHAN.pdf
Peraturan_ADK_17_Tahun_2016_PEDOMAN_PENYUSUNAN_STANDAR_PROSEDUR_OPERASIONAL_DI_LINGKUNGAN_OTORITAS_JASA_KEUANGAN.pdf,PADK,17,2016,TIDAK_COCOK,downloads/Peraturan_ADK_17_Tahun_2016_PEDOMAN_PENYUSUNAN_STANDAR_PROSEDUR_OPERASIONAL_DI_LINGKUNGAN_OTORITAS_JASA_KEUANGAN.pdf
Peraturan_OJK_49_2020.pdf,POJK,49,2020,COCOK,downloads/Peraturan_OJK_49_2020.pdf
Peraturan_ADK_11_Tahun_2018_PEDOMAN_PENGAWASAN_BANK_PEMBIAYAAN_RAKYAT_SYARIAH_BERDASARKAN_RISIKO_UNTUK_TAHAPAN_TINDAKAN_PENGAWASAN_DAN_PEMANTAUAN_BANK_PEMBIAYAAN_RAKYAT_SYARIAH.pdf,PADK,11,2018,TIDAK_COCOK,downloads/Peraturan_ADK_11_Tahun_2018_PEDOMAN_PENGAWASAN_BANK_PEMBIAYAAN_RAKYAT_SYARIAH_BERDASARKAN_RISIKO_UNTUK_TAHAPAN_TINDAKAN_PENGAWASAN_DAN_PEMANTAUAN_BANK_PEMBIAYAAN_RAKYAT_SYARIAH.pdf
Peraturan_ADK_1_Tahun_2025_PEDOMAN_PENGENAAN_SANKSI_ADMINISTRATIF_PENGAWASAN_PERILAKU_PELAKU_USAHA_JASA_KEUANGAN_EDUKASI_DAN_PELINDUNGAN_KONSUMEN.pdf,PADK,1,2025,TIDAK_COCOK,downloads/Peraturan_ADK_1_Tahun_2025_PEDOMAN_PENGENAAN_SANKSI_ADMINISTRATIF_PENGAWASAN_PERILAKU_PELAKU_USAHA_JASA_KEUANGAN_EDUKASI_DAN_PELINDUNGAN_KONSUMEN.pdf
Surat_Edaran_OJK_3_2017.pdf,SEOJK,3,2017,COCOK,downloads/Surat_Edaran_OJK_3_2017.pdf
FAQ_20PADK_2047-PADK05-2025_20Penilaian_20Tingkat_20Kesehatan_20Lembaga_20Penjamin.pdf,,47,2025,TIDAK_COCOK,downloads/FAQ_20PADK_2047-PADK05-2025_20Penilaian_20Tingkat_20Kesehatan_20Lembaga_20Penjamin.pdf
Peraturan_OJK_46_2016.pdf,POJK,46,2016,COCOK,downloads/Peraturan_OJK_46_2016.pdf
Peraturan_ADK_28_Tahun_2023_PEDOMAN_PELAKSANAAN_PROFILING_UNTUK_PENGADAAN_BARANG_JASA_OTORITAS_JASA_KEUANGAN.pdf,PADK,28,2023,TIDAK_COCOK,downloads/Peraturan_ADK_28_Tahun_2023_PEDOMAN_PELAKSANAAN_PROFILING_UNTUK_PENGADAAN_BARANG_JASA_OTORITAS_JASA_KEUANGAN.pdf
Peraturan_ADK_1_Tahun_2013_PEMBENTUKAN_KOMITE_PENGAWASAN_TERINTEGRASI_BERDASARKAN_RISIKO_TERHADAP_KONGLOMERASI_KEUANGAN.pdf,PADK,1,2013,TIDAK_COCOK,downloads/Peraturan_ADK_1_Tahun_2013_PEMBENTUKAN_KOMITE_PENGAWASAN_TERINTEGRASI_BERDASARKAN_RISIKO_TERHADAP_KONGLOMERASI_KEUANGAN.pdf
FAQ_20POJK_2012_20Tahun_202025_20Penerapan_20Manajemen_20Risiko_20dan_20Penilaian_20Tingkat_20Kesehatan_20Manajer_20Investasi.pdf,,12,2025,TIDAK_COCOK,downloads/FAQ_20POJK_2012_20Tahun_202025_20Penerapan_20Manajemen_20Risiko_20dan_20Penilaian_20Tingkat_20Kesehatan_20Manajer_20Investasi.pdf
Peraturan_OJK_39_2024.pdf,POJK,39,2024,COCOK,downloads/Peraturan_OJK_39_2024.pdf
Tahun_Pedoman_Pelaksanaan_Pemeriksaan_Teknis_Emiten_dan_Perusahaan_Publik.pdf,,,,TIDAK_COCOK,downloads/Tahun_Pedoman_Pelaksanaan_Pemeriksaan_Teknis_Emiten_dan_Perusahaan_Publik.pdf
Surat_Edaran_OJK_54_2016.pdf,SEOJK,54,2016,TIDAK_COCOK,downloads/Surat_Edaran_OJK_54_2016.pdf
Surat_Edaran_OJK_3_2019.pdf,SEOJK,3,2019,COCOK,downloads/Surat_Edaran_OJK_3_2019.pdf
POJK_2014_20Tahun_202025_20Pelaksanaan_20Rapat_20Umum_20Pemegang_20Saham_20Rapat_20Umum_20Pemegang_20Obligasi_20dan_20Rapat_20Umum_20Pemegang_20Sukuk_20Secara_20Elektronik.pdf,POJK,14,2025,COCOK,downloads/POJK_2014_20Tahun_202025_20Pelaksanaan_20Rapat_20Umum_20Pemegang_20Saham_20Rapat_20Umum_20Pemegang_20Obligasi_20dan_20Rapat_20Umum_20Pemegang_20Sukuk_20Secara_20Elektronik.pdf
Peraturan_ADK_19_Tahun_2026_PERUBAHAN_ATAS_PERATURAN_ANGGOTA_DEWAN_KOMISIONER_INTERNAL_OTORITAS_JASA_KEUANGAN_NOMOR_6_PADKINT.01_2025_TENTANG_PEDOMAN_PENANGANAN_ISU_PENGAWASAN_LINTAS_SEKTOR_DI_SEKTOR_JASA_KEUANGAN.pdf,PADK,19,2026,TIDAK_COCOK,downloads/Peraturan_ADK_19_Tahun_2026_PERUBAHAN_ATAS_PERATURAN_ANGGOTA_DEWAN_KOMISIONER_INTERNAL_OTORITAS_JASA_KEUANGAN_NOMOR_6_PADKINT.01_2025_TENTANG_PEDOMAN_PENANGANAN_ISU_PENGAWASAN_LINTAS_SEKTOR_DI_SEKTOR_JASA_KEUANGAN.pdf
6_Tahun_2011_PENCEGAHAN_DALAM_PERKARA_DUGAAN_TINDAK_PIDANA_DI_SEKTOR_JASA_KEUANGAN.pdf,,6,2011,TIDAK_COCOK,downloads/6_Tahun_2011_PENCEGAHAN_DALAM_PERKARA_DUGAAN_TINDAK_PIDANA_DI_SEKTOR_JASA_KEUANGAN.pdf
Undang-Undang_12_1962.pdf,UU,12,1962,TIDAK_COCOK,downloads/Undang-Undang_12_1962.pdf
Undang-Undang_21_Tahun_2011_Otoritas_Jasa_Keuangan._3_Pasal_35_ayat_7_7_Departemen_Penyidikan_Sektor_Jasa_Keuangan_melaporkan_barang_bukti_atau_bahan_bukti_berupa_uang_yang_disimpan_dalam_rekening_sebagaimana_dimaksud_pada_ayat_5_sesuai.pdf,UU,21,2011,TIDAK_COCOK,downloads/Undang-Undang_21_Tahun_2011_Otoritas_Jasa_Keuangan._3_Pasal_35_ayat_7_7_Departemen_Penyidikan_Sektor_Jasa_Keuangan_melaporkan_barang_bukti_atau_bahan_bukti_berupa_uang_yang_disimpan_dalam_rekening_sebagaimana_dimaksud_pada_ayat_5_sesuai.pdf
Surat_Edaran_OJK_15_2014.pdf,SEOJK,15,2014,COCOK,downloads/Surat_Edaran_OJK_15_2014.pdf
FAQ_20POJK_2015_20Tahun_202025_20Penilaian_20Reksa_20Dana_20dan_20Penilaian_20Manajer_20Investasi.pdf,,15,2025,TIDAK_COCOK,downloads/FAQ_20POJK_2015_20Tahun_202025_20Penilaian_20Reksa_20Dana_20dan_20Penilaian_20Manajer_20Investasi.pdf
Peraturan_OJK_41_2019.pdf,POJK,41,2019,COCOK,downloads/Peraturan_OJK_41_2019.pdf
Peraturan_ADK_9_Tahun_2017_PEDOMAN_PENGELOLAAN_BARANG_MILIK_OTORITAS_JASA_KEUANGAN_DAN_BARANG_MILIK_PIHAK_LAINNYA_DI_OTORITAS_JASA_KEUANGAN.pdf,PADK,9,2017,TIDAK_COCOK,downloads/Peraturan_ADK_9_Tahun_2017_PEDOMAN_PENGELOLAAN_BARANG_MILIK_OTORITAS_JASA_KEUANGAN_DAN_BARANG_MILIK_PIHAK_LAINNYA_DI_OTORITAS_JASA_KEUANGAN.pdf
Peraturan_OJK_15_2022.pdf,POJK,15,2022,COCOK,downloads/Peraturan_OJK_15_2022.pdf
FAQ_20PADK_2038-PADK06-2025_20Penilaian_20Tingkat_20Kesehatan_20Penyelenggara_20Layanan_20Pendanaan_20Bersama_20Berbasis_20Teknologi_20Informasi.pdf,,38,2025,TIDAK_COCOK,downloads/FAQ_20PADK_2038-PADK06-2025_20Penilaian_20Tingkat_20Kesehatan_20Penyelenggara_20Layanan_20Pendanaan_20Bersama_20Berbasis_20Teknologi_20Informasi.pdf
Peraturan_OJK_37_2014.pdf,POJK,37,2014,COCOK,downloads/Peraturan_OJK_37_2014.pdf
Peraturan_ADK_15_Tahun_2020_PETUNJUK_TEKNIS_PELAKSANAAN_PENGADAAN_BARANG_OTORITAS_JASA_KEUANGAN.pdf,PADK,15,2020,TIDAK_COCOK,downloads/Peraturan_ADK_15_Tahun_2020_PETUNJUK_TEKNIS_PELAKSANAAN_PENGADAAN_BARANG_OTORITAS_JASA_KEUANGAN.pdf
Peraturan_OJK_23_2018.pdf,POJK,23,2018,COCOK,downloads/Peraturan_OJK_23_2018.pdf
Peraturan_OJK_38_2025.pdf,POJK,38,2025,COCOK,downloads/Peraturan_OJK_38_2025.pdf
Surat_Edaran_OJK_36_2025.pdf,SEOJK,36,2025,COCOK,downloads/Surat_Edaran_OJK_36_2025.pdf
Peraturan_ADK_3_Tahun_2023_ORGANISASI_BIDANG_PENGAWASAN_SEKTOR_PERBANKAN.pdf,PADK,3,2023,TIDAK_COCOK,downloads/Peraturan_ADK_3_Tahun_2023_ORGANISASI_BIDANG_PENGAWASAN_SEKTOR_PERBANKAN.pdf
Abstrak_20POJK_2039_20Tahun_202025_20Tata_20Cara_20Penagihan_20Sanksi_20Administratif_20Berupa_20Denda_20di_20SJK.pdf,,39,2025,TIDAK_COCOK,downloads/Abstrak_20POJK_2039_20Tahun_202025_20Tata_20Cara_20Penagihan_20Sanksi_20Administratif_20Berupa_20Denda_20di_20SJK.pdf
Peraturan_OJK_6_2022.pdf,POJK,6,2022,COCOK,downloads/Peraturan_OJK_6_2022.pdf
Surat_Edaran_OJK_44_2017.pdf,SEOJK,44,2017,COCOK,downloads/Surat_Edaran_OJK_44_2017.pdf
Peraturan_OJK_63_2020.pdf,POJK,63,2020,COCOK,downloads/Peraturan_OJK_63_2020.pdf
Peraturan_ADK_3_Tahun_2016_PERUBAHAN_ATAS_SURAT_EDARAN_DEWAN_KOMISIONER_OTORITAS_JASA_KEUANGAN_NOMOR_3_SEDK.01_2015_TENTANG_ADMINISTRASI_PENYIDIKAN_TINDAK_PIDANA_SEKTOR_JASA_KEUANGAN.pdf,PADK,3,2016,TIDAK_COCOK,downloads/Peraturan_ADK_3_Tahun_2016_PERUBAHAN_ATAS_SURAT_EDARAN_DEWAN_KOMISIONER_OTORITAS_JASA_KEUANGAN_NOMOR_3_SEDK.01_2015_TENTANG_ADMINISTRASI_PENYIDIKAN_TINDAK_PIDANA_SEKTOR_JASA_KEUANGAN.pdf
Surat_Edaran_OJK_13_2023.pdf,SEOJK,13,2023,COCOK,downloads/Surat_Edaran_OJK_13_2023.pdf
Peraturan_ADK_7_Tahun_2019_PEDOMAN_PENILAIAN_PERINGKAT_RISIKO_KOMPOSIT_PERUSAHAAN_EFEK_YANG_MELAKUKAN_KEGIATAN_USAHA_SEBAGAI_PENJAMIN_EMISI_EFEK_DAN_ATAU_PERANTARA_PEDAGANG_EFEK_YANG_MERUPAKAN_ANGGOTA_BURSA_EFEK_DALAM_PENGAWASAN_BERDASARKAN_RISIKO.pdf,PADK,7,2019,TIDAK_COCOK,downloads/Peraturan_ADK_7_Tahun_2019_PEDOMAN_PENILAIAN_PERINGKAT_RISIKO_KOMPOSIT_PERUSAHAAN_EFEK_YANG_MELAKUKAN_KEGIATAN_USAHA_SEBAGAI_PENJAMIN_EMISI_EFEK_DAN_ATAU_PERANTARA_PEDAGANG_EFEK_YANG_MERUPAKAN_ANGGOTA_BURSA_EFEK_DALAM_PENGAWASAN_BERDASARKAN_RISIKO.pdf
Peraturan_ADK_5_2025.pdf,PADK,5,2025,TIDAK_COCOK,downloads/Peraturan_ADK_5_2025.pdf
Peraturan_ADK_2_Tahun_2018_PEDOMAN_PERIZINAN_DAN_PENGAWASAN_KELEMBAGAAN_BANK_PEMBIAYAAN_RAKYAT_SYARIAH.pdf,PADK,2,2018,TIDAK_COCOK,downloads/Peraturan_ADK_2_Tahun_2018_PEDOMAN_PERIZINAN_DAN_PENGAWASAN_KELEMBAGAAN_BANK_PEMBIAYAAN_RAKYAT_SYARIAH.pdf
FAQ_20SEOJK_2016-SEOJK.03-2024_20Pelaporan_20Melalui_20Sistem_20Pelaporan_20Otoritas_20Jasa_20Keuangan_20dan_20Transparansi_20Kondisi_20Keuangan_20bagi_20BPR.pdf,,16,2024,TIDAK_COCOK,downloads/FAQ_20SEOJK_2016-SEOJK.03-2024_20Pelaporan_20Melalui_20Sistem_20Pelaporan_20Otoritas_20Jasa_20Keuangan_20dan_20Transparansi_20Kondisi_20Keuangan_20bagi_20BPR.pdf
Peraturan_ADK_1_Tahun_2025_PEDOMAN_PENGENAAN_SANKSI_ADMINISTRATIF_DI_BIDANG_PENGAWASAN_SEKTOR_LEMBAGA_PEMBIAYAAN_PERUSAHAAN_MODAL_VENTURA_LEMBAGA_KEUANGAN_MIKRO_DAN_LEMBAGA_JASA_KEUANGAN_LAINNYA.pdf,PADK,1,2025,TIDAK_COCOK,downloads/Peraturan_ADK_1_Tahun_2025_PEDOMAN_PENGENAAN_SANKSI_ADMINISTRATIF_DI_BIDANG_PENGAWASAN_SEKTOR_LEMBAGA_PEMBIAYAAN_PERUSAHAAN_MODAL_VENTURA_LEMBAGA_KEUANGAN_MIKRO_DAN_LEMBAGA_JASA_KEUANGAN_LAINNYA.pdf
Peraturan_OJK_34_2024.pdf,POJK,34,2024,COCOK,downloads/Peraturan_OJK_34_2024.pdf
Peraturan_OJK_5_2017.pdf,POJK,5,2017,COCOK,downloads/Peraturan_OJK_5_2017.pdf
Abstrak_20SEOJK_2020-SEOJK08-2025_20Publikasi_20Penanganan_20Pengaduan_20dan_20Laporan_20Layanan_20Pengaduan.pdf,,20,2025,TIDAK_COCOK,downloads/Abstrak_20SEOJK_2020-SEOJK08-2025_20Publikasi_20Penanganan_20Pengaduan_20dan_20Laporan_20Layanan_20Pengaduan.pdf
Surat_Edaran_OJK_10_2021.pdf,SEOJK,10,2021,COCOK,downloads/Surat_Edaran_OJK_10_2021.pdf
Peraturan_ADK_17_Tahun_2018_KRITERIA_PERKARA_TINDAK_PIDANA_DI_SEKTOR_JASA_KEUANGAN_YANG_BERSIFAT_STRATEGIS.pdf,PADK,17,2018,TIDAK_COCOK,downloads/Peraturan_ADK_17_Tahun_2018_KRITERIA_PERKARA_TINDAK_PIDANA_DI_SEKTOR_JASA_KEUANGAN_YANG_BERSIFAT_STRATEGIS.pdf
Peraturan_ADK_8_Tahun_2017_PERUBAHAN_ATAS_SURAT_EDARAN_DEWAN_KOMISIONER_NOMOR_5_SEDK.03_2014_TENTANG_MEKANISME_KOORDINASI_DAN_KOMUNIKASI_PENGAWASAN_TERINTEGRASI_BERDASARKAN_RISIKO_TERHADAP_KONGLOMERASI_KEUANGAN.pdf,PADK,8,2017,TIDAK_COCOK,downloads/Peraturan_ADK_8_Tahun_2017_PERUBAHAN_ATAS_SURAT_EDARAN_DEWAN_KOMISIONER_NOMOR_5_SEDK.03_2014_TENTANG_MEKANISME_KOORDINASI_DAN_KOMUNIKASI_PENGAWASAN_TERINTEGRASI_BERDASARKAN_RISIKO_TERHADAP_KONGLOMERASI_KEUANGAN.pdf
Surat_Edaran_OJK_23_2015.pdf,SEOJK,23,2015,COCOK,downloads/Surat_Edaran_OJK_23_2015.pdf
Surat_Edaran_OJK_6_2021.pdf,SEOJK,6,2021,COCOK,downloads/Surat_Edaran_OJK_6_2021.pdf
Surat_Edaran_OJK_25_2017.pdf,SEOJK,25,2017,COCOK,downloads/Surat_Edaran_OJK_25_2017.pdf
Surat_Edaran_OJK_3_2025.pdf,SEOJK,3,2025,COCOK,downloads/Surat_Edaran_OJK_3_2025.pdf
Peraturan_ADK_5_Tahun_2022_PEDOMAN_PEMERIKSAAN_KEPATUHAN_DAN_PEMERIKSAAN_TEKNIS_TERHADAP_AKUNTAN_PUBLIK_DAN_KANTOR_AKUNTAN_PUBLIK_YANG_MELAKUKAN_KEGIATAN_DI_PASAR_MODAL.pdf,PADK,5,2022,TIDAK_COCOK,downloads/Peraturan_ADK_5_Tahun_2022_PEDOMAN_PEMERIKSAAN_KEPATUHAN_DAN_PEMERIKSAAN_TEKNIS_TERHADAP_AKUNTAN_PUBLIK_DAN_KANTOR_AKUNTAN_PUBLIK_YANG_MELAKUKAN_KEGIATAN_DI_PASAR_MODAL.pdf
Peraturan_ADK_18_Tahun_2015_PELAKSANAAN_TATA_TERTIB_DAN_DISIPLIN_PEGAWAI_OTORITAS_JASA_KEUANGAN.pdf,PADK,18,2015,TIDAK_COCOK,downloads/Peraturan_ADK_18_Tahun_2015_PELAKSANAAN_TATA_TERTIB_DAN_DISIPLIN_PEGAWAI_OTORITAS_JASA_KEUANGAN.pdf
Peraturan_Bank_Indonesia_7_Tahun_1992_PENETAPAN_PENGGUNAAN_IZIN_USAHA_ATAS_NAMA_PT_BANK_SINAR_HARAPAN_BALI_MENJADI_IZIN_USAHA_ATAS_NAMA_PT_BANK_MANDIRI_TASPEN_POS.pdf,PBI,7,1992,TIDAK_COCOK,downloads/Peraturan_Bank_Indonesia_7_Tahun_1992_PENETAPAN_PENGGUNAAN_IZIN_USAHA_ATAS_NAMA_PT_BANK_SINAR_HARAPAN_BALI_MENJADI_IZIN_USAHA_ATAS_NAMA_PT_BANK_MANDIRI_TASPEN_POS.pdf
Peraturan_ADK_1_Tahun_2025_MANAJEMEN_PUNGUTAN_DI_SEKTOR_JASA_KEUANGAN_DAN_PENERIMAAN_LAINNYA.pdf,PADK,1,2025,TIDAK_COCOK,downloads/Peraturan_ADK_1_Tahun_2025_MANAJEMEN_PUNGUTAN_DI_SEKTOR_JASA_KEUANGAN_DAN_PENERIMAAN_LAINNYA.pdf
Peraturan_ADK_12_Tahun_2016_PEDOMAN_PENGAWASAN_BANK_BERDASARKAN_RISIKO_UNTUK_TAHAPAN_PEMAHAMAN_TERHADAP_BANK_KNOW_YOUR_BANK_KYB.pdf,PADK,12,2016,TIDAK_COCOK,downloads/Peraturan_ADK_12_Tahun_2016_PEDOMAN_PENGAWASAN_BANK_BERDASARKAN_RISIKO_UNTUK_TAHAPAN_PEMAHAMAN_TERHADAP_BANK_KNOW_YOUR_BANK_KYB.pdf
Peraturan_OJK_14_2020.pdf,POJK,14,2020,COCOK,downloads/Peraturan_OJK_14_2020.pdf
Peraturan_ADK_10_Tahun_2018_MANAJEMEN_IMBALAN_KERJA_JANGKA_PANJANG_LAIN_OTORITAS_JASA_KEUANGAN.pdf,PADK,10,2018,TIDAK_COCOK,downloads/Peraturan_ADK_10_Tahun_2018_MANAJEMEN_IMBALAN_KERJA_JANGKA_PANJANG_LAIN_OTORITAS_JASA_KEUANGAN.pdf
Peraturan_ADK_2_Tahun_2024_PENGAWASAN_PERILAKU_PELAKU_USAHA_JASA_KEUANGAN_MARKET_CONDUCT_SEKTOR_JASA_KEUANGAN.pdf,PADK,2,2024,TIDAK_COCOK,downloads/Peraturan_ADK_2_Tahun_2024_PENGAWASAN_PERILAKU_PELAKU_USAHA_JASA_KEUANGAN_MARKET_CONDUCT_SEKTOR_JASA_KEUANGAN.pdf
POJK_205_20Tahun_202026_20Penyelenggaraan_20Kegiatan_20Usaha_20Manajer_20Investasi.pdf,POJK,5,2026,COCOK,downloads/POJK_205_20Tahun_202026_20Penyelenggaraan_20Kegiatan_20Usaha_20Manajer_20Investasi.pdf
Abstrak_20SEOJK_209-SEOJK03-2025_20Penerapan_20Fungsi_20Audit_20Intern_20Bagi_20Bank_20Perekonomian_20Rakyat_20dan_20Bank_20Perekonomian_20Rakyat_20Syariah.pdf,,9,2025,TIDAK_COCOK,downloads/Abstrak_20SEOJK_209-SEOJK03-2025_20Penerapan_20Fungsi_20Audit_20Intern_20Bagi_20Bank_20Perekonomian_20Rakyat_20dan_20Bank_20Perekonomian_20Rakyat_20Syariah.pdf
Peraturan_ADK_1_Tahun_2024_PEDOMAN_PELAKSANAAN_PENGENDALIAN_KUALITAS_PENGAWASAN_LEMBAGA_PEMBIAYAAN_PERUSAHAAN_MODAL_VENTURA_LEMBAGA_KEUANGAN_MIKRO_DAN_LEMBAGA_JASA_KEUANGAN_LAIN_MELALUI_FORUM_PANEL_PENGAWASAN_SEDK_Forum_Panel_PVML.pdf,PADK,1,2024,TIDAK_COCOK,downloads/Peraturan_ADK_1_Tahun_2024_PEDOMAN_PELAKSANAAN_PENGENDALIAN_KUALITAS_PENGAWASAN_LEMBAGA_PEMBIAYAAN_PERUSAHAAN_MODAL_VENTURA_LEMBAGA_KEUANGAN_MIKRO_DAN_LEMBAGA_JASA_KEUANGAN_LAIN_MELALUI_FORUM_PANEL_PENGAWASAN_SEDK_Forum_Panel_PVML.pdf
Peraturan_OJK_10_2014.pdf,POJK,10,2014,COCOK,downloads/Peraturan_OJK_10_2014.pdf
FAQ_20SEOJK_206-SEOJK.07-2024_20Pendaftaran_20Penyelenggara_20Inovasi_20Teknologi_20Sektor_20Keuangan.pdf,,6,2024,TIDAK_COCOK,downloads/FAQ_20SEOJK_206-SEOJK.07-2024_20Pendaftaran_20Penyelenggara_20Inovasi_20Teknologi_20Sektor_20Keuangan.pdf
Undang-Undang_21_2008.pdf,UU,21,2008,COCOK,downloads/Undang-Undang_21_2008.pdf
Peraturan_OJK_12_2021.pdf,POJK,12,2021,COCOK,downloads/Peraturan_OJK_12_2021.pdf
Peraturan_ADK_2_Tahun_2019_PERUBAHAN_ATAS_PERATURAN_DEWAN_KOMISIONER_OTORITAS_JASA_KEUANGAN_NOMOR_7_PDK.01_2018_TENTANG_PENGADAAN_BARANG_JASA_OTORITAS_JASA_KEUANGAN.pdf,PADK,2,2019,TIDAK_COCOK,downloads/Peraturan_ADK_2_Tahun_2019_PERUBAHAN_ATAS_PERATURAN_DEWAN_KOMISIONER_OTORITAS_JASA_KEUANGAN_NOMOR_7_PDK.01_2018_TENTANG_PENGADAAN_BARANG_JASA_OTORITAS_JASA_KEUANGAN.pdf
Peraturan_ADK_20_Tahun_2016_PERUBAHAN_KEDUA_ATAS_SURAT_EDARAN_DEWAN_KOMISIONER_OTORITAS_JASA_KEUANGAN_NOMOR_11_SEDK.02_2015_TENTANG_PEMBERIAN_REMUNERASI_BAGI_PEGAWAI_OTORITAS_JASA_KEUANGAN.pdf,PADK,20,2016,TIDAK_COCOK,downloads/Peraturan_ADK_20_Tahun_2016_PERUBAHAN_KEDUA_ATAS_SURAT_EDARAN_DEWAN_KOMISIONER_OTORITAS_JASA_KEUANGAN_NOMOR_11_SEDK.02_2015_TENTANG_PEMBERIAN_REMUNERASI_BAGI_PEGAWAI_OTORITAS_JASA_KEUANGAN.pdf
Peraturan_ADK_3_Tahun_2014_PENETAPAN_DAN_PENGANGKATAN_PEGAWAI_TETAP_PADA_BIDANG_AUDIT_INTERNAL_DAN_MANAJEMEN_RISIKO.pdf,PADK,3,2014,TIDAK_COCOK,downloads/Peraturan_ADK_3_Tahun_2014_PENETAPAN_DAN_PENGANGKATAN_PEGAWAI_TETAP_PADA_BIDANG_AUDIT_INTERNAL_DAN_MANAJEMEN_RISIKO.pdf
Peraturan_OJK_10_2019.pdf,POJK,10,2019,COCOK,downloads/Peraturan_OJK_10_2019.pdf
POJK_2010_20Tahun_202025_20Perubahan_20POJK_20Perizinan_20Usaha_20dan_20Kelembagaan_20Lembaga_20Penjamin.pdf,POJK,10,2025,COCOK,downloads/POJK_2010_20Tahun_202025_20Perubahan_20POJK_20Perizinan_20Usaha_20dan_20Kelembagaan_20Lembaga_20Penjamin.pdf
Peraturan_ADK_10_Tahun_2015_TATA_CARA_PEMBERIAN_TUNJANGAN_PASKA_JABATAN_ANGGOTA_DEWAN_KOMISIONER_OTORITAS_JASA_KEUANGAN.pdf,PADK,10,2015,TIDAK_COCOK,downloads/Peraturan_ADK_10_Tahun_2015_TATA_CARA_PEMBERIAN_TUNJANGAN_PASKA_JABATAN_ANGGOTA_DEWAN_KOMISIONER_OTORITAS_JASA_KEUANGAN.pdf
Surat_Edaran_OJK_25_2025.pdf,SEOJK,25,2025,TIDAK_COCOK,downloads/Surat_Edaran_OJK_25_2025.pdf
Peraturan_OJK_59_2015.pdf,POJK,59,2015,COCOK,downloads/Peraturan_OJK_59_2015.pdf
Surat_Edaran_OJK_2_2022.pdf,SEOJK,2,2022,COCOK,downloads/Surat_Edaran_OJK_2_2022.pdf
Surat_Edaran_OJK_49_2017.pdf,SEOJK,49,2017,COCOK,downloads/Surat_Edaran_OJK_49_2017.pdf
Peraturan_ADK_2_Tahun_2022_PEDOMAN_PEMERIKSAAN_LEMBAGA_KEUANGAN_MIKRO.pdf,PADK,2,2022,TIDAK_COCOK,downloads/Peraturan_ADK_2_Tahun_2022_PEDOMAN_PEMERIKSAAN_LEMBAGA_KEUANGAN_MIKRO.pdf
Peraturan_OJK_20_2023.pdf,POJK,20,2023,COCOK,downloads/Peraturan_OJK_20_2023.pdf
Peraturan_ADK_16_Tahun_2013_PERUBAHAN_SURAT_EDARAN_DEWAN_KOMISIONER_OTORITAS_JASA_KEUANGAN_NOMOR_01_03_SEDK_XII_2012_TENTANG_URAIAN_JABATAN_DALAM_ORGANISASI_OTORITAS_JASA_KEUANGAN.pdf,PADK,16,2013,TIDAK_COCOK,downloads/Peraturan_ADK_16_Tahun_2013_PERUBAHAN_SURAT_EDARAN_DEWAN_KOMISIONER_OTORITAS_JASA_KEUANGAN_NOMOR_01_03_SEDK_XII_2012_TENTANG_URAIAN_JABATAN_DALAM_ORGANISASI_OTORITAS_JASA_KEUANGAN.pdf
Peraturan_ADK_7_Tahun_2015_SISTEM_REMUNERASI_PEGAWAI_OTORITAS_JASA_KEUANGAN.pdf,PADK,7,2015,TIDAK_COCOK,downloads/Peraturan_ADK_7_Tahun_2015_SISTEM_REMUNERASI_PEGAWAI_OTORITAS_JASA_KEUANGAN.pdf
Abstrak_20POJK_2021_20Tahun_202025_20Kewajiban_20Pemenuhan_20Rasio_20Pengungkit_20bagi_20Bank_20Umum_20Syariah.pdf,,21,2025,TIDAK_COCOK,downloads/Abstrak_20POJK_2021_20Tahun_202025_20Kewajiban_20Pemenuhan_20Rasio_20Pengungkit_20bagi_20Bank_20Umum_20Syariah.pdf
POJK_207_20Tahun_202025_20Laporan_20Bank_20Umum_20Sebagai_20Kustodian.pdf,POJK,7,2025,COCOK,downloads/POJK_207_20Tahun_202025_20Laporan_20Bank_20Umum_20Sebagai_20Kustodian.pdf
Peraturan_ADK_11_Tahun_2020_PEDOMAN_PENGAWASAN_TERHADAP_PROSES_PENGGABUNGAN_PELEBURAN_PENGAMBILALIHAN_INTEGRASI_DAN_KONVERSI_P3IK_DAN_KONSOLIDASI_BANK_UMUM.pdf,PADK,11,2020,TIDAK_COCOK,downloads/Peraturan_ADK_11_Tahun_2020_PEDOMAN_PENGAWASAN_TERHADAP_PROSES_PENGGABUNGAN_PELEBURAN_PENGAMBILALIHAN_INTEGRASI_DAN_KONVERSI_P3IK_DAN_KONSOLIDASI_BANK_UMUM.pdf
FAQ_20POJK_2013_20Tahun_202024_20Transparansi_20dan_20Publikasi_20Suku_20Bunga_20Dasar_20Kredit_20bagi_20Bank_20Umum_20Konvensional.pdf,,13,2024,TIDAK_COCOK,downloads/FAQ_20POJK_2013_20Tahun_202024_20Transparansi_20dan_20Publikasi_20Suku_20Bunga_20Dasar_20Kredit_20bagi_20Bank_20Umum_20Konvensional.pdf
Peraturan_OJK_31_2020.pdf,POJK,31,2020,COCOK,downloads/Peraturan_OJK_31_2020.pdf
Peraturan_ADK_21_Tahun_2014_KEBIJAKAN_AKUNTANSI_OTORITAS_JASA_KEUANGAN.pdf,PADK,21,2014,TIDAK_COCOK,downloads/Peraturan_ADK_21_Tahun_2014_KEBIJAKAN_AKUNTANSI_OTORITAS_JASA_KEUANGAN.pdf
Peraturan_OJK_49_2016.pdf,POJK,49,2016,COCOK,downloads/Peraturan_OJK_49_2016.pdf
Peraturan_ADK_5_Tahun_2023_PERUBAHAN_KEDUA_ATAS_PERATURAN_DEWAN_KOMISIONER_OTORITAS_JASA_KEUANGAN_NOMOR_1_PDK.02_2023_TENTANG_ORGANISASI_OTORITAS_JASA_KEUANGAN.pdf,PADK,5,2023,TIDAK_COCOK,downloads/Peraturan_ADK_5_Tahun_2023_PERUBAHAN_KEDUA_ATAS_PERATURAN_DEWAN_KOMISIONER_OTORITAS_JASA_KEUANGAN_NOMOR_1_PDK.02_2023_TENTANG_ORGANISASI_OTORITAS_JASA_KEUANGAN.pdf
Surat_Edaran_OJK_30_2022.pdf,SEOJK,30,2022,COCOK,downloads/Surat_Edaran_OJK_30_2022.pdf
Peraturan_ADK_6_Tahun_2024_PERUBAHAN_ATAS_SURAT_EDARAN_DEWAN_KOMISIONER_OTORITAS_JASA_KEUANGAN_NOMOR_19_SEDK.02_2023_TENTANG_ORGANISASI_BIDANG_KEBIJAKAN_STRATEGIS.pdf,PADK,6,2024,TIDAK_COCOK,downloads/Peraturan_ADK_6_Tahun_2024_PERUBAHAN_ATAS_SURAT_EDARAN_DEWAN_KOMISIONER_OTORITAS_JASA_KEUANGAN_NOMOR_19_SEDK.02_2023_TENTANG_ORGANISASI_BIDANG_KEBIJAKAN_STRATEGIS.pdf
Surat_Edaran_OJK_33_2025.pdf,SEOJK,33,2025,COCOK,downloads/Surat_Edaran_OJK_33_2025.pdf
Surat_Edaran_OJK_17_2025.pdf,SEOJK,17,2025,COCOK,downloads/Surat_Edaran_OJK_17_2025.pdf
Surat_Edaran_OJK_27_2025.pdf,SEOJK,27,2025,COCOK,downloads/Surat_Edaran_OJK_27_2025.pdf
Peraturan_Bank_Indonesia_21_Tahun_2011_PENCABUTAN_IZIN_USAHA_PT._BANK_PERKREDITAN_RAKYAT_VOX_MODERN_DANAMITRA.pdf,PBI,21,2011,TIDAK_COCOK,downloads/Peraturan_Bank_Indonesia_21_Tahun_2011_PENCABUTAN_IZIN_USAHA_PT._BANK_PERKREDITAN_RAKYAT_VOX_MODERN_DANAMITRA.pdf
SEOJK_204-SEOJK.07-2025_20Pelaporan_20Penyelenggara_20Inovasi_20Teknologi_20Sektor_20Keuangan_20Yang_20Memiliki_20Izin_20Usaha_20di_20Otoritas_20Jasa_20Keuangan.pdf,SEOJK,4,2025,COCOK,downloads/SEOJK_204-SEOJK.07-2025_20Pelaporan_20Penyelenggara_20Inovasi_20Teknologi_20Sektor_20Keuangan_20Yang_20Memiliki_20Izin_20Usaha_20di_20Otoritas_20Jasa_20Keuangan.pdf
Tahun_OTORITAS_JASA_KEUANGAN_NOMOR_16_KDK.02_2016.pdf,,16,2016,TIDAK_COCOK,downloads/Tahun_OTORITAS_JASA_KEUANGAN_NOMOR_16_KDK.02_2016.pdf
Peraturan_ADK_11_Tahun_2014_STANDAR_DOKUMEN_PENGADAAN_BARANG_DAN_JASA_OTORITAS_JASA_KEUANGAN.pdf,PADK,11,2014,TIDAK_COCOK,downloads/Peraturan_ADK_11_Tahun_2014_STANDAR_DOKUMEN_PENGADAAN_BARANG_DAN_JASA_OTORITAS_JASA_KEUANGAN.pdf
Peraturan_ADK_1_Tahun_2013_SISTEM_DAN_MEKANISME_PELAYANAN_KONSUMEN_TERINTEGRASI_SEKTOR_JASA_KEUANGAN.pdf,PADK,1,2013,TIDAK_COCOK,downloads/Peraturan_ADK_1_Tahun_2013_SISTEM_DAN_MEKANISME_PELAYANAN_KONSUMEN_TERINTEGRASI_SEKTOR_JASA_KEUANGAN.pdf
FAQ_20POJK_2041_20Tahun_202025_20Kantor_20Perwakilan_20Lembaga_20Pembiayaan_2c_20Perusahaan_20Modal_20Ventura_2c_20dan_20Lembaga_20Jasa_20Keuangan_20Lainnya_20yang_20Berkantor_20Pusat_20di_20Luar_20Negeri.pdf,,41,2025,TIDAK_COCOK,downloads/FAQ_20POJK_2041_20Tahun_202025_20Kantor_20Perwakilan_20Lembaga_20Pembiayaan_2c_20Perusahaan_20Modal_20Ventura_2c_20dan_20Lembaga_20Jasa_20Keuangan_20Lainnya_20yang_20Berkantor_20Pusat_20di_20Luar_20Negeri.pdf
Peraturan_OJK_56_2017.pdf,POJK,56,2017,COCOK,downloads/Peraturan_OJK_56_2017.pdf
Peraturan_ADK_2_Tahun_2017_PERUBAHAN_KETIGA_PERATURAN_DEWAN_KOMISIONER_OTORITAS_JASA_KEUANGAN_NOMOR_01_17_PDK_XII_2012_TENTANG_KODE_ETIK_OTORITAS_JASA_KEUANGAN.pdf,PADK,2,2017,TIDAK_COCOK,downloads/Peraturan_ADK_2_Tahun_2017_PERUBAHAN_KETIGA_PERATURAN_DEWAN_KOMISIONER_OTORITAS_JASA_KEUANGAN_NOMOR_01_17_PDK_XII_2012_TENTANG_KODE_ETIK_OTORITAS_JASA_KEUANGAN.pdf
FAQ_20POJK_2036_20Tahun_202024_20Perubahan_20Atas_20POJK_20692016_20tentang_20Penyelenggaraan_20Usaha_20Perusahaan_20Asuransi_20Perusahaan_20Asuransi_20Syariah_20Perusahaan_20Reasuransi_20dan_20Perusahaan_20Reasuransi_20Syariah.pdf,,36,2024,TIDAK_COCOK,downloads/FAQ_20POJK_2036_20Tahun_202024_20Perubahan_20Atas_20POJK_20692016_20tentang_20Penyelenggaraan_20Usaha_20Perusahaan_20Asuransi_20Perusahaan_20Asuransi_20Syariah_20Perusahaan_20Reasuransi_20dan_20Perusahaan_20Reasuransi_20Syariah.pdf
Peraturan_ADK_1_Tahun_2022_PENDAMPINGAN_AUDITOR_EKSTERNAL_DI_OTORITAS_JASA_KEUANGAN.pdf,PADK,1,2022,TIDAK_COCOK,downloads/Peraturan_ADK_1_Tahun_2022_PENDAMPINGAN_AUDITOR_EKSTERNAL_DI_OTORITAS_JASA_KEUANGAN.pdf
Peraturan_ADK_14_Tahun_2017_PETUNJUK_TEKNIS_PENGGUNAAN_SISTEM_APLIKASI_PENILAIAN_TERHADAP_ANALISIS_POTENSI_DAN_KELAYAKAN_STUDI_KELAYAKAN_BANK_PERKREDITAN_RAKYAT.pdf,PADK,14,2017,TIDAK_COCOK,downloads/Peraturan_ADK_14_Tahun_2017_PETUNJUK_TEKNIS_PENGGUNAAN_SISTEM_APLIKASI_PENILAIAN_TERHADAP_ANALISIS_POTENSI_DAN_KELAYAKAN_STUDI_KELAYAKAN_BANK_PERKREDITAN_RAKYAT.pdf
Peraturan_OJK_6_2018.pdf,POJK,6,2018,COCOK,downloads/Peraturan_OJK_6_2018.pdf
SK_Dir_10-106-KEP-DIR-UPK-1977_Perubahan_Beberapa_Ketentuan_Kredit_Investasi_Bank-Bank_Pemerintah_1977.pdf,KEPDIR,10,1977,TIDAK_COCOK,downloads/SK_Dir_10-106-KEP-DIR-UPK-1977_Perubahan_Beberapa_Ketentuan_Kredit_Investasi_Bank-Bank_Pemerintah_1977.pdf
SEOJK_2021-SEOJK.03-2024_20Panduan_20Akuntansi_20Perbankan_20bagi_20Bank_20Perekonomian_20Rakyat.pdf,SEOJK,21,2024,COCOK,downloads/SEOJK_2021-SEOJK.03-2024_20Panduan_20Akuntansi_20Perbankan_20bagi_20Bank_20Perekonomian_20Rakyat.pdf
Peraturan_ADK_16_Tahun_2014_PERUBAHAN_KEDUA_ATAS_SURAT_EDARAN.pdf,PADK,16,2014,TIDAK_COCOK,downloads/Peraturan_ADK_16_Tahun_2014_PERUBAHAN_KEDUA_ATAS_SURAT_EDARAN.pdf
Peraturan_OJK_33_2015.pdf,POJK,33,2015,COCOK,downloads/Peraturan_OJK_33_2015.pdf
FAQ_20PADK_2045-PADK06-2025_20Laporan_20Bulanan_20Perusahaan_20Pembiayaan_20dan_20Perusahaan_20Pembiayaan_20Syariah.pdf,,45,2025,TIDAK_COCOK,downloads/FAQ_20PADK_2045-PADK06-2025_20Laporan_20Bulanan_20Perusahaan_20Pembiayaan_20dan_20Perusahaan_20Pembiayaan_20Syariah.pdf
Peraturan_ADK_3_Tahun_2021_TATA_CARA_PENDAFTARAN_PELAPORAN_DAN_PENGUMUMAN_LAPORAN_HARTA_KEKAYAAN_PENYELENGGARA_NEGARA_DI_LINGKUNGAN_OTORITAS_JASA_KEUANGAN.pdf,PADK,3,2021,TIDAK_COCOK,downloads/Peraturan_ADK_3_Tahun_2021_TATA_CARA_PENDAFTARAN_PELAPORAN_DAN_PENGUMUMAN_LAPORAN_HARTA_KEKAYAAN_PENYELENGGARA_NEGARA_DI_LINGKUNGAN_OTORITAS_JASA_KEUANGAN.pdf
Peraturan_ADK_3_Tahun_2015_Mekanisme_Koordinasi_Pemeriksaan_Bersama_Dugaan_Tindak_Pidana_di_Sektor_Jasa_Keuangan.pdf,PADK,3,2015,TIDAK_COCOK,downloads/Peraturan_ADK_3_Tahun_2015_Mekanisme_Koordinasi_Pemeriksaan_Bersama_Dugaan_Tindak_Pidana_di_Sektor_Jasa_Keuangan.pdf
Peraturan_ADK_10_Tahun_2024_PENILAIAN_KINERJA_PEGAWAI_OTORITAS_JASA_KEUANGAN.pdf,PADK,10,2024,TIDAK_COCOK,downloads/Peraturan_ADK_10_Tahun_2024_PENILAIAN_KINERJA_PEGAWAI_OTORITAS_JASA_KEUANGAN.pdf
Peraturan_ADK_12_Tahun_2017_PERUBAHAN_ATAS_PERATURAN_DEWAN_KOMISIONER_OTORITAS_JASA_KEUANGAN_NOMOR_5_PDK.02_2015_TENTANG_PENUNJUKAN_PEJABAT_PENGGANTI_DI_LINGKUNGAN_OTORITAS_JASA_KEUANGAN.pdf,PADK,12,2017,TIDAK_COCOK,downloads/Peraturan_ADK_12_Tahun_2017_PERUBAHAN_ATAS_PERATURAN_DEWAN_KOMISIONER_OTORITAS_JASA_KEUANGAN_NOMOR_5_PDK.02_2015_TENTANG_PENUNJUKAN_PEJABAT_PENGGANTI_DI_LINGKUNGAN_OTORITAS_JASA_KEUANGAN.pdf
Peraturan_ADK_7_Tahun_2018_STANDAR_DOKUMEN_PEMILIHAN_OTORITAS_JASA_KEUANGAN.pdf,PADK,7,2018,TIDAK_COCOK,downloads/Peraturan_ADK_7_Tahun_2018_STANDAR_DOKUMEN_PEMILIHAN_OTORITAS_JASA_KEUANGAN.pdf
Peraturan_ADK_6_Tahun_2018_PERUBAHAN_KEDUA_ATAS_PERATURAN_DEWAN_KOMISIONER_OTORITAS_JASA_KEUANGAN_NOMOR_6_PDK.02_2015_TENTANG_SISTEM_PEMENUHAN_SUMBER_DAYA_MANUSIA_OTORITAS_JASA_KEUANGAN.pdf,PADK,6,2018,TIDAK_COCOK,downloads/Peraturan_ADK_6_Tahun_2018_PERUBAHAN_KEDUA_ATAS_PERATURAN_DEWAN_KOMISIONER_OTORITAS_JASA_KEUANGAN_NOMOR_6_PDK.02_2015_TENTANG_SISTEM_PEMENUHAN_SUMBER_DAYA_MANUSIA_OTORITAS_JASA_KEUANGAN.pdf
Surat_Edaran_OJK_29_2022.pdf,SEOJK,29,2022,COCOK,downloads/Surat_Edaran_OJK_29_2022.pdf
Peraturan_ADK_7_Tahun_2018_PERUBAHAN_ATAS_SURAT_EDARAN_DEWAN_KOMISIONER_OTORITAS_JASA_KEUANGAN_NOMOR_26_SEDK.02_2017_TENTANG_SISTEM_PEMENUHAN_SUMBER_DAYA_MANUSIA_OTORITAS_JASA_KEUANGAN.pdf,PADK,7,2018,TIDAK_COCOK,downloads/Peraturan_ADK_7_Tahun_2018_PERUBAHAN_ATAS_SURAT_EDARAN_DEWAN_KOMISIONER_OTORITAS_JASA_KEUANGAN_NOMOR_26_SEDK.02_2017_TENTANG_SISTEM_PEMENUHAN_SUMBER_DAYA_MANUSIA_OTORITAS_JASA_KEUANGAN.pdf
Peraturan_ADK_37_2025.pdf,PADK,37,2025,COCOK,downloads/Peraturan_ADK_37_2025.pdf
Peraturan_OJK_70_2017.pdf,POJK,70,2017,COCOK,downloads/Peraturan_OJK_70_2017.pdf
Peraturan_ADK_8_Tahun_2022_PEDOMAN_PENGAWASAN_BERBASIS_RISIKO_BAGI_PERUSAHAAN_PEMERINGKAT_EFEK.pdf,PADK,8,2022,TIDAK_COCOK,downloads/Peraturan_ADK_8_Tahun_2022_PEDOMAN_PENGAWASAN_BERBASIS_RISIKO_BAGI_PERUSAHAAN_PEMERINGKAT_EFEK.pdf
Surat_Edaran_OJK_10_2016.pdf,SEOJK,10,2016,COCOK,downloads/Surat_Edaran_OJK_10_2016.pdf
Peraturan_OJK_56_2016.pdf,POJK,56,2016,COCOK,downloads/Peraturan_OJK_56_2016.pdf
Surat_Edaran_OJK_14_2025.pdf,SEOJK,14,2025,COCOK,downloads/Surat_Edaran_OJK_14_2025.pdf
Peraturan_OJK_5_2016.pdf,POJK,5,2016,COCOK,downloads/Peraturan_OJK_5_2016.pdf
Abstrak_20POJK_2038_20Tahun_202024_20Perubahan_20Atas_20POJK_20282015_20tentang_20Pembubaran_20Likuidasi_20dan_20Kepailitan_20Perusahaan_20Asuransi_20Perusahaan_20Asuransi_20Syariah_20Perusahaan_20Reasuransi_20dan_20Perusahaan.pdf,,38,2024,TIDAK_COCOK,downloads/Abstrak_20POJK_2038_20Tahun_202024_20Perubahan_20Atas_20POJK_20282015_20tentang_20Pembubaran_20Likuidasi_20dan_20Kepailitan_20Perusahaan_20Asuransi_20Perusahaan_20Asuransi_20Syariah_20Perusahaan_20Reasuransi_20dan_20Perusahaan.pdf
Peraturan_OJK_6_2025.pdf,POJK,6,2025,COCOK,downloads/Peraturan_OJK_6_2025.pdf
Surat_Edaran_OJK_7_2019.pdf,SEOJK,7,2019,COCOK,downloads/Surat_Edaran_OJK_7_2019.pdf
Surat_Edaran_OJK_3_2023.pdf,SEOJK,3,2023,COCOK,downloads/Surat_Edaran_OJK_3_2023.pdf
Surat_Edaran_OJK_29_2015.pdf,SEOJK,29,2015,COCOK,downloads/Surat_Edaran_OJK_29_2015.pdf
Peraturan_OJK_16_2020.pdf,POJK,16,2020,COCOK,downloads/Peraturan_OJK_16_2020.pdf
Peraturan_OJK_57_2020.pdf,POJK,57,2020,COCOK,downloads/Peraturan_OJK_57_2020.pdf
Peraturan_ADK_25_Tahun_2013_PENILAIAN_KINERJA_PEGAWAI_OTORITAS_JASA_KEUANGAN.pdf,PADK,25,2013,TIDAK_COCOK,downloads/Peraturan_ADK_25_Tahun_2013_PENILAIAN_KINERJA_PEGAWAI_OTORITAS_JASA_KEUANGAN.pdf
Peraturan_OJK_3_2020.pdf,POJK,3,2020,COCOK,downloads/Peraturan_OJK_3_2020.pdf
3_Tahun_2026_MANAJEMEN_PENGAMANAN_SISTEM_INFORMASI_OTORITAS_JASA_KEUANGAN.pdf,,3,2026,TIDAK_COCOK,downloads/3_Tahun_2026_MANAJEMEN_PENGAMANAN_SISTEM_INFORMASI_OTORITAS_JASA_KEUANGAN.pdf
Peraturan_ADK_1_Tahun_2017_PEDOMAN_PENGAWASAN_BERBASIS_RISIKO_DALAM_PENERAPAN_PROGRAM_ANTI_PENCUCIAN_UANG_DAN_PENCEGAHAN_PENDANAAN_TERORISME_DI_PERUSAHAAN_EFEK_YANG_MELAKUKAN_KEGIATAN_USAHA_SEBAGAI_PENJAMIN_EMISI_EFEK_DAN_PERANTARA_PEDAGANG_EFEK.pdf,PADK,1,2017,TIDAK_COCOK,downloads/Peraturan_ADK_1_Tahun_2017_PEDOMAN_PENGAWASAN_BERBASIS_RISIKO_DALAM_PENERAPAN_PROGRAM_ANTI_PENCUCIAN_UANG_DAN_PENCEGAHAN_PENDANAAN_TERORISME_DI_PERUSAHAAN_EFEK_YANG_MELAKUKAN_KEGIATAN_USAHA_SEBAGAI_PENJAMIN_EMISI_EFEK_DAN_PERANTARA_PEDAGANG_EFEK.pdf
Peraturan_ADK_5_Tahun_2023_ORGANISASI_SEKTOR_PERASURANSIAN_PENJAMINAN_DAN_DANA_PENSIUN.pdf,PADK,5,2023,TIDAK_COCOK,downloads/Peraturan_ADK_5_Tahun_2023_ORGANISASI_SEKTOR_PERASURANSIAN_PENJAMINAN_DAN_DANA_PENSIUN.pdf
Peraturan_ADK_2_Tahun_2018_PEDOMAN_PELAKSANAAN_PERIZINAN_USAHA_DAN_KELEMBAGAAN_PERUSAHAAN_PERGADAIAN.pdf,PADK,2,2018,TIDAK_COCOK,downloads/Peraturan_ADK_2_Tahun_2018_PEDOMAN_PELAKSANAAN_PERIZINAN_USAHA_DAN_KELEMBAGAAN_PERUSAHAAN_PERGADAIAN.pdf
Abstrak_20FAQ_20POJK_2015_20Tahun_202025_20Penilaian_20Reksa_20Dana_20dan_20Penilaian_20Manajer_20Investasi.pdf,,15,2025,TIDAK_COCOK,downloads/Abstrak_20FAQ_20POJK_2015_20Tahun_202025_20Penilaian_20Reksa_20Dana_20dan_20Penilaian_20Manajer_20Investasi.pdf
Tahun_Standar_Fasilitas_dan_Pengelolaan_Kendaraan_Dinas_Bagi_Satuan_Kerja_Otoritas_Jasa_Keuangan.pdf,,,,TIDAK_COCOK,downloads/Tahun_Standar_Fasilitas_dan_Pengelolaan_Kendaraan_Dinas_Bagi_Satuan_Kerja_Otoritas_Jasa_Keuangan.pdf
Abstrak_20SEOJK_2036-SEOJK06-2025_20Penyelenggaraan_20Program_20Wakaf_20Mikro.pdf,,36,2025,TIDAK_COCOK,downloads/Abstrak_20SEOJK_2036-SEOJK06-2025_20Penyelenggaraan_20Program_20Wakaf_20Mikro.pdf
Surat_Edaran_OJK_23_2020.pdf,SEOJK,23,2020,COCOK,downloads/Surat_Edaran_OJK_23_2020.pdf
Peraturan_ADK_7_Tahun_2018_PENGADAAN_BARANG_JASA_OTORITAS_JASA_KEUANGAN.pdf,PADK,7,2018,TIDAK_COCOK,downloads/Peraturan_ADK_7_Tahun_2018_PENGADAAN_BARANG_JASA_OTORITAS_JASA_KEUANGAN.pdf
POJK_2025_20Tahun_202025_20Perubahan_20Atas_20Peraturan_20Otoritas_20Jasa_20Keuangan_20Nomor_2049_20Tahun_202024_20tentang_20Pengawasan_20Penetapan_20Status_20Pengawasan_20dan_20Tindak_20Lanjut_20Pengawasan_20PVML.pdf,POJK,25,2025,COCOK,downloads/POJK_2025_20Tahun_202025_20Perubahan_20Atas_20Peraturan_20Otoritas_20Jasa_20Keuangan_20Nomor_2049_20Tahun_202024_20tentang_20Pengawasan_20Penetapan_20Status_20Pengawasan_20dan_20Tindak_20Lanjut_20Pengawasan_20PVML.pdf
Peraturan_ADK_6_Tahun_2023_PELAKSANAAN_PENYIDIKAN_TINDAK_PIDANA_DI_SEKTOR_JASA_KEUANGAN.pdf,PADK,6,2023,TIDAK_COCOK,downloads/Peraturan_ADK_6_Tahun_2023_PELAKSANAAN_PENYIDIKAN_TINDAK_PIDANA_DI_SEKTOR_JASA_KEUANGAN.pdf
Surat_Edaran_OJK_35_2025.pdf,SEOJK,35,2025,COCOK,downloads/Surat_Edaran_OJK_35_2025.pdf
Peraturan_ADK_1_Tahun_2016_PEDOMAN_PEMANTAUAN_KONDISI_BANK_PEREKONOMIAN_RAKYAT_DAN_BANK_PEREKONOMIAN_RAKYAT_SYARIAH_MELALUI_LAPORAN_ANALISIS_BULANAN.pdf,PADK,1,2016,TIDAK_COCOK,downloads/Peraturan_ADK_1_Tahun_2016_PEDOMAN_PEMANTAUAN_KONDISI_BANK_PEREKONOMIAN_RAKYAT_DAN_BANK_PEREKONOMIAN_RAKYAT_SYARIAH_MELALUI_LAPORAN_ANALISIS_BULANAN.pdf
FAQ_20POJK_2023_20Tahun_202025_20Perubahan_20Atas_20Peraturan_20Otoritas_20Jasa_20Keuangan_20Nomor_2027_20Tahun_202024_20tentang_20Penyelenggaraan_20Perdagangan_20Aset_20Keuangan_20Digital_20Termasuk_20Aset_20Kripto.pdf,POJK,23,2025,COCOK,downloads/FAQ_20POJK_2023_20Tahun_202025_20Perubahan_20Atas_20Peraturan_20Otoritas_20Jasa_20Keuangan_20Nomor_2027_20Tahun_202024_20tentang_20Penyelenggaraan_20Perdagangan_20Aset_20Keuangan_20Digital_20Termasuk_20Aset_20Kripto.pdf
Peraturan_OJK_12_2016.pdf,POJK,12,2016,COCOK,downloads/Peraturan_OJK_12_2016.pdf
POJK_206_20Tahun_202024_20Pembiayaan_20Transaksi_20Efek_20Oleh_20Perusahaan_20Efek_20Bagi_20Nasabah_20dan_20Transaksi_20Short_20Selling_20Oleh_20Perusahaan_20Efek.pdf,POJK,6,2024,COCOK,downloads/POJK_206_20Tahun_202024_20Pembiayaan_20Transaksi_20Efek_20Oleh_20Perusahaan_20Efek_20Bagi_20Nasabah_20dan_20Transaksi_20Short_20Selling_20Oleh_20Perusahaan_20Efek.pdf
13_-_SE_BI_1324DPNP.pdf,,,,TIDAK_COCOK,downloads/13_-_SE_BI_1324DPNP.pdf
Peraturan_OJK_70_2016.pdf,POJK,70,2016,COCOK,downloads/Peraturan_OJK_70_2016.pdf
Abstrak_20POJK_2028_20Tahun_202024_20Pengelolaan_20Informasi_20Rekam_20Jejak_20Pelaku_20Melalui_20Sistem_20Informasi_20Pelaku.pdf,,28,2024,TIDAK_COCOK,downloads/Abstrak_20POJK_2028_20Tahun_202024_20Pengelolaan_20Informasi_20Rekam_20Jejak_20Pelaku_20Melalui_20Sistem_20Informasi_20Pelaku.pdf
Abstrak_20POJK_2033_20Tahun_202025_20Penilaian_20Tingkat_20Kesehatan_20Perusahaan_20Perasuransian_2c_20Lembaga_20Penjamin_2c_20dan_20Dana_20Pensiun.pdf,,33,2025,TIDAK_COCOK,downloads/Abstrak_20POJK_2033_20Tahun_202025_20Penilaian_20Tingkat_20Kesehatan_20Perusahaan_20Perasuransian_2c_20Lembaga_20Penjamin_2c_20dan_20Dana_20Pensiun.pdf
Peraturan_ADK_4_Tahun_2023_PEDOMAN_PENGAWASAN_TERHADAP_PELAKSANAAN_SINERGI_PERBANKAN.pdf,PADK,4,2023,TIDAK_COCOK,downloads/Peraturan_ADK_4_Tahun_2023_PEDOMAN_PENGAWASAN_TERHADAP_PELAKSANAAN_SINERGI_PERBANKAN.pdf
Abstrak_20SEOJK_2020-SEOJK07-2024_20Penyelenggaraan_20Perdagangan_20Aset_20Keuangan_20Digital_20Termasuk_20Aset_20Kripto.pdf,,20,2024,TIDAK_COCOK,downloads/Abstrak_20SEOJK_2020-SEOJK07-2024_20Penyelenggaraan_20Perdagangan_20Aset_20Keuangan_20Digital_20Termasuk_20Aset_20Kripto.pdf
Peraturan_ADK_5_Tahun_2020_KEBIJAKAN_AKUNTANSI_OTORITAS_JASA_KEUANGAN.pdf,PADK,5,2020,TIDAK_COCOK,downloads/Peraturan_ADK_5_Tahun_2020_KEBIJAKAN_AKUNTANSI_OTORITAS_JASA_KEUANGAN.pdf
Peraturan_ADK_35_Tahun_2013_TATA_CARA_PERJALANAN_PINDAH_PEGAWAI_OTORITAS_JASA_KEUANGAN.pdf,PADK,35,2013,TIDAK_COCOK,downloads/Peraturan_ADK_35_Tahun_2013_TATA_CARA_PERJALANAN_PINDAH_PEGAWAI_OTORITAS_JASA_KEUANGAN.pdf
SK_Dir_31-175-KEP-DIR-1998_Penyempurnaan_Teknologi_Sistem_Informasi_Bank_dalam_Menghadapi_Tahun_2000_1998.pdf,KEPDIR,31,2000,TIDAK_COCOK,downloads/SK_Dir_31-175-KEP-DIR-1998_Penyempurnaan_Teknologi_Sistem_Informasi_Bank_dalam_Menghadapi_Tahun_2000_1998.pdf
Peraturan_ADK_1_Tahun_2022_PENGAWASAN_BADAN_PENGELOLA_TABUNGAN_PERUMAHAN_RAKYAT.pdf,PADK,1,2022,TIDAK_COCOK,downloads/Peraturan_ADK_1_Tahun_2022_PENGAWASAN_BADAN_PENGELOLA_TABUNGAN_PERUMAHAN_RAKYAT.pdf
Peraturan_OJK_20_2016.pdf,POJK,20,2016,COCOK,downloads/Peraturan_OJK_20_2016.pdf
Peraturan_ADK_11_Tahun_2015_TATA_CARA_PEMBENTUKAN_PERATURAN_PERUNDANG-UNDANGAN_OTORITAS_JASA_KEUANGAN.pdf,PADK,11,2015,TIDAK_COCOK,downloads/Peraturan_ADK_11_Tahun_2015_TATA_CARA_PEMBENTUKAN_PERATURAN_PERUNDANG-UNDANGAN_OTORITAS_JASA_KEUANGAN.pdf
Peraturan_OJK_66_2020.pdf,POJK,66,2020,COCOK,downloads/Peraturan_OJK_66_2020.pdf
Peraturan_ADK_2_Tahun_2023_PERUBAHAN_ATAS_PERATURAN_DEWAN_KOMISIONER_OTORITAS_JASA_KEUANGAN_NOMOR_1_PDK.02_2023_TENTANG_ORGANISASI_OTORITAS_JASA_KEUANGAN.pdf,PADK,2,2023,TIDAK_COCOK,downloads/Peraturan_ADK_2_Tahun_2023_PERUBAHAN_ATAS_PERATURAN_DEWAN_KOMISIONER_OTORITAS_JASA_KEUANGAN_NOMOR_1_PDK.02_2023_TENTANG_ORGANISASI_OTORITAS_JASA_KEUANGAN.pdf
PADK_2047-PADK05-2025_20Penilaian_20Tingkat_20Kesehatan_20Lembaga_20Penjamin.pdf,PADK,47,2025,TIDAK_COCOK,downloads/PADK_2047-PADK05-2025_20Penilaian_20Tingkat_20Kesehatan_20Lembaga_20Penjamin.pdf
ABSTRAK_20POJK_204_20TAHUN_202024_20LAPORAN_20KEPEMILIKAN_20ATAU_20SETIAP_20PERUBAHAN.pdf,,4,2024,TIDAK_COCOK,downloads/ABSTRAK_20POJK_204_20TAHUN_202024_20LAPORAN_20KEPEMILIKAN_20ATAU_20SETIAP_20PERUBAHAN.pdf
FAQ_20SEOJK_207-SEOJK05-2025_20Penyelenggaraan_20Produk_20Asuransi_20Kesehatan.pdf,,7,2025,TIDAK_COCOK,downloads/FAQ_20SEOJK_207-SEOJK05-2025_20Penyelenggaraan_20Produk_20Asuransi_20Kesehatan.pdf
SEOJK_2013-SEOJK05-2025_20Bentuk_20dan_20Susunan_20Laporan_20Berkala_20Perusahaan_20Pialang_20Asuransi_20Perusahaan_20Pialang_20Reasuransi_20dan_20Perusahaan_20Penilaian_20Kerugian_20Asuransi.pdf,SEOJK,13,2025,COCOK,downloads/SEOJK_2013-SEOJK05-2025_20Bentuk_20dan_20Susunan_20Laporan_20Berkala_20Perusahaan_20Pialang_20Asuransi_20Perusahaan_20Pialang_20Reasuransi_20dan_20Perusahaan_20Penilaian_20Kerugian_20Asuransi.pdf
Peraturan_ADK_4_Tahun_2017_DIREKTORI_KOMPETENSI_TEKNIS_OTORITAS_JASA_KEUANGAN.pdf,PADK,4,2017,TIDAK_COCOK,downloads/Peraturan_ADK_4_Tahun_2017_DIREKTORI_KOMPETENSI_TEKNIS_OTORITAS_JASA_KEUANGAN.pdf
Peraturan_ADK_1_Tahun_2016_PETUNJUK_PELAKSANAAN_PROTOKOL_MANAJEMEN_KRISIS_BIDANG_PENGAWASAN_SEKTOR_PASAR_MODAL_OTORITAS_JASA_KEUANGAN.pdf,PADK,1,2016,TIDAK_COCOK,downloads/Peraturan_ADK_1_Tahun_2016_PETUNJUK_PELAKSANAAN_PROTOKOL_MANAJEMEN_KRISIS_BIDANG_PENGAWASAN_SEKTOR_PASAR_MODAL_OTORITAS_JASA_KEUANGAN.pdf
Peraturan_OJK_30_2018.pdf,POJK,30,2018,COCOK,downloads/Peraturan_OJK_30_2018.pdf
Peraturan_OJK_33_2025.pdf,POJK,33,2025,COCOK,downloads/Peraturan_OJK_33_2025.pdf
Abstrak_20PADK_2039-PADK05-2025_20Unit_20Usaha_20Penjaminan_20Pada_20Perusahaan_20Asuransi_20Umum_20dan_20Perusahaan_20Asuransi_20Umum_20Syariah.pdf,,39,2025,TIDAK_COCOK,downloads/Abstrak_20PADK_2039-PADK05-2025_20Unit_20Usaha_20Penjaminan_20Pada_20Perusahaan_20Asuransi_20Umum_20dan_20Perusahaan_20Asuransi_20Umum_20Syariah.pdf
Peraturan_ADK_24_Tahun_2014_ORGANISASI_OTORITAS_JASA_KEUANGAN.pdf,PADK,24,2014,TIDAK_COCOK,downloads/Peraturan_ADK_24_Tahun_2014_ORGANISASI_OTORITAS_JASA_KEUANGAN.pdf
Peraturan_ADK_27_Tahun_2014_PERUBAHAN_ATAS_SURAT_EDARAN_DEWAN_KOMISIONER_OTORITAS_JASA_KEUANGAN_NOMOR_12_SEDK.02_2014_TENTANG_TATA_CARA_PEMBERIAN_FASILITAS_DAN_PERTANGGUNG_JAWABAN_PERJALANAN_DINAS_PEGAWAI_OTORITAS_JASA_KEUANGAN.pdf,PADK,27,2014,TIDAK_COCOK,downloads/Peraturan_ADK_27_Tahun_2014_PERUBAHAN_ATAS_SURAT_EDARAN_DEWAN_KOMISIONER_OTORITAS_JASA_KEUANGAN_NOMOR_12_SEDK.02_2014_TENTANG_TATA_CARA_PEMBERIAN_FASILITAS_DAN_PERTANGGUNG_JAWABAN_PERJALANAN_DINAS_PEGAWAI_OTORITAS_JASA_KEUANGAN.pdf
Peraturan_OJK_15_2023.pdf,POJK,15,2023,COCOK,downloads/Peraturan_OJK_15_2023.pdf
Surat_Edaran_OJK_9_2014.pdf,SEOJK,9,2014,COCOK,downloads/Surat_Edaran_OJK_9_2014.pdf
Peraturan_ADK_27_Tahun_2023_TATA_CARA_PRA-KATALOG_DAN_KATALOG_OTORITAS_JASA_KEUANGAN.pdf,PADK,27,2023,TIDAK_COCOK,downloads/Peraturan_ADK_27_Tahun_2023_TATA_CARA_PRA-KATALOG_DAN_KATALOG_OTORITAS_JASA_KEUANGAN.pdf
Peraturan_ADK_283_Tahun_2013_PERUBAHAN_ATAS_KEPUTUSAN_DEWAN_KOMISIONER_OTORITAS_JASA_KEUANGAN_NOMOR_37_KDK.02_2013_TENTANG_HARI_LIBUR_NASIONAL_DAN_CUTI_BERSAMA_2014_OTORITAS_JASA_KEUANGAN.pdf,PADK,283,2013,TIDAK_COCOK,downloads/Peraturan_ADK_283_Tahun_2013_PERUBAHAN_ATAS_KEPUTUSAN_DEWAN_KOMISIONER_OTORITAS_JASA_KEUANGAN_NOMOR_37_KDK.02_2013_TENTANG_HARI_LIBUR_NASIONAL_DAN_CUTI_BERSAMA_2014_OTORITAS_JASA_KEUANGAN.pdf
Surat_Edaran_OJK_20_2024.pdf,SEOJK,20,2024,COCOK,downloads/Surat_Edaran_OJK_20_2024.pdf
FAQ_20PADK_2040-PADK04-2025_20Pedoman_20Penyampaian_20Informasi_20oleh_20Emiten_20atau_20Perusahaan_20Publik_20dalam_20rangka_20Penyusunan_20DES_20dan_20Pedoman_20Bagi_20Pihak_20Penerbitan_20DES.pdf,,40,2025,TIDAK_COCOK,downloads/FAQ_20PADK_2040-PADK04-2025_20Pedoman_20Penyampaian_20Informasi_20oleh_20Emiten_20atau_20Perusahaan_20Publik_20dalam_20rangka_20Penyusunan_20DES_20dan_20Pedoman_20Bagi_20Pihak_20Penerbitan_20DES.pdf
Peraturan_ADK_2_Tahun_2016_PEDOMAN_PEMERIKSAAN_BADAN_PENYELENGGARA_JAMINAN_SOSIAL_KESEHATAN.pdf,PADK,2,2016,TIDAK_COCOK,downloads/Peraturan_ADK_2_Tahun_2016_PEDOMAN_PEMERIKSAAN_BADAN_PENYELENGGARA_JAMINAN_SOSIAL_KESEHATAN.pdf
Surat_Edaran_OJK_35_2016.pdf,SEOJK,35,2016,COCOK,downloads/Surat_Edaran_OJK_35_2016.pdf
Peraturan_ADK_10_Tahun_2013_KEBIJAKAN_AKUNTANSI_OTORITAS_JASA_KEUANGAN.pdf,PADK,10,2013,TIDAK_COCOK,downloads/Peraturan_ADK_10_Tahun_2013_KEBIJAKAN_AKUNTANSI_OTORITAS_JASA_KEUANGAN.pdf
Peraturan_OJK_14_2025.pdf,POJK,14,2025,COCOK,downloads/Peraturan_OJK_14_2025.pdf
Peraturan_ADK_17_Tahun_2017_NAMA_SATUAN_KERJA_UNIT_KERJA_DAN_JABATAN_DI_OTORITAS_JASA_KEUANGAN_DALAM_BAHASA_INGGRIS.pdf,PADK,17,2017,TIDAK_COCOK,downloads/Peraturan_ADK_17_Tahun_2017_NAMA_SATUAN_KERJA_UNIT_KERJA_DAN_JABATAN_DI_OTORITAS_JASA_KEUANGAN_DALAM_BAHASA_INGGRIS.pdf
Peraturan_ADK_1_Tahun_2022_PETUNJUK_PELAKSANAAN_PROTOKOL_MANAJEMEN_KRISIS_DI_SEKTOR_INDUSTRI_KEUANGAN_NONBANK.pdf,PADK,1,2022,TIDAK_COCOK,downloads/Peraturan_ADK_1_Tahun_2022_PETUNJUK_PELAKSANAAN_PROTOKOL_MANAJEMEN_KRISIS_DI_SEKTOR_INDUSTRI_KEUANGAN_NONBANK.pdf
Abstrak_20SEOJK_2014-SEOJK.05-2024_20Persetujuan_20dan_20Pelaporan_20Produk_20Asuransi.pdf,,14,2024,TIDAK_COCOK,downloads/Abstrak_20SEOJK_2014-SEOJK.05-2024_20Persetujuan_20dan_20Pelaporan_20Produk_20Asuransi.pdf
Peraturan_ADK_2_Tahun_2015_PEMANTAUAN_DAN_ANALISIS_PERLINDUNGAN_KONSUMEN_DI_SEKTOR_JASA_KEUANGAN.pdf,PADK,2,2015,TIDAK_COCOK,downloads/Peraturan_ADK_2_Tahun_2015_PEMANTAUAN_DAN_ANALISIS_PERLINDUNGAN_KONSUMEN_DI_SEKTOR_JASA_KEUANGAN.pdf
Surat_Edaran_OJK_26_2020.pdf,SEOJK,26,2020,COCOK,downloads/Surat_Edaran_OJK_26_2020.pdf
Peraturan_ADK_1_Tahun_2016_PERUBAHAN_PERATURAN_DEWAN_KOMISIONER_OTORITAS_JASA_KEUANGAN_NOMOR_12_PDK.02_2015_TENTANG_ORGANISASI_OTORITAS_JASA_KEUANGAN.pdf,PADK,1,2016,TIDAK_COCOK,downloads/Peraturan_ADK_1_Tahun_2016_PERUBAHAN_PERATURAN_DEWAN_KOMISIONER_OTORITAS_JASA_KEUANGAN_NOMOR_12_PDK.02_2015_TENTANG_ORGANISASI_OTORITAS_JASA_KEUANGAN.pdf
FAQ_20POJK_2011_20Tahun_202025_20Penyelenggaraan_20Usaha_20Lembaga_20Penjamin.pdf,,11,2025,TIDAK_COCOK,downloads/FAQ_20POJK_2011_20Tahun_202025_20Penyelenggaraan_20Usaha_20Lembaga_20Penjamin.pdf
Peraturan_ADK_1_Tahun_2019_PERUBAHAN_KEDUA_ATAS_PERATURAN_DEWAN_KOMISIONER_OTORITAS_JASA_KEUANGAN_NOMOR_1_PDK.07_2015_TENTANG_SISTEM_LAYANAN_KONSUMEN_TERINTEGRASI_DI_SEKTOR_JASA_KEUANGAN.pdf,PADK,1,2019,TIDAK_COCOK,downloads/Peraturan_ADK_1_Tahun_2019_PERUBAHAN_KEDUA_ATAS_PERATURAN_DEWAN_KOMISIONER_OTORITAS_JASA_KEUANGAN_NOMOR_1_PDK.07_2015_TENTANG_SISTEM_LAYANAN_KONSUMEN_TERINTEGRASI_DI_SEKTOR_JASA_KEUANGAN.pdf
Abstrak_20PADK_201_20Tahun_202026_20Penyelenggaraan_20Teknologi_20Informasi_20oleh_20Bank_20Umum.pdf,,1,2026,TIDAK_COCOK,downloads/Abstrak_20PADK_201_20Tahun_202026_20Penyelenggaraan_20Teknologi_20Informasi_20oleh_20Bank_20Umum.pdf
Surat_Edaran_OJK_12_2017.pdf,SEOJK,12,2017,COCOK,downloads/Surat_Edaran_OJK_12_2017.pdf
Abstrak_20POJK_20Nomor_2029_20Tahun_202023_20Pembelian_20Kembali_20Saham_20Yang_20Dikeluarkan_20Oleh_20Perusahaan_20Terbuka.pdf,,29,2023,TIDAK_COCOK,downloads/Abstrak_20POJK_20Nomor_2029_20Tahun_202023_20Pembelian_20Kembali_20Saham_20Yang_20Dikeluarkan_20Oleh_20Perusahaan_20Terbuka.pdf
FAQ_20POJK_2017_20Tahun_202025_20Penawaran_20Efek_20Melalui_20Layanan_20Urun_20Dana_20Berbasis_20Teknologi_20Informasi.pdf,,17,2025,TIDAK_COCOK,downloads/FAQ_20POJK_2017_20Tahun_202025_20Penawaran_20Efek_20Melalui_20Layanan_20Urun_20Dana_20Berbasis_20Teknologi_20Informasi.pdf
Surat_Edaran_OJK_25_2023.pdf,SEOJK,25,2023,TIDAK_COCOK,downloads/Surat_Edaran_OJK_25_2023.pdf
Peraturan_ADK_6_Tahun_2017_FASILITAS_PEMELIHARAAN_KESEHATAN_ANGGOTA_DEWAN_KOMISIONER_OTORITAS_JASA_KEUANGAN.pdf,PADK,6,2017,TIDAK_COCOK,downloads/Peraturan_ADK_6_Tahun_2017_FASILITAS_PEMELIHARAAN_KESEHATAN_ANGGOTA_DEWAN_KOMISIONER_OTORITAS_JASA_KEUANGAN.pdf
Peraturan_ADK_1_Tahun_2014_TATA_CARA_PENCAIRAN_DAN_PERTANGGUNGJAWABAN_DANA_OTORITAS_JASA_KEUANGAN.pdf,PADK,1,2014,TIDAK_COCOK,downloads/Peraturan_ADK_1_Tahun_2014_TATA_CARA_PENCAIRAN_DAN_PERTANGGUNGJAWABAN_DANA_OTORITAS_JASA_KEUANGAN.pdf
