url,filename,document_title,doc_kind,regulation_number,regulation_type,bidang,sub_bidang,release_date,size_bytes,size_source,source_path,found_on_page
https://ojk.go.id/id/regulasi/Documents/Pages/PADK-11-Tahun-2026-Pelaksanaan-Penawaran-Umum-Efek-Bersifat-Utang-danatau-Sukuk-secara-Elektronik/PADK%2011%20Tahun%202026%20Pelaksanaan%20Penawaran%20Umum%20Efek%20Bersifat%20Utang%20danatau%20Sukuk%20secara%20Elektronik.pdf,PADK 11 Tahun 2026 Pelaksanaan Penawaran Umum Efek Bersifat Utang danatau Sukuk secara Elektronik.pdf,Pelaksanaan Penawaran Umum Efek Bersifat Utang dan/atau Sukuk secara Elektronik,utama,PADK 11 Tahun 2026,PERATURAN ADK,Pasar Modal,Efek; Peraturan Lainnya,2027-01-01,267186,head,,https://ojk.go.id/id/regulasi/Pages/PADK-11-Tahun-2026-Pelaksanaan-Penawaran-Umum-Efek-Bersifat-Utang-danatau-Sukuk-secara-Elektronik.aspx
https://ojk.go.id/id/regulasi/Documents/Pages/PADK-11-Tahun-2026-Pelaksanaan-Penawaran-Umum-Efek-Bersifat-Utang-danatau-Sukuk-secara-Elektronik/Abstrak%20PADK%2011%20Tahun%202026%20Pelaksanaan%20Penawaran%20Umum%20Efek%20Bersifat%20Utang%20danatau%20Sukuk%20secara%20Elektronik.pdf,Abstrak PADK 11 Tahun 2026 Pelaksanaan Penawaran Umum Efek Bersifat Utang danatau Sukuk secara Elektronik.pdf,Pelaksanaan Penawaran Umum Efek Bersifat Utang dan/atau Sukuk secara Elektronik,abstrak,PADK 11 Tahun 2026,PERATURAN ADK,Pasar Modal,Efek; Peraturan Lainnya,2027-01-01,184557,head,,https://ojk.go.id/id/regulasi/Pages/PADK-11-Tahun-2026-Pelaksanaan-Penawaran-Umum-Efek-Bersifat-Utang-danatau-Sukuk-secara-Elektronik.aspx
https://ojk.go.id/id/regulasi/Documents/Pages/PADK-11-Tahun-2026-Pelaksanaan-Penawaran-Umum-Efek-Bersifat-Utang-danatau-Sukuk-secara-Elektronik/FAQ%20PADK%2011%20Tahun%202026%20Pelaksanaan%20Penawaran%20Umum%20Efek%20Bersifat%20Utang%20danatau%20Sukuk%20secara%20Elektronik.pdf,FAQ PADK 11 Tahun 2026 Pelaksanaan Penawaran Umum Efek Bersifat Utang danatau Sukuk secara Elektronik.pdf,Pelaksanaan Penawaran Umum Efek Bersifat Utang dan/atau Sukuk secara Elektronik,faq,PADK 11 Tahun 2026,PERATURAN ADK,Pasar Modal,Efek; Peraturan Lainnya,2027-01-01,169074,head,,https://ojk.go.id/id/regulasi/Pages/PADK-11-Tahun-2026-Pelaksanaan-Penawaran-Umum-Efek-Bersifat-Utang-danatau-Sukuk-secara-Elektronik.aspx
https://ojk.go.id/id/regulasi/Documents/Pages/PADK-45-PADK06-2025-Laporan-Bulanan-Perusahaan-Pembiayaan-dan-Perusahaan-Pembiayaan-Syariah/PADK%2045-PADK06-2025%20Laporan%20Bulanan%20Perusahaan%20Pembiayaan%20dan%20Perusahaan%20Pembiayaan%20Syariah.pdf,PADK 45-PADK06-2025 Laporan Bulanan Perusahaan Pembiayaan dan Perusahaan Pembiayaan Syariah.pdf,Laporan Bulanan Perusahaan Pembiayaan dan Perusahaan Pembiayaan Syariah,utama,45/PADK.06/2025,PERATURAN ADK,PVML,Lembaga Pembiayaan,2027-01-01,1803725,head,,https://ojk.go.id/id/regulasi/Pages/PADK-45-PADK06-2025-Laporan-Bulanan-Perusahaan-Pembiayaan-dan-Perusahaan-Pembiayaan-Syariah.aspx
https://ojk.go.id/id/regulasi/Documents/Pages/PADK-45-PADK06-2025-Laporan-Bulanan-Perusahaan-Pembiayaan-dan-Perusahaan-Pembiayaan-Syariah/Abstrak%20PADK%2045-PADK06-2025%20Laporan%20Bulanan%20Perusahaan%20Pembiayaan%20dan%20Perusahaan%20Pembiayaan%20Syariah.pdf,Abstrak PADK 45-PADK06-2025 Laporan Bulanan Perusahaan Pembiayaan dan Perusahaan Pembiayaan Syariah.pdf,Laporan Bulanan Perusahaan Pembiayaan dan Perusahaan Pembiayaan Syariah,abstrak,45/PADK.06/2025,PERATURAN ADK,PVML,Lembaga Pembiayaan,2027-01-01,137744,head,,https://ojk.go.id/id/regulasi/Pages/PADK-45-PADK06-2025-Laporan-Bulanan-Perusahaan-Pembiayaan-dan-Perusahaan-Pembiayaan-Syariah.aspx
https://ojk.go.id/id/regulasi/Documents/Pages/PADK-45-PADK06-2025-Laporan-Bulanan-Perusahaan-Pembiayaan-dan-Perusahaan-Pembiayaan-Syariah/FAQ%20PADK%2045-PADK06-2025%20Laporan%20Bulanan%20Perusahaan%20Pembiayaan%20dan%20Perusahaan%20Pembiayaan%20Syariah.pdf,FAQ PADK 45-PADK06-2025 Laporan Bulanan Perusahaan Pembiayaan dan Perusahaan Pembiayaan Syariah.pdf,Laporan Bulanan Perusahaan Pembiayaan dan Perusahaan Pembiayaan Syariah,faq,45/PADK.06/2025,PERATURAN ADK,PVML,Lembaga Pembiayaan,2027-01-01,192649,head,,https://ojk.go.id/id/regulasi/Pages/PADK-45-PADK06-2025-Laporan-Bulanan-Perusahaan-Pembiayaan-dan-Perusahaan-Pembiayaan-Syariah.aspx
https://ojk.go.id/id/regulasi/Documents/Pages/SEOJK-23-SEOJK06-2025-Laporan-Bulanan-Perusahaan-Modal-Ventura-dan-Perusahaan-Modal-Ventura-Syariah/SEOJK%2023-SEOJK06-2025%20Laporan%20Bulanan%20Perusahaan%20Modal%20Ventura%20dan%20Perusahaan%20Modal%20Ventura%20Syariah.pdf,SEOJK 23-SEOJK06-2025 Laporan Bulanan Perusahaan Modal Ventura dan Perusahaan Modal Ventura Syariah.pdf,Perubahan Atas Surat Edaran Otoritas Jasa Keuangan Nomor 25/SEOJK.05/2019 tentang Laporan Bulanan Perusahaan Modal Ventura dan Perusahaan Modal Ventura Syariah,utama,23/SEOJK.06/2025,SEOJK,PVML,Perusahaan Modal Ventura,2027-01-01,1688846,head,,https://ojk.go.id/id/regulasi/Pages/SEOJK-23-SEOJK06-2025-Laporan-Bulanan-Perusahaan-Modal-Ventura-dan-Perusahaan-Modal-Ventura-Syariah.aspx
https://ojk.go.id/id/regulasi/Documents/Pages/SEOJK-23-SEOJK06-2025-Laporan-Bulanan-Perusahaan-Modal-Ventura-dan-Perusahaan-Modal-Ventura-Syariah/Abstrak%20SEOJK%2023-SEOJK06-2025%20Laporan%20Bulanan%20Perusahaan%20Modal%20Ventura%20dan%20Perusahaan%20Modal%20Ventura%20Syariah.pdf,Abstrak SEOJK 23-SEOJK06-2025 Laporan Bulanan Perusahaan Modal Ventura dan Perusahaan Modal Ventura Syariah.pdf,Perubahan Atas Surat Edaran Otoritas Jasa Keuangan Nomor 25/SEOJK.05/2019 tentang Laporan Bulanan Perusahaan Modal Ventura dan Perusahaan Modal Ventura Syariah,abstrak,23/SEOJK.06/2025,SEOJK,PVML,Perusahaan Modal Ventura,2027-01-01,148994,head,,https://ojk.go.id/id/regulasi/Pages/SEOJK-23-SEOJK06-2025-Laporan-Bulanan-Perusahaan-Modal-Ventura-dan-Perusahaan-Modal-Ventura-Syariah.aspx
https://ojk.go.id/id/regulasi/Documents/Pages/SEOJK-23-SEOJK06-2025-Laporan-Bulanan-Perusahaan-Modal-Ventura-dan-Perusahaan-Modal-Ventura-Syariah/FAQ%20SEOJK%2023-SEOJK06-2025%20Laporan%20Bulanan%20Perusahaan%20Modal%20Ventura%20dan%20Perusahaan%20Modal%20Ventura%20Syariah.pdf,FAQ SEOJK 23-SEOJK06-2025 Laporan Bulanan Perusahaan Modal Ventura dan Perusahaan Modal Ventura Syariah.pdf,Perubahan Atas Surat Edaran Otoritas Jasa Keuangan Nomor 25/SEOJK.05/2019 tentang Laporan Bulanan Perusahaan Modal Ventura dan Perusahaan Modal Ventura Syariah,faq,23/SEOJK.06/2025,SEOJK,PVML,Perusahaan Modal Ventura,2027-01-01,199184,head,,https://ojk.go.id/id/regulasi/Pages/SEOJK-23-SEOJK06-2025-Laporan-Bulanan-Perusahaan-Modal-Ventura-dan-Perusahaan-Modal-Ventura-Syariah.aspx
https://ojk.go.id/id/regulasi/Documents/Pages/POJK-11-Tahun-2026-Laporan-Berkala-Lembaga-Penjamin/POJK%2011%20Tahun%202026%20Laporan%20Berkala%20Lembaga%20Penjamin.pdf,POJK 11 Tahun 2026 Laporan Berkala Lembaga Penjamin.pdf,Laporan Berkala Lembaga Penjamin,utama,11 Tahun 2026,POJK,PPDP,Lembaga Penjaminan,2027-01-01,1091058,head,,https://ojk.go.id/id/regulasi/Pages/POJK-11-Tahun-2026-Laporan-Berkala-Lembaga-Penjamin.aspx
https://ojk.go.id/id/regulasi/Documents/Pages/POJK-11-Tahun-2026-Laporan-Berkala-Lembaga-Penjamin/Abstrak%20POJK%2011%20Tahun%202026%20Laporan%20Berkala%20Lembaga%20Penjamin.pdf,Abstrak POJK 11 Tahun 2026 Laporan Berkala Lembaga Penjamin.pdf,Laporan Berkala Lembaga Penjamin,abstrak,11 Tahun 2026,POJK,PPDP,Lembaga Penjaminan,2027-01-01,175953,head,,https://ojk.go.id/id/regulasi/Pages/POJK-11-Tahun-2026-Laporan-Berkala-Lembaga-Penjamin.aspx
https://ojk.go.id/id/regulasi/Documents/Pages/POJK-11-Tahun-2026-Laporan-Berkala-Lembaga-Penjamin/FAQ%20POJK%2011%20Tahun%202026%20Laporan%20Berkala%20Lembaga%20Penjamin.pdf,FAQ POJK 11 Tahun 2026 Laporan Berkala Lembaga Penjamin.pdf,Laporan Berkala Lembaga Penjamin,faq,11 Tahun 2026,POJK,PPDP,Lembaga Penjaminan,2027-01-01,283392,head,,https://ojk.go.id/id/regulasi/Pages/POJK-11-Tahun-2026-Laporan-Berkala-Lembaga-Penjamin.aspx
https://ojk.go.id/id/regulasi/Documents/Pages/POJK-Nomor-16-Tahun-2026-tentang-Penyelenggaraan-Bursa-Mineral-dan-Komoditas-Strategis/POJK%2016%20Tahun%202026%20Penyelenggaraan%20Bursa%20Mineral%20dan%20Komoditas%20Strategis.pdf,POJK 16 Tahun 2026 Penyelenggaraan Bursa Mineral dan Komoditas Strategis.pdf,Penyelenggaraan Bursa Mineral dan Komoditas Strategis,utama,16 Tahun 2026,POJK,BMKS,Bursa Mineral dan Komoditas Strategis,2027-01-01,1235175,head,,https://ojk.go.id/id/regulasi/Pages/POJK-Nomor-16-Tahun-2026-tentang-Penyelenggaraan-Bursa-Mineral-dan-Komoditas-Strategis.aspx
https://ojk.go.id/id/regulasi/Documents/Pages/POJK-Nomor-16-Tahun-2026-tentang-Penyelenggaraan-Bursa-Mineral-dan-Komoditas-Strategis/Abstrak%20POJK%2016%20Tahun%202026%20Penyelenggaraan%20Bursa%20Mineral%20dan%20Komoditas%20Strategis.pdf,Abstrak POJK 16 Tahun 2026 Penyelenggaraan Bursa Mineral dan Komoditas Strategis.pdf,Penyelenggaraan Bursa Mineral dan Komoditas Strategis,abstrak,16 Tahun 2026,POJK,BMKS,Bursa Mineral dan Komoditas Strategis,2027-01-01,170683,head,,https://ojk.go.id/id/regulasi/Pages/POJK-Nomor-16-Tahun-2026-tentang-Penyelenggaraan-Bursa-Mineral-dan-Komoditas-Strategis.aspx
https://ojk.go.id/id/regulasi/Documents/Pages/POJK-Nomor-16-Tahun-2026-tentang-Penyelenggaraan-Bursa-Mineral-dan-Komoditas-Strategis/FAQ%20POJK%2016%20Tahun%202026%20Penyelenggaraan%20Bursa%20Mineral%20dan%20Komoditas%20Strategis.pdf,FAQ POJK 16 Tahun 2026 Penyelenggaraan Bursa Mineral dan Komoditas Strategis.pdf,Penyelenggaraan Bursa Mineral dan Komoditas Strategis,faq,16 Tahun 2026,POJK,BMKS,Bursa Mineral dan Komoditas Strategis,2027-01-01,282333,head,,https://ojk.go.id/id/regulasi/Pages/POJK-Nomor-16-Tahun-2026-tentang-Penyelenggaraan-Bursa-Mineral-dan-Komoditas-Strategis.aspx
https://ojk.go.id/id/regulasi/Documents/Pages/SEOJK-20-SEOJK08-2025-Publikasi-Penanganan-Pengaduan-dan-Laporan-Layanan-Pengaduan/SEOJK%2020-SEOJK08-2025%20Publikasi%20Penanganan%20Pengaduan%20dan%20Laporan%20Layanan%20Pengaduan.pdf,SEOJK 20-SEOJK08-2025 Publikasi Penanganan Pengaduan dan Laporan Layanan Pengaduan.pdf,Publikasi Penanganan Pengaduan dan Laporan Layanan Pengaduan,utama,20/SEOJK.08/2025,SEOJK,EPK,Peraturan Lainnya,2027-01-01,2113821,head,,https://ojk.go.id/id/regulasi/Pages/SEOJK-20-SEOJK08-2025-Publikasi-Penanganan-Pengaduan-dan-Laporan-Layanan-Pengaduan.aspx
https://ojk.go.id/id/regulasi/Documents/Pages/SEOJK-20-SEOJK08-2025-Publikasi-Penanganan-Pengaduan-dan-Laporan-Layanan-Pengaduan/Abstrak%20SEOJK%2020-SEOJK08-2025%20Publikasi%20Penanganan%20Pengaduan%20dan%20Laporan%20Layanan%20Pengaduan.pdf,Abstrak SEOJK 20-SEOJK08-2025 Publikasi Penanganan Pengaduan dan Laporan Layanan Pengaduan.pdf,Publikasi Penanganan Pengaduan dan Laporan Layanan Pengaduan,abstrak,20/SEOJK.08/2025,SEOJK,EPK,Peraturan Lainnya,2027-01-01,143296,head,,https://ojk.go.id/id/regulasi/Pages/SEOJK-20-SEOJK08-2025-Publikasi-Penanganan-Pengaduan-dan-Laporan-Layanan-Pengaduan.aspx
https://ojk.go.id/id/regulasi/Documents/Pages/SEOJK-20-SEOJK08-2025-Publikasi-Penanganan-Pengaduan-dan-Laporan-Layanan-Pengaduan/FAQ%20SEOJK%2020-SEOJK08-2025%20Publikasi%20Penanganan%20Pengaduan%20dan%20Laporan%20Layanan%20Pengaduan.pdf,FAQ SEOJK 20-SEOJK08-2025 Publikasi Penanganan Pengaduan dan Laporan Layanan Pengaduan.pdf,Publikasi Penanganan Pengaduan dan Laporan Layanan Pengaduan,faq,20/SEOJK.08/2025,SEOJK,EPK,Peraturan Lainnya,2027-01-01,225349,head,,https://ojk.go.id/id/regulasi/Pages/SEOJK-20-SEOJK08-2025-Publikasi-Penanganan-Pengaduan-dan-Laporan-Layanan-Pengaduan.aspx
"https://ojk.go.id/id/regulasi/Documents/Pages/PADK-8-Tahun-2026-Pedoman-Pelaporan-Insidental-Melalui-Sistem-Pelaporan-Otoritas-Jasa-Keuangan-di-Sektor-PMDK/PADK%208%20Tahun%202026%20Pedoman%20Pelaporan%20Insidental%20Melalui%20Sistem%20Pelaporan%20Otoritas%20Jasa%20Keuangan%20di%20Sektor%20Pasar%20Modal,%20Keuangan%20Derivatif,%20dan%20Bursa%20Karbon.pdf","PADK 8 Tahun 2026 Pedoman Pelaporan Insidental Melalui Sistem Pelaporan Otoritas Jasa Keuangan di Sektor Pasar Modal, Keuangan Derivatif, dan Bursa Karbon.pdf","Pedoman Pelaporan Insidental Melalui Sistem Pelaporan Otoritas Jasa Keuangan di Sektor Pasar Modal, Keuangan Derivatif, dan Bursa Karbon",utama,PADK 8 Tahun 2026,PERATURAN ADK,Pasar Modal,Peraturan Lainnya,2026-01-01,1196217,head,,https://ojk.go.id/id/regulasi/Pages/PADK-8-Tahun-2026-Pedoman-Pelaporan-Insidental-Melalui-Sistem-Pelaporan-Otoritas-Jasa-Keuangan-di-Sektor-PMDK.aspx
"https://ojk.go.id/id/regulasi/Documents/Pages/PADK-8-Tahun-2026-Pedoman-Pelaporan-Insidental-Melalui-Sistem-Pelaporan-Otoritas-Jasa-Keuangan-di-Sektor-PMDK/Abstrak%20PADK%208%20Tahun%202026%20Pedoman%20Pelaporan%20Insidental%20Melalui%20Sistem%20Pelaporan%20Otoritas%20Jasa%20Keuangan%20di%20Sektor%20Pasar%20Modal,%20Keuangan%20Derivatif,%20dan%20Bursa%20Karbon.pdf","Abstrak PADK 8 Tahun 2026 Pedoman Pelaporan Insidental Melalui Sistem Pelaporan Otoritas Jasa Keuangan di Sektor Pasar Modal, Keuangan Derivatif, dan Bursa Karbon.pdf","Pedoman Pelaporan Insidental Melalui Sistem Pelaporan Otoritas Jasa Keuangan di Sektor Pasar Modal, Keuangan Derivatif, dan Bursa Karbon",abstrak,PADK 8 Tahun 2026,PERATURAN ADK,Pasar Modal,Peraturan Lainnya,2026-01-01,144564,head,,https://ojk.go.id/id/regulasi/Pages/PADK-8-Tahun-2026-Pedoman-Pelaporan-Insidental-Melalui-Sistem-Pelaporan-Otoritas-Jasa-Keuangan-di-Sektor-PMDK.aspx
"https://ojk.go.id/id/regulasi/Documents/Pages/PADK-8-Tahun-2026-Pedoman-Pelaporan-Insidental-Melalui-Sistem-Pelaporan-Otoritas-Jasa-Keuangan-di-Sektor-PMDK/FAQ%20PADK%208%20Tahun%202026%20Pedoman%20Pelaporan%20Insidental%20Melalui%20Sistem%20Pelaporan%20Otoritas%20Jasa%20Keuangan%20di%20Sektor%20Pasar%20Modal,%20Keuangan%20Derivatif,%20dan%20Bursa%20Karbon.pdf","FAQ PADK 8 Tahun 2026 Pedoman Pelaporan Insidental Melalui Sistem Pelaporan Otoritas Jasa Keuangan di Sektor Pasar Modal, Keuangan Derivatif, dan Bursa Karbon.pdf","Pedoman Pelaporan Insidental Melalui Sistem Pelaporan Otoritas Jasa Keuangan di Sektor Pasar Modal, Keuangan Derivatif, dan Bursa Karbon",faq,PADK 8 Tahun 2026,PERATURAN ADK,Pasar Modal,Peraturan Lainnya,2026-01-01,169730,head,,https://ojk.go.id/id/regulasi/Pages/PADK-8-Tahun-2026-Pedoman-Pelaporan-Insidental-Melalui-Sistem-Pelaporan-Otoritas-Jasa-Keuangan-di-Sektor-PMDK.aspx
https://ojk.go.id/id/regulasi/Documents/Pages/PADK-10-Tahun-2026-Penerapan-Manajemen-Risiko-Country-Risk-dan-Transfer-Risk-Bagi-Bank-Umum/PADK%2010%20Tahun%202026%20Penerapan%20Manajemen%20Risiko%20Country%20Risk%20dan%20Transfer%20Risk%20Bagi%20Bank%20Umum.pdf,PADK 10 Tahun 2026 Penerapan Manajemen Risiko Country Risk dan Transfer Risk Bagi Bank Umum.pdf,Penerapan Manajemen Risiko Country Risk dan Transfer Risk Bagi Bank Umum,utama,PADK 10 Tahun 2026,PERATURAN ADK,Perbankan,Bank Umum,2026-01-01,651528,head,,https://ojk.go.id/id/regulasi/Pages/PADK-10-Tahun-2026-Penerapan-Manajemen-Risiko-Country-Risk-dan-Transfer-Risk-Bagi-Bank-Umum.aspx
https://ojk.go.id/id/regulasi/Documents/Pages/PADK-10-Tahun-2026-Penerapan-Manajemen-Risiko-Country-Risk-dan-Transfer-Risk-Bagi-Bank-Umum/Abstrak%20PADK%2010%20Tahun%202026%20Penerapan%20Manajemen%20Risiko%20Country%20Risk%20dan%20Transfer%20Risk%20Bagi%20Bank%20Umum.pdf,Abstrak PADK 10 Tahun 2026 Penerapan Manajemen Risiko Country Risk dan Transfer Risk Bagi Bank Umum.pdf,Penerapan Manajemen Risiko Country Risk dan Transfer Risk Bagi Bank Umum,abstrak,PADK 10 Tahun 2026,PERATURAN ADK,Perbankan,Bank Umum,2026-01-01,232976,head,,https://ojk.go.id/id/regulasi/Pages/PADK-10-Tahun-2026-Penerapan-Manajemen-Risiko-Country-Risk-dan-Transfer-Risk-Bagi-Bank-Umum.aspx
https://ojk.go.id/id/regulasi/Documents/Pages/PADK-10-Tahun-2026-Penerapan-Manajemen-Risiko-Country-Risk-dan-Transfer-Risk-Bagi-Bank-Umum/FAQ%20PADK%2010%20Tahun%202026%20Penerapan%20Manajemen%20Risiko%20Country%20Risk%20dan%20Transfer%20Risk%20Bagi%20Bank%20Umum.pdf,FAQ PADK 10 Tahun 2026 Penerapan Manajemen Risiko Country Risk dan Transfer Risk Bagi Bank Umum.pdf,Penerapan Manajemen Risiko Country Risk dan Transfer Risk Bagi Bank Umum,faq,PADK 10 Tahun 2026,PERATURAN ADK,Perbankan,Bank Umum,2026-01-01,346925,head,,https://ojk.go.id/id/regulasi/Pages/PADK-10-Tahun-2026-Penerapan-Manajemen-Risiko-Country-Risk-dan-Transfer-Risk-Bagi-Bank-Umum.aspx
https://ojk.go.id/id/regulasi/Documents/Pages/POJK-Nomor-12-Tahun-2026-Penerbitan-dan-Pelaporan-Efek-Beragun-Aset-Berbentuk-Surat-Partisipasi-%28EBA-SP%29/POJK%20POJK%20Nomor%2012%20Tahun%202026%20Penerbitan%20dan%20Pelaporan%20Efek%20Beragun%20Aset%20Berbentuk%20Surat%20Partisipasi%20%28EBA-SP%29%20Dalam%20Rangka%20Pembiayaan%20Sekunder%20Perumahan.pdf,POJK POJK Nomor 12 Tahun 2026 Penerbitan dan Pelaporan Efek Beragun Aset Berbentuk Surat Partisipasi (EBA-SP) Dalam Rangka Pembiayaan Sekunder Perumahan.pdf,Penerbitan dan Pelaporan Efek Beragun Aset Berbentuk Surat Partisipasi (EBA-SP) Dalam Rangka Pembiayaan Sekunder Perumahan,utama,12 Tahun 2026,POJK,Pasar Modal,Peraturan Lainnya,2026-01-01,1472981,head,,https://ojk.go.id/id/regulasi/Pages/POJK-Nomor-12-Tahun-2026-Penerbitan-dan-Pelaporan-Efek-Beragun-Aset-Berbentuk-Surat-Partisipasi-(EBA-SP).aspx
https://ojk.go.id/id/regulasi/Documents/Pages/POJK-Nomor-12-Tahun-2026-Penerbitan-dan-Pelaporan-Efek-Beragun-Aset-Berbentuk-Surat-Partisipasi-%28EBA-SP%29/Abstrak%20POJK%20Nomor%2012%20Tahun%202026%20Penerbitan%20dan%20Pelaporan%20Efek%20Beragun%20Aset%20Berbentuk%20Surat%20Partisipasi%20%28EBA-SP%29%20Dalam%20Rangka%20Pembiayaan%20Sekunder%20Perumahan.pdf,Abstrak POJK Nomor 12 Tahun 2026 Penerbitan dan Pelaporan Efek Beragun Aset Berbentuk Surat Partisipasi (EBA-SP) Dalam Rangka Pembiayaan Sekunder Perumahan.pdf,Penerbitan dan Pelaporan Efek Beragun Aset Berbentuk Surat Partisipasi (EBA-SP) Dalam Rangka Pembiayaan Sekunder Perumahan,abstrak,12 Tahun 2026,POJK,Pasar Modal,Peraturan Lainnya,2026-01-01,240960,head,,https://ojk.go.id/id/regulasi/Pages/POJK-Nomor-12-Tahun-2026-Penerbitan-dan-Pelaporan-Efek-Beragun-Aset-Berbentuk-Surat-Partisipasi-(EBA-SP).aspx
https://ojk.go.id/id/regulasi/Documents/Pages/POJK-Nomor-12-Tahun-2026-Penerbitan-dan-Pelaporan-Efek-Beragun-Aset-Berbentuk-Surat-Partisipasi-%28EBA-SP%29/FAQ%20POJK%20Nomor%2012%20Tahun%202026%20Penerbitan%20dan%20Pelaporan%20Efek%20Beragun%20Aset%20Berbentuk%20Surat%20Partisipasi%20%28EBA-SP%29%20Dalam%20Rangka%20Pembiayaan%20Sekunder%20Perumahan.pdf,FAQ POJK Nomor 12 Tahun 2026 Penerbitan dan Pelaporan Efek Beragun Aset Berbentuk Surat Partisipasi (EBA-SP) Dalam Rangka Pembiayaan Sekunder Perumahan.pdf,Penerbitan dan Pelaporan Efek Beragun Aset Berbentuk Surat Partisipasi (EBA-SP) Dalam Rangka Pembiayaan Sekunder Perumahan,faq,12 Tahun 2026,POJK,Pasar Modal,Peraturan Lainnya,2026-01-01,174622,head,,https://ojk.go.id/id/regulasi/Pages/POJK-Nomor-12-Tahun-2026-Penerbitan-dan-Pelaporan-Efek-Beragun-Aset-Berbentuk-Surat-Partisipasi-(EBA-SP).aspx
https://ojk.go.id/id/regulasi/Documents/Pages/POJK-Nomor-15-Tahun-2026-tentang-Penahapan-Peralihan-Tugas-dan-Wewenang-Pengaturan-dan-Pengawasan-Transaksi-Pada-BMKS/POJK%2015%20Tahun%202026%20Penahapan%20Peralihan%20Tugas%20dan%20Wewenang%20Pengaturan%20dan%20Pengawasan%20Transaksi%20pada%20BMKS%20dari%20Badan%20Pengawas%20Perdagangan%20Berjangka%20Komoditi%20ke%20OJK.pdf,POJK 15 Tahun 2026 Penahapan Peralihan Tugas dan Wewenang Pengaturan dan Pengawasan Transaksi pada BMKS dari Badan Pengawas Perdagangan Berjangka Komoditi ke OJK.pdf,Penahapan Peralihan Tugas dan Wewenang Pengaturan dan Pengawasan Transaksi Pada Bursa Mineral dan Komoditas Strategis dari Badan Pengawas Perdagangan Berjangka Komoditi ke Otoritas Jasa Keuangan,utama,15 Tahun 2026,POJK,BMKS,Bursa Mineral dan Komoditas Strategis,2026-01-01,956919,head,,https://ojk.go.id/id/regulasi/Pages/POJK-Nomor-15-Tahun-2026-tentang-Penahapan-Peralihan-Tugas-dan-Wewenang-Pengaturan-dan-Pengawasan-Transaksi-Pada-BMKS.aspx
https://ojk.go.id/id/regulasi/Documents/Pages/POJK-Nomor-15-Tahun-2026-tentang-Penahapan-Peralihan-Tugas-dan-Wewenang-Pengaturan-dan-Pengawasan-Transaksi-Pada-BMKS/Abstrak%20POJK%2015%20Tahun%202026%20Penahapan%20Peralihan%20Tugas%20dan%20Wewenang%20Pengaturan%20dan%20Pengawasan%20Transaksi%20pada%20BMKS%20dari%20Badan%20Pengawas%20Perdagangan%20Berjangka%20Komoditi%20ke%20OJK.pdf,Abstrak POJK 15 Tahun 2026 Penahapan Peralihan Tugas dan Wewenang Pengaturan dan Pengawasan Transaksi pada BMKS dari Badan Pengawas Perdagangan Berjangka Komoditi ke OJK.pdf,Penahapan Peralihan Tugas dan Wewenang Pengaturan dan Pengawasan Transaksi Pada Bursa Mineral dan Komoditas Strategis dari Badan Pengawas Perdagangan Berjangka Komoditi ke Otoritas Jasa Keuangan,abstrak,15 Tahun 2026,POJK,BMKS,Bursa Mineral dan Komoditas Strategis,2026-01-01,169992,head,,https://ojk.go.id/id/regulasi/Pages/POJK-Nomor-15-Tahun-2026-tentang-Penahapan-Peralihan-Tugas-dan-Wewenang-Pengaturan-dan-Pengawasan-Transaksi-Pada-BMKS.aspx
https://ojk.go.id/id/regulasi/Documents/Pages/POJK-Nomor-15-Tahun-2026-tentang-Penahapan-Peralihan-Tugas-dan-Wewenang-Pengaturan-dan-Pengawasan-Transaksi-Pada-BMKS/FAQ%20POJK%2015%20Tahun%202026%20Penahapan%20Peralihan%20Tugas%20dan%20Wewenang%20Pengaturan%20dan%20Pengawasan%20Transaksi%20pada%20BMKS%20dari%20Badan%20Pengawas%20Perdagangan%20Berjangka%20Komoditi%20ke%20OJK.pdf,FAQ POJK 15 Tahun 2026 Penahapan Peralihan Tugas dan Wewenang Pengaturan dan Pengawasan Transaksi pada BMKS dari Badan Pengawas Perdagangan Berjangka Komoditi ke OJK.pdf,Penahapan Peralihan Tugas dan Wewenang Pengaturan dan Pengawasan Transaksi Pada Bursa Mineral dan Komoditas Strategis dari Badan Pengawas Perdagangan Berjangka Komoditi ke Otoritas Jasa Keuangan,faq,15 Tahun 2026,POJK,BMKS,Bursa Mineral dan Komoditas Strategis,2026-01-01,216761,head,,https://ojk.go.id/id/regulasi/Pages/POJK-Nomor-15-Tahun-2026-tentang-Penahapan-Peralihan-Tugas-dan-Wewenang-Pengaturan-dan-Pengawasan-Transaksi-Pada-BMKS.aspx
https://ojk.go.id/id/regulasi/Documents/Pages/POJK-13-Tahun-2026-Pemegang-Saham-Bursa-Efek/POJK%2013%20Tahun%202026%20Pemegang%20Saham%20Bursa%20Efek.pdf,POJK 13 Tahun 2026 Pemegang Saham Bursa Efek.pdf,Pemegang Saham Bursa Efek,utama,13 Tahun 2026,POJK,Pasar Modal,Bursa Efek,2026-01-01,1073971,head,,https://ojk.go.id/id/regulasi/Pages/POJK-13-Tahun-2026-Pemegang-Saham-Bursa-Efek.aspx
https://ojk.go.id/id/regulasi/Documents/Pages/POJK-13-Tahun-2026-Pemegang-Saham-Bursa-Efek/Abstrak%20POJK%2013%20Tahun%202026%20Pemegang%20Saham%20Bursa%20Efek.pdf,Abstrak POJK 13 Tahun 2026 Pemegang Saham Bursa Efek.pdf,Pemegang Saham Bursa Efek,abstrak,13 Tahun 2026,POJK,Pasar Modal,Bursa Efek,2026-01-01,184381,head,,https://ojk.go.id/id/regulasi/Pages/POJK-13-Tahun-2026-Pemegang-Saham-Bursa-Efek.aspx
https://ojk.go.id/id/regulasi/Documents/Pages/POJK-13-Tahun-2026-Pemegang-Saham-Bursa-Efek/FAQ%20POJK%2013%20Tahun%202026%20Pemegang%20Saham%20Bursa%20Efek.pdf,FAQ POJK 13 Tahun 2026 Pemegang Saham Bursa Efek.pdf,Pemegang Saham Bursa Efek,faq,13 Tahun 2026,POJK,Pasar Modal,Bursa Efek,2026-01-01,222073,head,,https://ojk.go.id/id/regulasi/Pages/POJK-13-Tahun-2026-Pemegang-Saham-Bursa-Efek.aspx
https://ojk.go.id/id/regulasi/Documents/Pages/PADK-Nomor-3-Tahun-2026-Penyelenggaraan-Perdagangan-Aset-Keuangan-Digital-termasuk-Aset-Kripto/PADK%20Nomor%203%20Tahun%202026%20Penyelenggaraan%20Perdagangan%20Aset%20Keuangan%20Digital%20termasuk%20Aset%20Kripto.pdf,PADK Nomor 3 Tahun 2026 Penyelenggaraan Perdagangan Aset Keuangan Digital termasuk Aset Kripto.pdf,Penyelenggaraan Perdagangan Aset Keuangan Digital termasuk Aset Kripto,utama,3 Tahun 2026,PERATURAN ADK,ITSK,Aset Kripto; Aset Keuangan Digital,2026-01-01,1773232,head,,https://ojk.go.id/id/regulasi/Pages/PADK-Nomor-3-Tahun-2026-Penyelenggaraan-Perdagangan-Aset-Keuangan-Digital-termasuk-Aset-Kripto.aspx
https://ojk.go.id/id/regulasi/Documents/Pages/PADK-Nomor-3-Tahun-2026-Penyelenggaraan-Perdagangan-Aset-Keuangan-Digital-termasuk-Aset-Kripto/Abstrak%20PADK%20Nomor%203%20Tahun%202026%20Penyelenggaraan%20Perdagangan%20Aset%20Keuangan%20Digital%20termasuk%20Aset%20Kripto.pdf,Abstrak PADK Nomor 3 Tahun 2026 Penyelenggaraan Perdagangan Aset Keuangan Digital termasuk Aset Kripto.pdf,Penyelenggaraan Perdagangan Aset Keuangan Digital termasuk Aset Kripto,abstrak,3 Tahun 2026,PERATURAN ADK,ITSK,Aset Kripto; Aset Keuangan Digital,2026-01-01,189397,head,,https://ojk.go.id/id/regulasi/Pages/PADK-Nomor-3-Tahun-2026-Penyelenggaraan-Perdagangan-Aset-Keuangan-Digital-termasuk-Aset-Kripto.aspx
https://ojk.go.id/id/regulasi/Documents/Pages/PADK-Nomor-3-Tahun-2026-Penyelenggaraan-Perdagangan-Aset-Keuangan-Digital-termasuk-Aset-Kripto/FAQ%20PADK%20Nomor%203%20Tahun%202026%20Penyelenggaraan%20Perdagangan%20Aset%20Keuangan%20Digital%20termasuk%20Aset%20Kripto.pdf,FAQ PADK Nomor 3 Tahun 2026 Penyelenggaraan Perdagangan Aset Keuangan Digital termasuk Aset Kripto.pdf,Penyelenggaraan Perdagangan Aset Keuangan Digital termasuk Aset Kripto,faq,3 Tahun 2026,PERATURAN ADK,ITSK,Aset Kripto; Aset Keuangan Digital,2026-01-01,198932,head,,https://ojk.go.id/id/regulasi/Pages/PADK-Nomor-3-Tahun-2026-Penyelenggaraan-Perdagangan-Aset-Keuangan-Digital-termasuk-Aset-Kripto.aspx
https://ojk.go.id/id/regulasi/Documents/Pages/PADK-9-Tahun-2026-Bentuk-dan-Susunan-Laporan-Penerapan-Tata-Kelola-Yang-Baik-bagi-Penyelenggara-ITSK/PADK%209%20Tahun%202026%20Bentuk%20dan%20Susunan%20Laporan%20Penerapan%20Tata%20Kelola%20Yang%20Baik%20bagi%20Penyelenggara%20Inovasi%20Teknologi%20Sektor%20Keuangan.pdf,PADK 9 Tahun 2026 Bentuk dan Susunan Laporan Penerapan Tata Kelola Yang Baik bagi Penyelenggara Inovasi Teknologi Sektor Keuangan.pdf,Bentuk dan Susunan Laporan Penerapan Tata Kelola Yang Baik bagi Penyelenggara Inovasi Teknologi Sektor Keuangan,utama,PADK 9 Tahun 2026,PERATURAN ADK,ITSK,Penyelenggara ITSK,2026-01-01,1242506,head,,https://ojk.go.id/id/regulasi/Pages/PADK-9-Tahun-2026-Bentuk-dan-Susunan-Laporan-Penerapan-Tata-Kelola-Yang-Baik-bagi-Penyelenggara-ITSK.aspx
https://ojk.go.id/id/regulasi/Documents/Pages/PADK-9-Tahun-2026-Bentuk-dan-Susunan-Laporan-Penerapan-Tata-Kelola-Yang-Baik-bagi-Penyelenggara-ITSK/Abstrak%20PADK%209%20Tahun%202026%20Bentuk%20dan%20Susunan%20Laporan%20Penerapan%20Tata%20Kelola%20Yang%20Baik%20bagi%20Penyelenggara%20Inovasi%20Teknologi%20Sektor%20Keuangan.pdf,Abstrak PADK 9 Tahun 2026 Bentuk dan Susunan Laporan Penerapan Tata Kelola Yang Baik bagi Penyelenggara Inovasi Teknologi Sektor Keuangan.pdf,Bentuk dan Susunan Laporan Penerapan Tata Kelola Yang Baik bagi Penyelenggara Inovasi Teknologi Sektor Keuangan,abstrak,PADK 9 Tahun 2026,PERATURAN ADK,ITSK,Penyelenggara ITSK,2026-01-01,228204,head,,https://ojk.go.id/id/regulasi/Pages/PADK-9-Tahun-2026-Bentuk-dan-Susunan-Laporan-Penerapan-Tata-Kelola-Yang-Baik-bagi-Penyelenggara-ITSK.aspx
https://ojk.go.id/id/regulasi/Documents/Pages/PADK-9-Tahun-2026-Bentuk-dan-Susunan-Laporan-Penerapan-Tata-Kelola-Yang-Baik-bagi-Penyelenggara-ITSK/FAQ%20PADK%209%20Tahun%202026%20Bentuk%20dan%20Susunan%20Laporan%20Penerapan%20Tata%20Kelola%20Yang%20Baik%20bagi%20Penyelenggara%20Inovasi%20Teknologi%20Sektor%20Keuangan.pdf,FAQ PADK 9 Tahun 2026 Bentuk dan Susunan Laporan Penerapan Tata Kelola Yang Baik bagi Penyelenggara Inovasi Teknologi Sektor Keuangan.pdf,Bentuk dan Susunan Laporan Penerapan Tata Kelola Yang Baik bagi Penyelenggara Inovasi Teknologi Sektor Keuangan,faq,PADK 9 Tahun 2026,PERATURAN ADK,ITSK,Penyelenggara ITSK,2026-01-01,266319,head,,https://ojk.go.id/id/regulasi/Pages/PADK-9-Tahun-2026-Bentuk-dan-Susunan-Laporan-Penerapan-Tata-Kelola-Yang-Baik-bagi-Penyelenggara-ITSK.aspx
"https://ojk.go.id/id/regulasi/Documents/Pages/POJK-9-Tahun-2026-Pelaporan-Insidental-Melalui-Sistem-Pelaporan-Otoritas-Jasa-Keuangan-di-Sektor-PMDK/POJK%209%20Tahun%202026%20Pelaporan%20Insidental%20Melalui%20Sistem%20Pelaporan%20Otoritas%20Jasa%20Keuangan%20di%20Sektor%20Pasar%20Modal,%20Keuangan%20Derivatif,%20dan%20Bursa%20Karbon.pdf","POJK 9 Tahun 2026 Pelaporan Insidental Melalui Sistem Pelaporan Otoritas Jasa Keuangan di Sektor Pasar Modal, Keuangan Derivatif, dan Bursa Karbon.pdf","Pelaporan Insidental Melalui Sistem Pelaporan Otoritas Jasa Keuangan di Sektor Pasar Modal, Keuangan Derivatif, dan Bursa Karbon",utama,9 Tahun 2026,POJK,Pasar Modal,Peraturan Lainnya,2026-01-01,2380921,head,,https://ojk.go.id/id/regulasi/Pages/POJK-9-Tahun-2026-Pelaporan-Insidental-Melalui-Sistem-Pelaporan-Otoritas-Jasa-Keuangan-di-Sektor-PMDK.aspx
"https://ojk.go.id/id/regulasi/Documents/Pages/POJK-9-Tahun-2026-Pelaporan-Insidental-Melalui-Sistem-Pelaporan-Otoritas-Jasa-Keuangan-di-Sektor-PMDK/Abstrak%20POJK%209%20Tahun%202026%20Pelaporan%20Insidental%20Melalui%20Sistem%20Pelaporan%20Otoritas%20Jasa%20Keuangan%20di%20Sektor%20Pasar%20Modal,%20Keuangan%20Derivatif,%20dan%20Bursa%20Karbon.pdf","Abstrak POJK 9 Tahun 2026 Pelaporan Insidental Melalui Sistem Pelaporan Otoritas Jasa Keuangan di Sektor Pasar Modal, Keuangan Derivatif, dan Bursa Karbon.pdf","Pelaporan Insidental Melalui Sistem Pelaporan Otoritas Jasa Keuangan di Sektor Pasar Modal, Keuangan Derivatif, dan Bursa Karbon",abstrak,9 Tahun 2026,POJK,Pasar Modal,Peraturan Lainnya,2026-01-01,170986,head,,https://ojk.go.id/id/regulasi/Pages/POJK-9-Tahun-2026-Pelaporan-Insidental-Melalui-Sistem-Pelaporan-Otoritas-Jasa-Keuangan-di-Sektor-PMDK.aspx
"https://ojk.go.id/id/regulasi/Documents/Pages/POJK-9-Tahun-2026-Pelaporan-Insidental-Melalui-Sistem-Pelaporan-Otoritas-Jasa-Keuangan-di-Sektor-PMDK/FAQ%20POJK%209%20Tahun%202026%20Pelaporan%20Insidental%20Melalui%20Sistem%20Pelaporan%20Otoritas%20Jasa%20Keuangan%20di%20Sektor%20Pasar%20Modal,%20Keuangan%20Derivatif,%20dan%20Bursa%20Karbon.pdf","FAQ POJK 9 Tahun 2026 Pelaporan Insidental Melalui Sistem Pelaporan Otoritas Jasa Keuangan di Sektor Pasar Modal, Keuangan Derivatif, dan Bursa Karbon.pdf","Pelaporan Insidental Melalui Sistem Pelaporan Otoritas Jasa Keuangan di Sektor Pasar Modal, Keuangan Derivatif, dan Bursa Karbon",faq,9 Tahun 2026,POJK,Pasar Modal,Peraturan Lainnya,2026-01-01,178476,head,,https://ojk.go.id/id/regulasi/Pages/POJK-9-Tahun-2026-Pelaporan-Insidental-Melalui-Sistem-Pelaporan-Otoritas-Jasa-Keuangan-di-Sektor-PMDK.aspx
https://ojk.go.id/id/regulasi/Documents/Pages/PADK-7-Tahun-2026-Penilaian-Kualitas-Piutang-Pembiayaan-PT-Sarana-Multi-Infrastruktur/PADK%207%20Tahun%202026%20Penilaian%20Kualitas%20Piutang%20Pembiayaan%20PT%20Sarana%20Multi%20Infrastruktur%20%28Persero%29.pdf,PADK 7 Tahun 2026 Penilaian Kualitas Piutang Pembiayaan PT Sarana Multi Infrastruktur (Persero).pdf,Penilaian Kualitas Piutang Pembiayaan PT Sarana Multi Infrastruktur (Persero),utama,7 Tahun 2026,PERATURAN ADK,PVML,Peraturan Lainnya,2026-01-01,281914,head,,https://ojk.go.id/id/regulasi/Pages/PADK-7-Tahun-2026-Penilaian-Kualitas-Piutang-Pembiayaan-PT-Sarana-Multi-Infrastruktur.aspx
https://ojk.go.id/id/regulasi/Documents/Pages/PADK-7-Tahun-2026-Penilaian-Kualitas-Piutang-Pembiayaan-PT-Sarana-Multi-Infrastruktur/Abstrak%20PADK%207%20Tahun%202026%20Penilaian%20Kualitas%20Piutang%20Pembiayaan%20PT%20Sarana%20Multi%20Infrastruktur%20%28Persero%29.pdf,Abstrak PADK 7 Tahun 2026 Penilaian Kualitas Piutang Pembiayaan PT Sarana Multi Infrastruktur (Persero).pdf,Penilaian Kualitas Piutang Pembiayaan PT Sarana Multi Infrastruktur (Persero),abstrak,7 Tahun 2026,PERATURAN ADK,PVML,Peraturan Lainnya,2026-01-01,154818,head,,https://ojk.go.id/id/regulasi/Pages/PADK-7-Tahun-2026-Penilaian-Kualitas-Piutang-Pembiayaan-PT-Sarana-Multi-Infrastruktur.aspx
https://ojk.go.id/id/regulasi/Documents/Pages/PADK-7-Tahun-2026-Penilaian-Kualitas-Piutang-Pembiayaan-PT-Sarana-Multi-Infrastruktur/FAQ%20PADK%207%20Tahun%202026%20Penilaian%20Kualitas%20Piutang%20Pembiayaan%20PT%20Sarana%20Multi%20Infrastruktur%20%28Persero%29.pdf,FAQ PADK 7 Tahun 2026 Penilaian Kualitas Piutang Pembiayaan PT Sarana Multi Infrastruktur (Persero).pdf,Penilaian Kualitas Piutang Pembiayaan PT Sarana Multi Infrastruktur (Persero),faq,7 Tahun 2026,PERATURAN ADK,PVML,Peraturan Lainnya,2026-01-01,210709,head,,https://ojk.go.id/id/regulasi/Pages/PADK-7-Tahun-2026-Penilaian-Kualitas-Piutang-Pembiayaan-PT-Sarana-Multi-Infrastruktur.aspx
https://ojk.go.id/id/regulasi/Documents/Pages/PADK-6-Tahun-2026-Tata-Cara-Penyelenggaraan-Perdagangan-Karbon-Melalui-Bursa-Karbon/PADK%206%20Tahun%202026%20Tata%20Cara%20Penyelenggaraan%20Perdagangan%20Karbon%20Melalui%20Bursa%20Karbon.pdf,PADK 6 Tahun 2026 Tata Cara Penyelenggaraan Perdagangan Karbon Melalui Bursa Karbon.pdf,Tata Cara Penyelenggaraan Perdagangan Karbon Melalui Bursa Karbon,utama,6 Tahun 2026,PERATURAN ADK,Pasar Modal,Peraturan Lainnya,2026-01-01,384733,head,,https://ojk.go.id/id/regulasi/Pages/PADK-6-Tahun-2026-Tata-Cara-Penyelenggaraan-Perdagangan-Karbon-Melalui-Bursa-Karbon.aspx
https://ojk.go.id/id/regulasi/Documents/Pages/PADK-6-Tahun-2026-Tata-Cara-Penyelenggaraan-Perdagangan-Karbon-Melalui-Bursa-Karbon/Abstrak%20PADK%206%20Tahun%202026%20Tata%20Cara%20Penyelenggaraan%20Perdagangan%20Karbon%20Melalui%20Bursa%20Karbon.pdf,Abstrak PADK 6 Tahun 2026 Tata Cara Penyelenggaraan Perdagangan Karbon Melalui Bursa Karbon.pdf,Tata Cara Penyelenggaraan Perdagangan Karbon Melalui Bursa Karbon,abstrak,6 Tahun 2026,PERATURAN ADK,Pasar Modal,Peraturan Lainnya,2026-01-01,181031,head,,https://ojk.go.id/id/regulasi/Pages/PADK-6-Tahun-2026-Tata-Cara-Penyelenggaraan-Perdagangan-Karbon-Melalui-Bursa-Karbon.aspx
https://ojk.go.id/id/regulasi/Documents/Pages/PADK-6-Tahun-2026-Tata-Cara-Penyelenggaraan-Perdagangan-Karbon-Melalui-Bursa-Karbon/FAQ%20PADK%206%20Tahun%202026%20Tata%20Cara%20Penyelenggaraan%20Perdagangan%20Karbon%20Melalui%20Bursa%20Karbon.pdf,FAQ PADK 6 Tahun 2026 Tata Cara Penyelenggaraan Perdagangan Karbon Melalui Bursa Karbon.pdf,Tata Cara Penyelenggaraan Perdagangan Karbon Melalui Bursa Karbon,faq,6 Tahun 2026,PERATURAN ADK,Pasar Modal,Peraturan Lainnya,2026-01-01,210355,head,,https://ojk.go.id/id/regulasi/Pages/PADK-6-Tahun-2026-Tata-Cara-Penyelenggaraan-Perdagangan-Karbon-Melalui-Bursa-Karbon.aspx
https://ojk.go.id/id/regulasi/Documents/Pages/PADK-5-Tahun-2026-Pedoman-Pengendalian-Internal-dan-Perilaku-Perusahaan-Efek-Yang-Melakukan-Kegiatan-Usaha-Sebagai-Penjamin/PADK%205%20Tahun%202026%20Pedoman%20Pengendalian%20Internal%20dan%20Perilaku%20Perusahaan%20Efek%20Yang%20Melakukan%20Kegiatan%20Usaha%20Sebagai%20Penjamin%20Emisi%20Efek.pdf,PADK 5 Tahun 2026 Pedoman Pengendalian Internal dan Perilaku Perusahaan Efek Yang Melakukan Kegiatan Usaha Sebagai Penjamin Emisi Efek.pdf,Pedoman Pengendalian Internal dan Perilaku Perusahaan Efek Yang Melakukan Kegiatan Usaha Sebagai Penjamin Emisi Efek,utama,5 Tahun 2026,PERATURAN ADK,Pasar Modal,Efek,2026-01-01,218456,head,,https://ojk.go.id/id/regulasi/Pages/PADK-5-Tahun-2026-Pedoman-Pengendalian-Internal-dan-Perilaku-Perusahaan-Efek-Yang-Melakukan-Kegiatan-Usaha-Sebagai-Penjamin.aspx
https://ojk.go.id/id/regulasi/Documents/Pages/PADK-5-Tahun-2026-Pedoman-Pengendalian-Internal-dan-Perilaku-Perusahaan-Efek-Yang-Melakukan-Kegiatan-Usaha-Sebagai-Penjamin/Abstrak%20PADK%205%20Tahun%202026%20Pedoman%20Pengendalian%20Internal%20dan%20Perilaku%20Perusahaan%20Efek%20Yang%20Melakukan%20Kegiatan%20Usaha%20Sebagai%20Penjamin%20Emisi%20Efek.pdf,Abstrak PADK 5 Tahun 2026 Pedoman Pengendalian Internal dan Perilaku Perusahaan Efek Yang Melakukan Kegiatan Usaha Sebagai Penjamin Emisi Efek.pdf,Pedoman Pengendalian Internal dan Perilaku Perusahaan Efek Yang Melakukan Kegiatan Usaha Sebagai Penjamin Emisi Efek,abstrak,5 Tahun 2026,PERATURAN ADK,Pasar Modal,Efek,2026-01-01,173422,head,,https://ojk.go.id/id/regulasi/Pages/PADK-5-Tahun-2026-Pedoman-Pengendalian-Internal-dan-Perilaku-Perusahaan-Efek-Yang-Melakukan-Kegiatan-Usaha-Sebagai-Penjamin.aspx
https://ojk.go.id/id/regulasi/Documents/Pages/PADK-5-Tahun-2026-Pedoman-Pengendalian-Internal-dan-Perilaku-Perusahaan-Efek-Yang-Melakukan-Kegiatan-Usaha-Sebagai-Penjamin/FAQ%20PADK%205%20Tahun%202026%20Pedoman%20Pengendalian%20Internal%20dan%20Perilaku%20Perusahaan%20Efek%20Yang%20Melakukan%20Kegiatan%20Usaha%20Sebagai%20Penjamin%20Emisi%20Efek.pdf,FAQ PADK 5 Tahun 2026 Pedoman Pengendalian Internal dan Perilaku Perusahaan Efek Yang Melakukan Kegiatan Usaha Sebagai Penjamin Emisi Efek.pdf,Pedoman Pengendalian Internal dan Perilaku Perusahaan Efek Yang Melakukan Kegiatan Usaha Sebagai Penjamin Emisi Efek,faq,5 Tahun 2026,PERATURAN ADK,Pasar Modal,Efek,2026-01-01,155658,head,,https://ojk.go.id/id/regulasi/Pages/PADK-5-Tahun-2026-Pedoman-Pengendalian-Internal-dan-Perilaku-Perusahaan-Efek-Yang-Melakukan-Kegiatan-Usaha-Sebagai-Penjamin.aspx
"https://ojk.go.id/id/regulasi/Documents/Pages/PADK-4-Tahun-2026-Pedoman-Penerapan-Program-APUPPT-dan-Pencegahan-Pendanaan-Proliferasi-Senjata-Pemusnah-Massal-Bagi-Wali/PADK%204%20Tahun%202026%20Pedoman%20Penerapan%20Program%20Anti%20Pencucian%20Uang,%20Pencegahan%20Pendanaan%20Terorisme,%20dan%20Pencegahan%20Pendanaan%20Proliferasi%20Senjata%20Pemusnah%20Massal%20Bagi%20Wali%20Amanat.pdf","PADK 4 Tahun 2026 Pedoman Penerapan Program Anti Pencucian Uang, Pencegahan Pendanaan Terorisme, dan Pencegahan Pendanaan Proliferasi Senjata Pemusnah Massal Bagi Wali Amanat.pdf","Pedoman Penerapan Program Anti Pencucian Uang, Pencegahan Pendanaan Terorisme, dan Pencegahan Pendanaan Proliferasi Senjata Pemusnah Massal Bagi Wali Amanat",utama,4 Tahun 2026,PERATURAN ADK,OJK Wide,Peraturan Lainnya,2026-01-01,624924,head,,https://ojk.go.id/id/regulasi/Pages/PADK-4-Tahun-2026-Pedoman-Penerapan-Program-APUPPT-dan-Pencegahan-Pendanaan-Proliferasi-Senjata-Pemusnah-Massal-Bagi-Wali.aspx
"https://ojk.go.id/id/regulasi/Documents/Pages/PADK-4-Tahun-2026-Pedoman-Penerapan-Program-APUPPT-dan-Pencegahan-Pendanaan-Proliferasi-Senjata-Pemusnah-Massal-Bagi-Wali/Abstrak%20PADK%204%20Tahun%202026%20Pedoman%20Penerapan%20Program%20Anti%20Pencucian%20Uang,%20Pencegahan%20Pendanaan%20Terorisme,%20dan%20Pencegahan%20Pendanaan%20Proliferasi%20Senjata%20Pemusnah%20Massal%20Bagi%20Wali%20Amanat.pdf","Abstrak PADK 4 Tahun 2026 Pedoman Penerapan Program Anti Pencucian Uang, Pencegahan Pendanaan Terorisme, dan Pencegahan Pendanaan Proliferasi Senjata Pemusnah Massal Bagi Wali Amanat.pdf","Pedoman Penerapan Program Anti Pencucian Uang, Pencegahan Pendanaan Terorisme, dan Pencegahan Pendanaan Proliferasi Senjata Pemusnah Massal Bagi Wali Amanat",abstrak,4 Tahun 2026,PERATURAN ADK,OJK Wide,Peraturan Lainnya,2026-01-01,172964,head,,https://ojk.go.id/id/regulasi/Pages/PADK-4-Tahun-2026-Pedoman-Penerapan-Program-APUPPT-dan-Pencegahan-Pendanaan-Proliferasi-Senjata-Pemusnah-Massal-Bagi-Wali.aspx
"https://ojk.go.id/id/regulasi/Documents/Pages/PADK-4-Tahun-2026-Pedoman-Penerapan-Program-APUPPT-dan-Pencegahan-Pendanaan-Proliferasi-Senjata-Pemusnah-Massal-Bagi-Wali/FAQ%20PADK%204%20Tahun%202026%20Pedoman%20Penerapan%20Program%20Anti%20Pencucian%20Uang,%20Pencegahan%20Pendanaan%20Terorisme,%20dan%20Pencegahan%20Pendanaan%20Proliferasi%20Senjata%20Pemusnah%20Massal%20Bagi%20Wali%20Amanat.pdf","FAQ PADK 4 Tahun 2026 Pedoman Penerapan Program Anti Pencucian Uang, Pencegahan Pendanaan Terorisme, dan Pencegahan Pendanaan Proliferasi Senjata Pemusnah Massal Bagi Wali Amanat.pdf","Pedoman Penerapan Program Anti Pencucian Uang, Pencegahan Pendanaan Terorisme, dan Pencegahan Pendanaan Proliferasi Senjata Pemusnah Massal Bagi Wali Amanat",faq,4 Tahun 2026,PERATURAN ADK,OJK Wide,Peraturan Lainnya,2026-01-01,215432,head,,https://ojk.go.id/id/regulasi/Pages/PADK-4-Tahun-2026-Pedoman-Penerapan-Program-APUPPT-dan-Pencegahan-Pendanaan-Proliferasi-Senjata-Pemusnah-Massal-Bagi-Wali.aspx
https://ojk.go.id/id/regulasi/Documents/Pages/POJK-8-Tahun-2026-Pelaporan-dan-Permintaan-Data-Transaksi-Pendanaan-oleh-Penyelenggara-LPBBTI/POJK%208%20Tahun%202026%20Pelaporan%20dan%20Permintaan%20Data%20Transaksi%20Pendanaan%20oleh%20Penyelenggara%20Layanan%20Pendanaan%20Bersama%20Berbasis%20Teknologi%20Informasi.pdf,POJK 8 Tahun 2026 Pelaporan dan Permintaan Data Transaksi Pendanaan oleh Penyelenggara Layanan Pendanaan Bersama Berbasis Teknologi Informasi.pdf,Pelaporan dan Permintaan Data Transaksi Pendanaan oleh Penyelenggara Layanan Pendanaan Bersama Berbasis Teknologi Informasi,utama,8 Tahun 2026,POJK,PVML,LPBBTI,2026-01-01,2018628,head,,https://ojk.go.id/id/regulasi/Pages/POJK-8-Tahun-2026-Pelaporan-dan-Permintaan-Data-Transaksi-Pendanaan-oleh-Penyelenggara-LPBBTI.aspx
https://ojk.go.id/id/regulasi/Documents/Pages/POJK-8-Tahun-2026-Pelaporan-dan-Permintaan-Data-Transaksi-Pendanaan-oleh-Penyelenggara-LPBBTI/Abstrak%20POJK%208%20Tahun%202026%20Pelaporan%20dan%20Permintaan%20Data%20Transaksi%20Pendanaan%20oleh%20Penyelenggara%20Layanan%20Pendanaan%20Bersama%20Berbasis%20Teknologi%20Informasi.pdf,Abstrak POJK 8 Tahun 2026 Pelaporan dan Permintaan Data Transaksi Pendanaan oleh Penyelenggara Layanan Pendanaan Bersama Berbasis Teknologi Informasi.pdf,Pelaporan dan Permintaan Data Transaksi Pendanaan oleh Penyelenggara Layanan Pendanaan Bersama Berbasis Teknologi Informasi,abstrak,8 Tahun 2026,POJK,PVML,LPBBTI,2026-01-01,205086,head,,https://ojk.go.id/id/regulasi/Pages/POJK-8-Tahun-2026-Pelaporan-dan-Permintaan-Data-Transaksi-Pendanaan-oleh-Penyelenggara-LPBBTI.aspx
https://ojk.go.id/id/regulasi/Documents/Pages/POJK-8-Tahun-2026-Pelaporan-dan-Permintaan-Data-Transaksi-Pendanaan-oleh-Penyelenggara-LPBBTI/FAQ%20POJK%208%20Tahun%202026%20Pelaporan%20dan%20Permintaan%20Data%20Transaksi%20Pendanaan%20oleh%20Penyelenggara%20Layanan%20Pendanaan%20Bersama%20Berbasis%20Teknologi%20Informasi.pdf,FAQ POJK 8 Tahun 2026 Pelaporan dan Permintaan Data Transaksi Pendanaan oleh Penyelenggara Layanan Pendanaan Bersama Berbasis Teknologi Informasi.pdf,Pelaporan dan Permintaan Data Transaksi Pendanaan oleh Penyelenggara Layanan Pendanaan Bersama Berbasis Teknologi Informasi,faq,8 Tahun 2026,POJK,PVML,LPBBTI,2026-01-01,229461,head,,https://ojk.go.id/id/regulasi/Pages/POJK-8-Tahun-2026-Pelaporan-dan-Permintaan-Data-Transaksi-Pendanaan-oleh-Penyelenggara-LPBBTI.aspx
https://ojk.go.id/id/regulasi/Documents/Pages/POJK-10-Tahun-2026-Perubahan-Atas-POJK-14-Tahun-2023-tentang-Perdagangan-Karbon-Melalui-Bursa-Karbon/POJK%2010%20Tahun%202026%20Perubahan%20Atas%20POJK%2014%20Tahun%202023%20tentang%20Perdagangan%20Karbon%20Melalui%20Bursa%20Karbon.pdf,POJK 10 Tahun 2026 Perubahan Atas POJK 14 Tahun 2023 tentang Perdagangan Karbon Melalui Bursa Karbon.pdf,Perubahan Atas Peraturan Otoritas Jasa Keuangan Nomor 14 Tahun 2023 tentang Perdagangan Karbon Melalui Bursa Karbon,utama,10 Tahun 2026,POJK,Pasar Modal,Bursa Efek,2026-01-01,1948918,head,,https://ojk.go.id/id/regulasi/Pages/POJK-10-Tahun-2026-Perubahan-Atas-POJK-14-Tahun-2023-tentang-Perdagangan-Karbon-Melalui-Bursa-Karbon.aspx
https://ojk.go.id/id/regulasi/Documents/Pages/POJK-10-Tahun-2026-Perubahan-Atas-POJK-14-Tahun-2023-tentang-Perdagangan-Karbon-Melalui-Bursa-Karbon/Abstrak%20POJK%2010%20Tahun%202026%20Perubahan%20Atas%20Peraturan%20Otoritas%20Jasa%20Keuangan%20Nomor%2014%20Tahun%202023%20tentang%20Perdagangan%20Karbon%20Melalui%20Bursa%20Karbon.pdf,Abstrak POJK 10 Tahun 2026 Perubahan Atas Peraturan Otoritas Jasa Keuangan Nomor 14 Tahun 2023 tentang Perdagangan Karbon Melalui Bursa Karbon.pdf,Perubahan Atas Peraturan Otoritas Jasa Keuangan Nomor 14 Tahun 2023 tentang Perdagangan Karbon Melalui Bursa Karbon,abstrak,10 Tahun 2026,POJK,Pasar Modal,Bursa Efek,2026-01-01,182410,head,,https://ojk.go.id/id/regulasi/Pages/POJK-10-Tahun-2026-Perubahan-Atas-POJK-14-Tahun-2023-tentang-Perdagangan-Karbon-Melalui-Bursa-Karbon.aspx
https://ojk.go.id/id/regulasi/Documents/Pages/POJK-10-Tahun-2026-Perubahan-Atas-POJK-14-Tahun-2023-tentang-Perdagangan-Karbon-Melalui-Bursa-Karbon/FAQ%20POJK%2010%20Tahun%202026%20Perubahan%20Atas%20POJK%2014%20Tahun%202023%20tentang%20Perdagangan%20Karbon%20Melalui%20Bursa%20Karbon.pdf,FAQ POJK 10 Tahun 2026 Perubahan Atas POJK 14 Tahun 2023 tentang Perdagangan Karbon Melalui Bursa Karbon.pdf,Perubahan Atas Peraturan Otoritas Jasa Keuangan Nomor 14 Tahun 2023 tentang Perdagangan Karbon Melalui Bursa Karbon,faq,10 Tahun 2026,POJK,Pasar Modal,Bursa Efek,2026-01-01,229197,head,,https://ojk.go.id/id/regulasi/Pages/POJK-10-Tahun-2026-Perubahan-Atas-POJK-14-Tahun-2023-tentang-Perdagangan-Karbon-Melalui-Bursa-Karbon.aspx
https://ojk.go.id/id/regulasi/Documents/Pages/POJK-Nomor-30-Tahun-2025-Penerapan-Tata-Kelola-dan-Manajemen-Risiko-Bagi-Penyelenggara-Inovasi-Teknologi-Sektor-Keuangan/POJK%2030%20Tahun%202025%20Penerapan%20Tata%20Kelola%20dan%20Manajemen%20Risiko%20Bagi%20Penyelenggara%20Inovasi%20Teknologi%20Sektor%20Keuangan.pdf,POJK 30 Tahun 2025 Penerapan Tata Kelola dan Manajemen Risiko Bagi Penyelenggara Inovasi Teknologi Sektor Keuangan.pdf,Penerapan Tata Kelola dan Manajemen Risiko Bagi Penyelenggara Inovasi Teknologi Sektor Keuangan,utama,30 Tahun 2025,POJK,ITSK,Penyelenggara ITSK; Peraturan Lainnya,2026-01-01,1986034,head,,https://ojk.go.id/id/regulasi/Pages/POJK-Nomor-30-Tahun-2025-Penerapan-Tata-Kelola-dan-Manajemen-Risiko-Bagi-Penyelenggara-Inovasi-Teknologi-Sektor-Keuangan.aspx
https://ojk.go.id/id/regulasi/Documents/Pages/POJK-Nomor-30-Tahun-2025-Penerapan-Tata-Kelola-dan-Manajemen-Risiko-Bagi-Penyelenggara-Inovasi-Teknologi-Sektor-Keuangan/Abstrak%20POJK%2030%20Tahun%202025%20Penerapan%20Tata%20Kelola%20dan%20Manajemen%20Risiko%20Bagi%20Penyelenggara%20Inovasi%20Teknologi%20Sektor%20Keuangan.pdf,Abstrak POJK 30 Tahun 2025 Penerapan Tata Kelola dan Manajemen Risiko Bagi Penyelenggara Inovasi Teknologi Sektor Keuangan.pdf,Penerapan Tata Kelola dan Manajemen Risiko Bagi Penyelenggara Inovasi Teknologi Sektor Keuangan,abstrak,30 Tahun 2025,POJK,ITSK,Penyelenggara ITSK; Peraturan Lainnya,2026-01-01,158646,head,,https://ojk.go.id/id/regulasi/Pages/POJK-Nomor-30-Tahun-2025-Penerapan-Tata-Kelola-dan-Manajemen-Risiko-Bagi-Penyelenggara-Inovasi-Teknologi-Sektor-Keuangan.aspx
https://ojk.go.id/id/regulasi/Documents/Pages/POJK-Nomor-30-Tahun-2025-Penerapan-Tata-Kelola-dan-Manajemen-Risiko-Bagi-Penyelenggara-Inovasi-Teknologi-Sektor-Keuangan/FAQ%20POJK%2030%20Tahun%202025%20Penerapan%20Tata%20Kelola%20dan%20Manajemen%20Risiko%20Bagi%20Penyelenggara%20Inovasi%20Teknologi%20Sektor%20Keuangan.pdf,FAQ POJK 30 Tahun 2025 Penerapan Tata Kelola dan Manajemen Risiko Bagi Penyelenggara Inovasi Teknologi Sektor Keuangan.pdf,Penerapan Tata Kelola dan Manajemen Risiko Bagi Penyelenggara Inovasi Teknologi Sektor Keuangan,faq,30 Tahun 2025,POJK,ITSK,Penyelenggara ITSK; Peraturan Lainnya,2026-01-01,186491,head,,https://ojk.go.id/id/regulasi/Pages/POJK-Nomor-30-Tahun-2025-Penerapan-Tata-Kelola-dan-Manajemen-Risiko-Bagi-Penyelenggara-Inovasi-Teknologi-Sektor-Keuangan.aspx
https://ojk.go.id/id/regulasi/Documents/Pages/POJK-Nomor-7-Tahun-2026-Kewajiban-Penyediaan-Modal-Minimum-dan-Pemenuhan-Modal-Inti-Minimum-Bank-Perekonomian-Rakyat/POJK%20Nomor%207%20Tahun%202026%20Kewajiban%20Penyediaan%20Modal%20Minimum%20dan%20Pemenuhan%20Modal%20Inti%20Minimum%20Bank%20Perekonomian%20Rakyat.pdf,POJK Nomor 7 Tahun 2026 Kewajiban Penyediaan Modal Minimum dan Pemenuhan Modal Inti Minimum Bank Perekonomian Rakyat.pdf,Kewajiban Penyediaan Modal Minimum dan Pemenuhan Modal Inti Minimum Bank Perekonomian Rakyat,utama,7 Tahun 2026,POJK,Perbankan,BPR,2026-01-01,1797904,head,,https://ojk.go.id/id/regulasi/Pages/POJK-Nomor-7-Tahun-2026-Kewajiban-Penyediaan-Modal-Minimum-dan-Pemenuhan-Modal-Inti-Minimum-Bank-Perekonomian-Rakyat.aspx
https://ojk.go.id/id/regulasi/Documents/Pages/POJK-Nomor-7-Tahun-2026-Kewajiban-Penyediaan-Modal-Minimum-dan-Pemenuhan-Modal-Inti-Minimum-Bank-Perekonomian-Rakyat/Abstrak%20POJK%20Nomor%207%20Tahun%202026%20Kewajiban%20Penyediaan%20Modal%20Minimum%20dan%20Pemenuhan%20Modal%20Inti%20Minimum%20Bank%20Perekonomian%20Rakyat.pdf,Abstrak POJK Nomor 7 Tahun 2026 Kewajiban Penyediaan Modal Minimum dan Pemenuhan Modal Inti Minimum Bank Perekonomian Rakyat.pdf,Kewajiban Penyediaan Modal Minimum dan Pemenuhan Modal Inti Minimum Bank Perekonomian Rakyat,abstrak,7 Tahun 2026,POJK,Perbankan,BPR,2026-01-01,192634,head,,https://ojk.go.id/id/regulasi/Pages/POJK-Nomor-7-Tahun-2026-Kewajiban-Penyediaan-Modal-Minimum-dan-Pemenuhan-Modal-Inti-Minimum-Bank-Perekonomian-Rakyat.aspx
https://ojk.go.id/id/regulasi/Documents/Pages/POJK-Nomor-7-Tahun-2026-Kewajiban-Penyediaan-Modal-Minimum-dan-Pemenuhan-Modal-Inti-Minimum-Bank-Perekonomian-Rakyat/FAQ%20POJK%20Nomor%207%20Tahun%202026%20Kewajiban%20Penyediaan%20Modal%20Minimum%20dan%20Pemenuhan%20Modal%20Inti%20Minimum%20Bank%20Perekonomian%20Rakyat.pdf,FAQ POJK Nomor 7 Tahun 2026 Kewajiban Penyediaan Modal Minimum dan Pemenuhan Modal Inti Minimum Bank Perekonomian Rakyat.pdf,Kewajiban Penyediaan Modal Minimum dan Pemenuhan Modal Inti Minimum Bank Perekonomian Rakyat,faq,7 Tahun 2026,POJK,Perbankan,BPR,2026-01-01,184495,head,,https://ojk.go.id/id/regulasi/Pages/POJK-Nomor-7-Tahun-2026-Kewajiban-Penyediaan-Modal-Minimum-dan-Pemenuhan-Modal-Inti-Minimum-Bank-Perekonomian-Rakyat.aspx
https://ojk.go.id/id/regulasi/Documents/Pages/POJK-40-Tahun-2025-Penggunaan-Dana-Hasil-Penawaran-Umum/POJK%2040%20Tahun%202025%20Penggunaan%20Dana%20Hasil%20Penawaran%20Umum.pdf,POJK 40 Tahun 2025 Penggunaan Dana Hasil Penawaran Umum.pdf,Penggunaan Dana Hasil Penawaran Umum,utama,40 Tahun 2025,POJK,Pasar Modal,Peraturan Lainnya,2026-01-01,1626055,head,,https://ojk.go.id/id/regulasi/Pages/POJK-40-Tahun-2025-Penggunaan-Dana-Hasil-Penawaran-Umum.aspx
https://ojk.go.id/id/regulasi/Documents/Pages/POJK-40-Tahun-2025-Penggunaan-Dana-Hasil-Penawaran-Umum/Abstrak%20POJK%2040%20Tahun%202025%20Penggunaan%20Dana%20Hasil%20Penawaran%20Umum.pdf,Abstrak POJK 40 Tahun 2025 Penggunaan Dana Hasil Penawaran Umum.pdf,Penggunaan Dana Hasil Penawaran Umum,abstrak,40 Tahun 2025,POJK,Pasar Modal,Peraturan Lainnya,2026-01-01,143437,head,,https://ojk.go.id/id/regulasi/Pages/POJK-40-Tahun-2025-Penggunaan-Dana-Hasil-Penawaran-Umum.aspx
https://ojk.go.id/id/regulasi/Documents/Pages/POJK-40-Tahun-2025-Penggunaan-Dana-Hasil-Penawaran-Umum/FAQ%20POJK%2040%20Tahun%202025%20Penggunaan%20Dana%20Hasil%20Penawaran%20Umum.pdf,FAQ POJK 40 Tahun 2025 Penggunaan Dana Hasil Penawaran Umum.pdf,Penggunaan Dana Hasil Penawaran Umum,faq,40 Tahun 2025,POJK,Pasar Modal,Peraturan Lainnya,2026-01-01,178868,head,,https://ojk.go.id/id/regulasi/Pages/POJK-40-Tahun-2025-Penggunaan-Dana-Hasil-Penawaran-Umum.aspx
"https://ojk.go.id/id/regulasi/Documents/Pages/POJK-37-Tahun-2025-Penetapan-Status-dan-Tindak-Lanjut-Pengawasan-Perusahaan-Perasuransian,-Lembaga-Penjamin,-dan-Dapen/POJK%2037%20Tahun%202025%20Penetapan%20Status%20dan%20Tindak%20Lanjut%20Pengawasan%20Perusahaan%20Perasuransian,%20Lembaga%20Penjamin,%20dan%20Dana%20Pensiun.pdf","POJK 37 Tahun 2025 Penetapan Status dan Tindak Lanjut Pengawasan Perusahaan Perasuransian, Lembaga Penjamin, dan Dana Pensiun.pdf","Penetapan Status dan Tindak Lanjut Pengawasan Perusahaan Perasuransian, Lembaga Penjamin, dan Dana Pensiun",utama,37 Tahun 2025,POJK,PPDP,Asuransi; Dana Pensiun; Lembaga Penjaminan,2026-01-01,1821413,head,,"https://ojk.go.id/id/regulasi/Pages/POJK-37-Tahun-2025-Penetapan-Status-dan-Tindak-Lanjut-Pengawasan-Perusahaan-Perasuransian,-Lembaga-Penjamin,-dan-Dapen.aspx"
"https://ojk.go.id/id/regulasi/Documents/Pages/POJK-37-Tahun-2025-Penetapan-Status-dan-Tindak-Lanjut-Pengawasan-Perusahaan-Perasuransian,-Lembaga-Penjamin,-dan-Dapen/Abstrak%20POJK%2037%20Tahun%202025%20Penetapan%20Status%20dan%20Tindak%20Lanjut%20Pengawasan%20Perusahaan%20Perasuransian,%20Lembaga%20Penjamin,%20dan%20Dana%20Pensiun.pdf","Abstrak POJK 37 Tahun 2025 Penetapan Status dan Tindak Lanjut Pengawasan Perusahaan Perasuransian, Lembaga Penjamin, dan Dana Pensiun.pdf","Penetapan Status dan Tindak Lanjut Pengawasan Perusahaan Perasuransian, Lembaga Penjamin, dan Dana Pensiun",abstrak,37 Tahun 2025,POJK,PPDP,Asuransi; Dana Pensiun; Lembaga Penjaminan,2026-01-01,141825,head,,"https://ojk.go.id/id/regulasi/Pages/POJK-37-Tahun-2025-Penetapan-Status-dan-Tindak-Lanjut-Pengawasan-Perusahaan-Perasuransian,-Lembaga-Penjamin,-dan-Dapen.aspx"
"https://ojk.go.id/id/regulasi/Documents/Pages/POJK-37-Tahun-2025-Penetapan-Status-dan-Tindak-Lanjut-Pengawasan-Perusahaan-Perasuransian,-Lembaga-Penjamin,-dan-Dapen/FAQ%20POJK%2037%20Tahun%202025%20Penetapan%20Status%20dan%20Tindak%20Lanjut%20Pengawasan%20Perusahaan%20Perasuransian,%20Lembaga%20Penjamin,%20dan%20Dana%20Pensiun.pdf","FAQ POJK 37 Tahun 2025 Penetapan Status dan Tindak Lanjut Pengawasan Perusahaan Perasuransian, Lembaga Penjamin, dan Dana Pensiun.pdf","Penetapan Status dan Tindak Lanjut Pengawasan Perusahaan Perasuransian, Lembaga Penjamin, dan Dana Pensiun",faq,37 Tahun 2025,POJK,PPDP,Asuransi; Dana Pensiun; Lembaga Penjaminan,2026-01-01,246508,head,,"https://ojk.go.id/id/regulasi/Pages/POJK-37-Tahun-2025-Penetapan-Status-dan-Tindak-Lanjut-Pengawasan-Perusahaan-Perasuransian,-Lembaga-Penjamin,-dan-Dapen.aspx"
https://ojk.go.id/id/regulasi/Documents/Pages/POJK-6-Tahun-2026-Perilaku-Penyampai-Informasi-Sektor-Jasa-Keuangan/POJK%206%20Tahun%202026%20Perilaku%20Penyampai%20Informasi%20Sektor%20Jasa%20Keuangan.pdf,POJK 6 Tahun 2026 Perilaku Penyampai Informasi Sektor Jasa Keuangan.pdf,Perilaku Penyampai Informasi Sektor Jasa Keuangan,utama,6 Tahun 2026,POJK,EPK,Peraturan Lainnya,2026-01-01,1920630,head,,https://ojk.go.id/id/regulasi/Pages/POJK-6-Tahun-2026-Perilaku-Penyampai-Informasi-Sektor-Jasa-Keuangan.aspx
https://ojk.go.id/id/regulasi/Documents/Pages/POJK-6-Tahun-2026-Perilaku-Penyampai-Informasi-Sektor-Jasa-Keuangan/Abstrak%20POJK%206%20Tahun%202026%20Perilaku%20Penyampai%20Informasi%20Sektor%20Jasa%20Keuangan.pdf,Abstrak POJK 6 Tahun 2026 Perilaku Penyampai Informasi Sektor Jasa Keuangan.pdf,Perilaku Penyampai Informasi Sektor Jasa Keuangan,abstrak,6 Tahun 2026,POJK,EPK,Peraturan Lainnya,2026-01-01,224255,head,,https://ojk.go.id/id/regulasi/Pages/POJK-6-Tahun-2026-Perilaku-Penyampai-Informasi-Sektor-Jasa-Keuangan.aspx
https://ojk.go.id/id/regulasi/Documents/Pages/POJK-6-Tahun-2026-Perilaku-Penyampai-Informasi-Sektor-Jasa-Keuangan/FAQ%20POJK%20Nomor%206%20Tahun%202026.pdf,FAQ POJK Nomor 6 Tahun 2026.pdf,Perilaku Penyampai Informasi Sektor Jasa Keuangan,faq,6 Tahun 2026,POJK,EPK,Peraturan Lainnya,2026-01-01,215988,head,,https://ojk.go.id/id/regulasi/Pages/POJK-6-Tahun-2026-Perilaku-Penyampai-Informasi-Sektor-Jasa-Keuangan.aspx
https://ojk.go.id/id/regulasi/Documents/Pages/PADK-2-Tahun-2026-Penyelenggaraan-BNPL-Bagi-Perusahaan-Pembiayaan-dan-Perusahaan-Pembiayaan-Syariah/PADK%202%20Tahun%202026%20Penyelenggaraan%20Beli%20Sekarang%20Bayar%20Nanti%20%28Buy%20Now%20Pay%20Later%29%20Bagi%20Perusahaan%20Pembiayaan%20dan%20Perusahaan%20Pembiayaan%20Syariah.pdf,PADK 2 Tahun 2026 Penyelenggaraan Beli Sekarang Bayar Nanti (Buy Now Pay Later) Bagi Perusahaan Pembiayaan dan Perusahaan Pembiayaan Syariah.pdf,Penyelenggaraan Beli Sekarang Bayar Nanti (Buy Now Pay Later) Bagi Perusahaan Pembiayaan dan Perusahaan Pembiayaan Syariah,utama,PADK 2 Tahun 2026,PERATURAN ADK,PVML,LPBBTI,2026-01-01,293325,head,,https://ojk.go.id/id/regulasi/Pages/PADK-2-Tahun-2026-Penyelenggaraan-BNPL-Bagi-Perusahaan-Pembiayaan-dan-Perusahaan-Pembiayaan-Syariah.aspx
https://ojk.go.id/id/regulasi/Documents/Pages/PADK-2-Tahun-2026-Penyelenggaraan-BNPL-Bagi-Perusahaan-Pembiayaan-dan-Perusahaan-Pembiayaan-Syariah/Abstrak%20PADK%202%20Tahun%202026%20Penyelenggaraan%20Beli%20Sekarang%20Bayar%20Nanti%20%28Buy%20Now%20Pay%20Later%29%20Bagi%20Perusahaan%20Pembiayaan%20dan%20Perusahaan%20Pembiayaan%20Syariah.pdf,Abstrak PADK 2 Tahun 2026 Penyelenggaraan Beli Sekarang Bayar Nanti (Buy Now Pay Later) Bagi Perusahaan Pembiayaan dan Perusahaan Pembiayaan Syariah.pdf,Penyelenggaraan Beli Sekarang Bayar Nanti (Buy Now Pay Later) Bagi Perusahaan Pembiayaan dan Perusahaan Pembiayaan Syariah,abstrak,PADK 2 Tahun 2026,PERATURAN ADK,PVML,LPBBTI,2026-01-01,225512,head,,https://ojk.go.id/id/regulasi/Pages/PADK-2-Tahun-2026-Penyelenggaraan-BNPL-Bagi-Perusahaan-Pembiayaan-dan-Perusahaan-Pembiayaan-Syariah.aspx
https://ojk.go.id/id/regulasi/Documents/Pages/PADK-2-Tahun-2026-Penyelenggaraan-BNPL-Bagi-Perusahaan-Pembiayaan-dan-Perusahaan-Pembiayaan-Syariah/FAQ%20PADK%202%20Tahun%202026%20Penyelenggaraan%20Beli%20Sekarang%20Bayar%20Nanti%20%28Buy%20Now%20Pay%20Later%29%20Bagi%20Perusahaan%20Pembiayaan%20dan%20Perusahaan%20Pembiayaan%20Syariah.pdf,FAQ PADK 2 Tahun 2026 Penyelenggaraan Beli Sekarang Bayar Nanti (Buy Now Pay Later) Bagi Perusahaan Pembiayaan dan Perusahaan Pembiayaan Syariah.pdf,Penyelenggaraan Beli Sekarang Bayar Nanti (Buy Now Pay Later) Bagi Perusahaan Pembiayaan dan Perusahaan Pembiayaan Syariah,faq,PADK 2 Tahun 2026,PERATURAN ADK,PVML,LPBBTI,2026-01-01,253460,head,,https://ojk.go.id/id/regulasi/Pages/PADK-2-Tahun-2026-Penyelenggaraan-BNPL-Bagi-Perusahaan-Pembiayaan-dan-Perusahaan-Pembiayaan-Syariah.aspx
https://ojk.go.id/id/regulasi/Documents/Pages/POJK-5-Tahun-2026-Penyelenggaraan-Kegiatan-Usaha-Manajer-Investasi/POJK%205%20Tahun%202026%20Penyelenggaraan%20Kegiatan%20Usaha%20Manajer%20Investasi.pdf,POJK 5 Tahun 2026 Penyelenggaraan Kegiatan Usaha Manajer Investasi.pdf,Penyelenggaraan Kegiatan Usaha Manajer Investasi,utama,5 Tahun 2026,POJK,Pasar Modal,Peraturan Lainnya,2026-01-01,2744109,head,,https://ojk.go.id/id/regulasi/Pages/POJK-5-Tahun-2026-Penyelenggaraan-Kegiatan-Usaha-Manajer-Investasi.aspx
https://ojk.go.id/id/regulasi/Documents/Pages/POJK-5-Tahun-2026-Penyelenggaraan-Kegiatan-Usaha-Manajer-Investasi/Abstrak%20POJK%205%20Tahun%202026%20Penyelenggaraan%20Kegiatan%20Usaha%20Manajer%20Investasi.pdf,Abstrak POJK 5 Tahun 2026 Penyelenggaraan Kegiatan Usaha Manajer Investasi.pdf,Penyelenggaraan Kegiatan Usaha Manajer Investasi,abstrak,5 Tahun 2026,POJK,Pasar Modal,Peraturan Lainnya,2026-01-01,179416,head,,https://ojk.go.id/id/regulasi/Pages/POJK-5-Tahun-2026-Penyelenggaraan-Kegiatan-Usaha-Manajer-Investasi.aspx
https://ojk.go.id/id/regulasi/Documents/Pages/POJK-5-Tahun-2026-Penyelenggaraan-Kegiatan-Usaha-Manajer-Investasi/FAQ%20POJK%205%20Tahun%202026%20Penyelenggaraan%20Kegiatan%20Usaha%20Manajer%20Investasi.pdf,FAQ POJK 5 Tahun 2026 Penyelenggaraan Kegiatan Usaha Manajer Investasi.pdf,Penyelenggaraan Kegiatan Usaha Manajer Investasi,faq,5 Tahun 2026,POJK,Pasar Modal,Peraturan Lainnya,2026-01-01,144676,head,,https://ojk.go.id/id/regulasi/Pages/POJK-5-Tahun-2026-Penyelenggaraan-Kegiatan-Usaha-Manajer-Investasi.aspx
https://ojk.go.id/id/regulasi/Documents/Pages/POJK-3-Tahun-2026-Penyelenggaraan-Kegiatan-Usaha-Perusahaan-Efek-yang-Melakukan-Kegiatan-Usaha-sebagai-Penjamin-Emisi-Efek/POJK%203%20Tahun%202026%20Penyelenggaraan%20Kegiatan%20Usaha%20Perusahaan%20Efek%20yang%20Melakukan%20Kegiatan%20Usaha%20sebagai%20Penjamin%20Emisi%20Efek%20dan%20Perantara%20Pedagang%20Efek.pdf,POJK 3 Tahun 2026 Penyelenggaraan Kegiatan Usaha Perusahaan Efek yang Melakukan Kegiatan Usaha sebagai Penjamin Emisi Efek dan Perantara Pedagang Efek.pdf,Penyelenggaraan Kegiatan Usaha Perusahaan Efek yang Melakukan Kegiatan Usaha sebagai Penjamin Emisi Efek dan Perantara Pedagang Efek,utama,3 Tahun 2026,POJK,Pasar Modal,Efek; Perusahaan Efek,2026-01-01,2507859,head,,https://ojk.go.id/id/regulasi/Pages/POJK-3-Tahun-2026-Penyelenggaraan-Kegiatan-Usaha-Perusahaan-Efek-yang-Melakukan-Kegiatan-Usaha-sebagai-Penjamin-Emisi-Efek.aspx
https://ojk.go.id/id/regulasi/Documents/Pages/POJK-3-Tahun-2026-Penyelenggaraan-Kegiatan-Usaha-Perusahaan-Efek-yang-Melakukan-Kegiatan-Usaha-sebagai-Penjamin-Emisi-Efek/Abstrak%20POJK%203%20Tahun%202026%20Penyelenggaraan%20Kegiatan%20Usaha%20Perusahaan%20Efek%20yang%20Melakukan%20Kegiatan%20Usaha%20sebagai%20Penjamin%20Emisi%20Efek%20dan%20Perantara%20Pedagang%20Efek.pdf,Abstrak POJK 3 Tahun 2026 Penyelenggaraan Kegiatan Usaha Perusahaan Efek yang Melakukan Kegiatan Usaha sebagai Penjamin Emisi Efek dan Perantara Pedagang Efek.pdf,Penyelenggaraan Kegiatan Usaha Perusahaan Efek yang Melakukan Kegiatan Usaha sebagai Penjamin Emisi Efek dan Perantara Pedagang Efek,abstrak,3 Tahun 2026,POJK,Pasar Modal,Efek; Perusahaan Efek,2026-01-01,280654,head,,https://ojk.go.id/id/regulasi/Pages/POJK-3-Tahun-2026-Penyelenggaraan-Kegiatan-Usaha-Perusahaan-Efek-yang-Melakukan-Kegiatan-Usaha-sebagai-Penjamin-Emisi-Efek.aspx
https://ojk.go.id/id/regulasi/Documents/Pages/POJK-3-Tahun-2026-Penyelenggaraan-Kegiatan-Usaha-Perusahaan-Efek-yang-Melakukan-Kegiatan-Usaha-sebagai-Penjamin-Emisi-Efek/FAQ%20POJK%203%20Tahun%202026%20Penyelenggaraan%20Kegiatan%20Usaha%20Perusahaan%20Efek%20yang%20Melakukan%20Kegiatan%20Usaha%20sebagai%20Penjamin%20Emisi%20Efek%20dan%20Perantara%20Pedagang%20Efek.pdf,FAQ POJK 3 Tahun 2026 Penyelenggaraan Kegiatan Usaha Perusahaan Efek yang Melakukan Kegiatan Usaha sebagai Penjamin Emisi Efek dan Perantara Pedagang Efek.pdf,Penyelenggaraan Kegiatan Usaha Perusahaan Efek yang Melakukan Kegiatan Usaha sebagai Penjamin Emisi Efek dan Perantara Pedagang Efek,faq,3 Tahun 2026,POJK,Pasar Modal,Efek; Perusahaan Efek,2026-01-01,270541,head,,https://ojk.go.id/id/regulasi/Pages/POJK-3-Tahun-2026-Penyelenggaraan-Kegiatan-Usaha-Perusahaan-Efek-yang-Melakukan-Kegiatan-Usaha-sebagai-Penjamin-Emisi-Efek.aspx
https://ojk.go.id/id/regulasi/Documents/Pages/POJK-4-Tahun-2026-Penyelenggaraan-Produk-Investasi-Perbankan-Syariah/POJK%204%20Tahun%202026%20Penyelenggaraan%20Produk%20Investasi%20Perbankan%20Syariah.pdf,POJK 4 Tahun 2026 Penyelenggaraan Produk Investasi Perbankan Syariah.pdf,Penyelenggaraan Produk Investasi Perbankan Syariah,utama,4 Tahun 2026,POJK,Perbankan,Perbankan Syariah,2026-01-01,1983786,head,,https://ojk.go.id/id/regulasi/Pages/POJK-4-Tahun-2026-Penyelenggaraan-Produk-Investasi-Perbankan-Syariah.aspx
https://ojk.go.id/id/regulasi/Documents/Pages/POJK-4-Tahun-2026-Penyelenggaraan-Produk-Investasi-Perbankan-Syariah/Abstrak%20POJK%204%20Tahun%202026%20Penyelenggaraan%20Produk%20Investasi%20Perbankan%20Syariah.pdf,Abstrak POJK 4 Tahun 2026 Penyelenggaraan Produk Investasi Perbankan Syariah.pdf,Penyelenggaraan Produk Investasi Perbankan Syariah,abstrak,4 Tahun 2026,POJK,Perbankan,Perbankan Syariah,2026-01-01,242865,head,,https://ojk.go.id/id/regulasi/Pages/POJK-4-Tahun-2026-Penyelenggaraan-Produk-Investasi-Perbankan-Syariah.aspx
https://ojk.go.id/id/regulasi/Documents/Pages/POJK-4-Tahun-2026-Penyelenggaraan-Produk-Investasi-Perbankan-Syariah/FAQ%20POJK%204%20Tahun%202026%20Penyelenggaraan%20Produk%20Investasi%20Perbankan%20Syariah.pdf,FAQ POJK 4 Tahun 2026 Penyelenggaraan Produk Investasi Perbankan Syariah.pdf,Penyelenggaraan Produk Investasi Perbankan Syariah,faq,4 Tahun 2026,POJK,Perbankan,Perbankan Syariah,2026-01-01,244381,head,,https://ojk.go.id/id/regulasi/Pages/POJK-4-Tahun-2026-Penyelenggaraan-Produk-Investasi-Perbankan-Syariah.aspx
https://ojk.go.id/id/regulasi/Documents/Pages/POJK-36-Tahun-2025-Penguatan-Ekosistem-Asuransi-Kesehatan/POJK%2036%20Tahun%202025%20Penguatan%20Ekosistem%20Asuransi%20Kesehatan.pdf,POJK 36 Tahun 2025 Penguatan Ekosistem Asuransi Kesehatan.pdf,Penguatan Ekosistem Asuransi Kesehatan,utama,36 Tahun 2025,POJK,PPDP,Asuransi,2026-01-01,1758151,head,,https://ojk.go.id/id/regulasi/Pages/POJK-36-Tahun-2025-Penguatan-Ekosistem-Asuransi-Kesehatan.aspx
https://ojk.go.id/id/regulasi/Documents/Pages/POJK-36-Tahun-2025-Penguatan-Ekosistem-Asuransi-Kesehatan/Abstrak%20POJK%2036%20Tahun%202025%20Penguatan%20Ekosistem%20Asuransi%20Kesehatan.pdf,Abstrak POJK 36 Tahun 2025 Penguatan Ekosistem Asuransi Kesehatan.pdf,Penguatan Ekosistem Asuransi Kesehatan,abstrak,36 Tahun 2025,POJK,PPDP,Asuransi,2026-01-01,173714,head,,https://ojk.go.id/id/regulasi/Pages/POJK-36-Tahun-2025-Penguatan-Ekosistem-Asuransi-Kesehatan.aspx
https://ojk.go.id/id/regulasi/Documents/Pages/POJK-36-Tahun-2025-Penguatan-Ekosistem-Asuransi-Kesehatan/FAQ%20POJK%2036%20Tahun%202025_Penguatan%20Ekosistem%20Asuransi%20Kesehatan.pdf,FAQ POJK 36 Tahun 2025_Penguatan Ekosistem Asuransi Kesehatan.pdf,Penguatan Ekosistem Asuransi Kesehatan,faq,36 Tahun 2025,POJK,PPDP,Asuransi,2026-01-01,339222,head,,https://ojk.go.id/id/regulasi/Pages/POJK-36-Tahun-2025-Penguatan-Ekosistem-Asuransi-Kesehatan.aspx
https://ojk.go.id/id/regulasi/Documents/Pages/PADK-44-PADK01-2025-Tata-Cara-Penggunaan-Profesi-Penunjang-di-SJK/PADK%2044-PADK01-2025%20Tata%20Cara%20Penggunaan%20Profesi%20Penunjang%20di%20SJK.pdf,PADK 44-PADK01-2025 Tata Cara Penggunaan Profesi Penunjang di SJK.pdf,Tata Cara Penggunaan Profesi Penunjang di Sektor Jasa Keuangan,utama,44/PADK.01/2025,PERATURAN ADK,OJK Wide,Peraturan Lainnya,2026-01-01,687031,head,,https://ojk.go.id/id/regulasi/Pages/PADK-44-PADK01-2025-Tata-Cara-Penggunaan-Profesi-Penunjang-di-SJK.aspx
https://ojk.go.id/id/regulasi/Documents/Pages/PADK-44-PADK01-2025-Tata-Cara-Penggunaan-Profesi-Penunjang-di-SJK/Abstrak%20PADK%2044-PADK01-2025%20Tata%20Cara%20Penggunaan%20Profesi%20Penunjang%20di%20SJK.pdf,Abstrak PADK 44-PADK01-2025 Tata Cara Penggunaan Profesi Penunjang di SJK.pdf,Tata Cara Penggunaan Profesi Penunjang di Sektor Jasa Keuangan,abstrak,44/PADK.01/2025,PERATURAN ADK,OJK Wide,Peraturan Lainnya,2026-01-01,143849,head,,https://ojk.go.id/id/regulasi/Pages/PADK-44-PADK01-2025-Tata-Cara-Penggunaan-Profesi-Penunjang-di-SJK.aspx
https://ojk.go.id/id/regulasi/Documents/Pages/PADK-44-PADK01-2025-Tata-Cara-Penggunaan-Profesi-Penunjang-di-SJK/FAQ%20PADK%2044-PADK01-2025%20Tata%20Cara%20Penggunaan%20Profesi%20Penunjang%20di%20SJK.pdf,FAQ PADK 44-PADK01-2025 Tata Cara Penggunaan Profesi Penunjang di SJK.pdf,Tata Cara Penggunaan Profesi Penunjang di Sektor Jasa Keuangan,faq,44/PADK.01/2025,PERATURAN ADK,OJK Wide,Peraturan Lainnya,2026-01-01,234931,head,,https://ojk.go.id/id/regulasi/Pages/PADK-44-PADK01-2025-Tata-Cara-Penggunaan-Profesi-Penunjang-di-SJK.aspx
https://ojk.go.id/id/regulasi/Documents/Pages/PADK-1-Tahun-2026-Penyelenggaraan-Teknologi-Informasi-oleh-Bank-Umum/PADK%201%20Tahun%202026%20Penyelenggaraan%20Teknologi%20Informasi%20oleh%20Bank%20Umum.pdf,PADK 1 Tahun 2026 Penyelenggaraan Teknologi Informasi oleh Bank Umum.pdf,Penyelenggaraan Teknologi Informasi oleh Bank Umum,utama,1 Tahun 2026,PERATURAN ADK,Perbankan,Bank Umum,2026-01-01,1296584,head,,https://ojk.go.id/id/regulasi/Pages/PADK-1-Tahun-2026-Penyelenggaraan-Teknologi-Informasi-oleh-Bank-Umum.aspx
https://ojk.go.id/id/regulasi/Documents/Pages/PADK-1-Tahun-2026-Penyelenggaraan-Teknologi-Informasi-oleh-Bank-Umum/Abstrak%20PADK%201%20Tahun%202026%20Penyelenggaraan%20Teknologi%20Informasi%20oleh%20Bank%20Umum.pdf,Abstrak PADK 1 Tahun 2026 Penyelenggaraan Teknologi Informasi oleh Bank Umum.pdf,Penyelenggaraan Teknologi Informasi oleh Bank Umum,abstrak,1 Tahun 2026,PERATURAN ADK,Perbankan,Bank Umum,2026-01-01,138549,head,,https://ojk.go.id/id/regulasi/Pages/PADK-1-Tahun-2026-Penyelenggaraan-Teknologi-Informasi-oleh-Bank-Umum.aspx
https://ojk.go.id/id/regulasi/Documents/Pages/PADK-1-Tahun-2026-Penyelenggaraan-Teknologi-Informasi-oleh-Bank-Umum/FAQ%20PADK%201%20Tahun%202026%20Penyelenggaraan%20Teknologi%20Informasi%20oleh%20Bank%20Umum.pdf,FAQ PADK 1 Tahun 2026 Penyelenggaraan Teknologi Informasi oleh Bank Umum.pdf,Penyelenggaraan Teknologi Informasi oleh Bank Umum,faq,1 Tahun 2026,PERATURAN ADK,Perbankan,Bank Umum,2026-01-01,182619,head,,https://ojk.go.id/id/regulasi/Pages/PADK-1-Tahun-2026-Penyelenggaraan-Teknologi-Informasi-oleh-Bank-Umum.aspx
https://ojk.go.id/id/regulasi/Documents/Pages/POJK-1-Tahun-2026-Penggunaan-Tenaga-Kerja-Asing-dan-Program-Alih-Pengetahuan-oleh-Bank-Umum/POJK%201%20Tahun%202026%20Penggunaan%20Tenaga%20Kerja%20Asing%20dan%20Program%20Alih%20Pengetahuan%20oleh%20Bank%20Umum.pdf,POJK 1 Tahun 2026 Penggunaan Tenaga Kerja Asing dan Program Alih Pengetahuan oleh Bank Umum.pdf,Penggunaan Tenaga Kerja Asing dan Program Alih Pengetahuan oleh Bank Umum,utama,1 Tahun 2026,POJK,Perbankan,Bank Umum; Peraturan Lainnya,2026-01-01,1918919,head,,https://ojk.go.id/id/regulasi/Pages/POJK-1-Tahun-2026-Penggunaan-Tenaga-Kerja-Asing-dan-Program-Alih-Pengetahuan-oleh-Bank-Umum.aspx
https://ojk.go.id/id/regulasi/Documents/Pages/POJK-1-Tahun-2026-Penggunaan-Tenaga-Kerja-Asing-dan-Program-Alih-Pengetahuan-oleh-Bank-Umum/Abstrak%20POJK%201%20Tahun%202026%20Penggunaan%20Tenaga%20Kerja%20Asing%20dan%20Program%20Alih%20Pengetahuan%20oleh%20Bank%20Umum.pdf,Abstrak POJK 1 Tahun 2026 Penggunaan Tenaga Kerja Asing dan Program Alih Pengetahuan oleh Bank Umum.pdf,Penggunaan Tenaga Kerja Asing dan Program Alih Pengetahuan oleh Bank Umum,abstrak,1 Tahun 2026,POJK,Perbankan,Bank Umum; Peraturan Lainnya,2026-01-01,223813,head,,https://ojk.go.id/id/regulasi/Pages/POJK-1-Tahun-2026-Penggunaan-Tenaga-Kerja-Asing-dan-Program-Alih-Pengetahuan-oleh-Bank-Umum.aspx
https://ojk.go.id/id/regulasi/Documents/Pages/POJK-1-Tahun-2026-Penggunaan-Tenaga-Kerja-Asing-dan-Program-Alih-Pengetahuan-oleh-Bank-Umum/FAQ%20POJK%201%20Tahun%202026%20Penggunaan%20Tenaga%20Kerja%20Asing%20dan%20Program%20Alih%20Pengetahuan%20oleh%20Bank%20Umum.pdf,FAQ POJK 1 Tahun 2026 Penggunaan Tenaga Kerja Asing dan Program Alih Pengetahuan oleh Bank Umum.pdf,Penggunaan Tenaga Kerja Asing dan Program Alih Pengetahuan oleh Bank Umum,faq,1 Tahun 2026,POJK,Perbankan,Bank Umum; Peraturan Lainnya,2026-01-01,278871,head,,https://ojk.go.id/id/regulasi/Pages/POJK-1-Tahun-2026-Penggunaan-Tenaga-Kerja-Asing-dan-Program-Alih-Pengetahuan-oleh-Bank-Umum.aspx
https://ojk.go.id/id/regulasi/Documents/Pages/POJK-2-Tahun-2026-Reksa-Dana-Berbentuk-Kontrak-Investasi-Kolektif-yang-Unit-Penyertaannya-Diperdagangkan-Di-Bursa-Efek-/POJK%202%20Tahun%202026%20Reksa%20Dana%20Berbentuk%20Kontrak%20Investasi%20Kolektif%20Yang%20Unit%20Penyertaannya%20Diperdagangkan%20Di%20Bursa%20Efek%20Dengan%20Aset%20Yang%20Mendasari%20Berupa%20Emas.pdf,POJK 2 Tahun 2026 Reksa Dana Berbentuk Kontrak Investasi Kolektif Yang Unit Penyertaannya Diperdagangkan Di Bursa Efek Dengan Aset Yang Mendasari Berupa Emas.pdf,Reksa Dana Berbentuk Kontrak Investasi Kolektif Yang Unit Penyertaannya Diperdagangkan Di Bursa Efek Dengan Aset Yang Mendasari Berupa Emas,utama,2 Tahun 2026,POJK,Pasar Modal,Bursa Efek; Reksa Dana; Bulion; Peraturan Lainnya,2026-01-01,1891186,head,,https://ojk.go.id/id/regulasi/Pages/POJK-2-Tahun-2026-Reksa-Dana-Berbentuk-Kontrak-Investasi-Kolektif-yang-Unit-Penyertaannya-Diperdagangkan-Di-Bursa-Efek-.aspx
https://ojk.go.id/id/regulasi/Documents/Pages/POJK-2-Tahun-2026-Reksa-Dana-Berbentuk-Kontrak-Investasi-Kolektif-yang-Unit-Penyertaannya-Diperdagangkan-Di-Bursa-Efek-/Abstrak%20POJK%202%20Tahun%202026%20Reksa%20Dana%20Berbentuk%20Kontrak%20Investasi%20Kolektif%20Yang%20Unit%20Penyertaannya%20Diperdagangkan%20Di%20Bursa%20Efek%20Dengan%20Aset%20Yang%20Mendasari%20Berupa%20Emas.pdf,Abstrak POJK 2 Tahun 2026 Reksa Dana Berbentuk Kontrak Investasi Kolektif Yang Unit Penyertaannya Diperdagangkan Di Bursa Efek Dengan Aset Yang Mendasari Berupa Emas.pdf,Reksa Dana Berbentuk Kontrak Investasi Kolektif Yang Unit Penyertaannya Diperdagangkan Di Bursa Efek Dengan Aset Yang Mendasari Berupa Emas,abstrak,2 Tahun 2026,POJK,Pasar Modal,Bursa Efek; Reksa Dana; Bulion; Peraturan Lainnya,2026-01-01,279706,head,,https://ojk.go.id/id/regulasi/Pages/POJK-2-Tahun-2026-Reksa-Dana-Berbentuk-Kontrak-Investasi-Kolektif-yang-Unit-Penyertaannya-Diperdagangkan-Di-Bursa-Efek-.aspx
https://ojk.go.id/id/regulasi/Documents/Pages/POJK-2-Tahun-2026-Reksa-Dana-Berbentuk-Kontrak-Investasi-Kolektif-yang-Unit-Penyertaannya-Diperdagangkan-Di-Bursa-Efek-/FAQ%20POJK%202%20Tahun%202026%20Reksa%20Dana%20Berbentuk%20Kontrak%20Investasi%20Kolektif%20Yang%20Unit%20Penyertaannya%20Diperdagangkan%20Di%20Bursa%20Efek%20Dengan%20Aset%20Yang%20Mendasari%20Berupa%20Emas.pdf,FAQ POJK 2 Tahun 2026 Reksa Dana Berbentuk Kontrak Investasi Kolektif Yang Unit Penyertaannya Diperdagangkan Di Bursa Efek Dengan Aset Yang Mendasari Berupa Emas.pdf,Reksa Dana Berbentuk Kontrak Investasi Kolektif Yang Unit Penyertaannya Diperdagangkan Di Bursa Efek Dengan Aset Yang Mendasari Berupa Emas,faq,2 Tahun 2026,POJK,Pasar Modal,Bursa Efek; Reksa Dana; Bulion; Peraturan Lainnya,2026-01-01,214351,head,,https://ojk.go.id/id/regulasi/Pages/POJK-2-Tahun-2026-Reksa-Dana-Berbentuk-Kontrak-Investasi-Kolektif-yang-Unit-Penyertaannya-Diperdagangkan-Di-Bursa-Efek-.aspx
https://ojk.go.id/id/regulasi/Documents/Pages/32-SEOJK03-2025-Transparansi-dan-Publikasi-Laporan-BUS-dan-UUS/SEOJK%2032-SEOJK03-2025%20Transparansi%20dan%20Publikasi%20Laporan%20Bank%20Umum%20Syariah%20dan%20Unit%20Usaha%20Syariah.pdf,SEOJK 32-SEOJK03-2025 Transparansi dan Publikasi Laporan Bank Umum Syariah dan Unit Usaha Syariah.pdf,Transparansi dan Publikasi Laporan Bank Umum Syariah dan Unit Usaha Syariah,utama,32/SEOJK.03/2025,SEOJK,Perbankan,Perbankan Syariah,2026-01-01,1173379,head,,https://ojk.go.id/id/regulasi/Pages/32-SEOJK03-2025-Transparansi-dan-Publikasi-Laporan-BUS-dan-UUS.aspx
https://ojk.go.id/id/regulasi/Documents/Pages/32-SEOJK03-2025-Transparansi-dan-Publikasi-Laporan-BUS-dan-UUS/Abstrak%20SEOJK%2032-SEOJK03-2025%20Transparansi%20dan%20Publikasi%20Laporan%20Bank%20Umum%20Syariah%20dan%20Unit%20Usaha%20Syariah.pdf,Abstrak SEOJK 32-SEOJK03-2025 Transparansi dan Publikasi Laporan Bank Umum Syariah dan Unit Usaha Syariah.pdf,Transparansi dan Publikasi Laporan Bank Umum Syariah dan Unit Usaha Syariah,abstrak,32/SEOJK.03/2025,SEOJK,Perbankan,Perbankan Syariah,2026-01-01,143326,head,,https://ojk.go.id/id/regulasi/Pages/32-SEOJK03-2025-Transparansi-dan-Publikasi-Laporan-BUS-dan-UUS.aspx
https://ojk.go.id/id/regulasi/Documents/Pages/32-SEOJK03-2025-Transparansi-dan-Publikasi-Laporan-BUS-dan-UUS/FAQ%20SEOJK%2032-SEOJK03-2025%20Transparansi%20dan%20Publikasi%20Laporan%20Bank%20Umum%20Syariah%20dan%20Unit%20Usaha%20Syariah.pdf,FAQ SEOJK 32-SEOJK03-2025 Transparansi dan Publikasi Laporan Bank Umum Syariah dan Unit Usaha Syariah.pdf,Transparansi dan Publikasi Laporan Bank Umum Syariah dan Unit Usaha Syariah,faq,32/SEOJK.03/2025,SEOJK,Perbankan,Perbankan Syariah,2026-01-01,309675,head,,https://ojk.go.id/id/regulasi/Pages/32-SEOJK03-2025-Transparansi-dan-Publikasi-Laporan-BUS-dan-UUS.aspx
https://ojk.go.id/id/regulasi/Documents/Pages/32-SEOJK03-2025-Transparansi-dan-Publikasi-Laporan-BUS-dan-UUS/FAQ%20SEOJK%2032-SEOJK.03-2025%20Transparansi%20dan%20Publikasi%20Laporan%20Bank%20Umum%20Syariah%20dan%20Unit%20Syariah%202.pdf,FAQ SEOJK 32-SEOJK.03-2025 Transparansi dan Publikasi Laporan Bank Umum Syariah dan Unit Syariah 2.pdf,Transparansi dan Publikasi Laporan Bank Umum Syariah dan Unit Usaha Syariah,faq,32/SEOJK.03/2025,SEOJK,Perbankan,Perbankan Syariah,2026-01-01,313398,head,,https://ojk.go.id/id/regulasi/Pages/32-SEOJK03-2025-Transparansi-dan-Publikasi-Laporan-BUS-dan-UUS.aspx
https://ojk.go.id/id/regulasi/Documents/Pages/29-SEOJK03-2025-Transparansi-dan-Publikasi-Laporan-Bank-Umum-Konvensional/SEOJK%2029-SEOJK03-2025%20Transparansi%20dan%20Publikasi%20Laporan%20Bank%20Umum%20Konvensional.pdf,SEOJK 29-SEOJK03-2025 Transparansi dan Publikasi Laporan Bank Umum Konvensional.pdf,Transparansi dan Publikasi Laporan Bank Umum Konvensional,utama,29/SEOJK.03/2025,SEOJK,Perbankan,Bank Umum,2026-01-01,1520229,head,,https://ojk.go.id/id/regulasi/Pages/29-SEOJK03-2025-Transparansi-dan-Publikasi-Laporan-Bank-Umum-Konvensional.aspx
https://ojk.go.id/id/regulasi/Documents/Pages/29-SEOJK03-2025-Transparansi-dan-Publikasi-Laporan-Bank-Umum-Konvensional/Abstrak%20SEOJK%2029-SEOJK03-2025%20Transparansi%20dan%20Publikasi%20Laporan%20Bank%20Umum%20Konvensional.pdf,Abstrak SEOJK 29-SEOJK03-2025 Transparansi dan Publikasi Laporan Bank Umum Konvensional.pdf,Transparansi dan Publikasi Laporan Bank Umum Konvensional,abstrak,29/SEOJK.03/2025,SEOJK,Perbankan,Bank Umum,2026-01-01,186494,head,,https://ojk.go.id/id/regulasi/Pages/29-SEOJK03-2025-Transparansi-dan-Publikasi-Laporan-Bank-Umum-Konvensional.aspx
https://ojk.go.id/id/regulasi/Documents/Pages/29-SEOJK03-2025-Transparansi-dan-Publikasi-Laporan-Bank-Umum-Konvensional/FAQ%20SEOJK%2029-SEOJK03-2025%20Transparansi%20dan%20Publikasi%20Laporan%20Bank%20Umum%20Konvensional.pdf,FAQ SEOJK 29-SEOJK03-2025 Transparansi dan Publikasi Laporan Bank Umum Konvensional.pdf,Transparansi dan Publikasi Laporan Bank Umum Konvensional,faq,29/SEOJK.03/2025,SEOJK,Perbankan,Bank Umum,2026-01-01,476065,head,,https://ojk.go.id/id/regulasi/Pages/29-SEOJK03-2025-Transparansi-dan-Publikasi-Laporan-Bank-Umum-Konvensional.aspx
https://ojk.go.id/id/regulasi/Documents/Pages/POJK-18-Tahun-2025-Transparansi-dan-Publikasi-Laporan-Bank/POJK%2018%20Tahun%202025%20Transparansi%20dan%20Publikasi%20Laporan%20Bank.pdf,POJK 18 Tahun 2025 Transparansi dan Publikasi Laporan Bank.pdf,Transparansi dan Publikasi Laporan Bank,utama,18 Tahun 2025,POJK,Perbankan,Peraturan Lainnya,2026-01-01,536889,head,,https://ojk.go.id/id/regulasi/Pages/POJK-18-Tahun-2025-Transparansi-dan-Publikasi-Laporan-Bank.aspx
https://ojk.go.id/id/regulasi/Documents/Pages/POJK-18-Tahun-2025-Transparansi-dan-Publikasi-Laporan-Bank/Abstrak%20POJK%2018%20Tahun%202025%20Transparansi%20dan%20Publikasi%20Laporan%20Bank.pdf,Abstrak POJK 18 Tahun 2025 Transparansi dan Publikasi Laporan Bank.pdf,Transparansi dan Publikasi Laporan Bank,abstrak,18 Tahun 2025,POJK,Perbankan,Peraturan Lainnya,2026-01-01,216302,head,,https://ojk.go.id/id/regulasi/Pages/POJK-18-Tahun-2025-Transparansi-dan-Publikasi-Laporan-Bank.aspx
https://ojk.go.id/id/regulasi/Documents/Pages/POJK-18-Tahun-2025-Transparansi-dan-Publikasi-Laporan-Bank/FAQ%20POJK%2018%20Tahun%202025%20Transparansi%20dan%20Publikasi%20Laporan%20Bank.pdf,FAQ POJK 18 Tahun 2025 Transparansi dan Publikasi Laporan Bank.pdf,Transparansi dan Publikasi Laporan Bank,faq,18 Tahun 2025,POJK,Perbankan,Peraturan Lainnya,2026-01-01,256886,head,,https://ojk.go.id/id/regulasi/Pages/POJK-18-Tahun-2025-Transparansi-dan-Publikasi-Laporan-Bank.aspx
https://ojk.go.id/id/regulasi/Documents/Pages/PADK-41-PADK05-2025-Penerapan-Manajemen-Risiko-Bagi-Lembaga-Penjamin/PADK%2041-PADK05-2025%20Penerapan%20Manajemen%20Risiko%20Bagi%20Lembaga%20Penjamin.pdf,PADK 41-PADK05-2025 Penerapan Manajemen Risiko Bagi Lembaga Penjamin.pdf,Penerapan Manajemen Risiko Bagi Lembaga Penjamin,utama,41/PADK.05/2025,PERATURAN ADK,PPDP,Peraturan Lainnya,2026-01-01,1203078,head,,https://ojk.go.id/id/regulasi/Pages/PADK-41-PADK05-2025-Penerapan-Manajemen-Risiko-Bagi-Lembaga-Penjamin.aspx
https://ojk.go.id/id/regulasi/Documents/Pages/PADK-41-PADK05-2025-Penerapan-Manajemen-Risiko-Bagi-Lembaga-Penjamin/Abstrak%20PADK%2041-PADK05-2025%20Penerapan%20Manajemen%20Risiko%20Bagi%20Lembaga%20Penjamin.pdf,Abstrak PADK 41-PADK05-2025 Penerapan Manajemen Risiko Bagi Lembaga Penjamin.pdf,Penerapan Manajemen Risiko Bagi Lembaga Penjamin,abstrak,41/PADK.05/2025,PERATURAN ADK,PPDP,Peraturan Lainnya,2026-01-01,165165,head,,https://ojk.go.id/id/regulasi/Pages/PADK-41-PADK05-2025-Penerapan-Manajemen-Risiko-Bagi-Lembaga-Penjamin.aspx
https://ojk.go.id/id/regulasi/Documents/Pages/PADK-41-PADK05-2025-Penerapan-Manajemen-Risiko-Bagi-Lembaga-Penjamin/FAQ%20PADK%2041-PADK05-2025%20Penerapan%20Manajemen%20Risiko%20Bagi%20Lembaga%20Penjamin.pdf,FAQ PADK 41-PADK05-2025 Penerapan Manajemen Risiko Bagi Lembaga Penjamin.pdf,Penerapan Manajemen Risiko Bagi Lembaga Penjamin,faq,41/PADK.05/2025,PERATURAN ADK,PPDP,Peraturan Lainnya,2026-01-01,218153,head,,https://ojk.go.id/id/regulasi/Pages/PADK-41-PADK05-2025-Penerapan-Manajemen-Risiko-Bagi-Lembaga-Penjamin.aspx
https://ojk.go.id/id/regulasi/Documents/Pages/PADK-47-PADK05-2025-Penilaian-Tingkat-Kesehatan-Lembaga-Penjamin/PADK%2047-PADK05-2025%20Penilaian%20Tingkat%20Kesehatan%20Lembaga%20Penjamin.pdf,PADK 47-PADK05-2025 Penilaian Tingkat Kesehatan Lembaga Penjamin.pdf,Penilaian Tingkat Kesehatan Lembaga Penjamin,utama,47/PADK.05/2025,PERATURAN ADK,PPDP,Lembaga Penjaminan,2026-01-01,1838997,head,,https://ojk.go.id/id/regulasi/Pages/PADK-47-PADK05-2025-Penilaian-Tingkat-Kesehatan-Lembaga-Penjamin.aspx
https://ojk.go.id/id/regulasi/Documents/Pages/PADK-47-PADK05-2025-Penilaian-Tingkat-Kesehatan-Lembaga-Penjamin/Abstrak%20PADK%2047-PADK05-2025%20Penilaian%20Tingkat%20Kesehatan%20Lembaga%20Penjamin.pdf,Abstrak PADK 47-PADK05-2025 Penilaian Tingkat Kesehatan Lembaga Penjamin.pdf,Penilaian Tingkat Kesehatan Lembaga Penjamin,abstrak,47/PADK.05/2025,PERATURAN ADK,PPDP,Lembaga Penjaminan,2026-01-01,182300,head,,https://ojk.go.id/id/regulasi/Pages/PADK-47-PADK05-2025-Penilaian-Tingkat-Kesehatan-Lembaga-Penjamin.aspx
https://ojk.go.id/id/regulasi/Documents/Pages/PADK-47-PADK05-2025-Penilaian-Tingkat-Kesehatan-Lembaga-Penjamin/FAQ%20PADK%2047-PADK05-2025%20Penilaian%20Tingkat%20Kesehatan%20Lembaga%20Penjamin.pdf,FAQ PADK 47-PADK05-2025 Penilaian Tingkat Kesehatan Lembaga Penjamin.pdf,Penilaian Tingkat Kesehatan Lembaga Penjamin,faq,47/PADK.05/2025,PERATURAN ADK,PPDP,Lembaga Penjaminan,2026-01-01,203439,head,,https://ojk.go.id/id/regulasi/Pages/PADK-47-PADK05-2025-Penilaian-Tingkat-Kesehatan-Lembaga-Penjamin.aspx
"https://ojk.go.id/id/regulasi/Documents/Pages/POJK-33-Tahun-2025-Penilaian-Tingkat-Kesehatan-Perusahaan-Perasuransian-Lembaga-Penjamin-dan-Dana-Pensiun/POJK%2033%20Tahun%202025%20Penilaian%20Tingkat%20Kesehatan%20Perusahaan%20Perasuransian,%20Lembaga%20Penjamin,%20dan%20Dana%20Pensiun.pdf","POJK 33 Tahun 2025 Penilaian Tingkat Kesehatan Perusahaan Perasuransian, Lembaga Penjamin, dan Dana Pensiun.pdf",Penilaian Tingkat Kesehatan Perusahaan Perasuransian Lembaga Penjamin dan Dana Pensiun,utama,33 Tahun 2025,POJK,PPDP,Asuransi; Dana Pensiun; Lembaga Penjaminan,2026-01-01,1573286,head,,https://ojk.go.id/id/regulasi/Pages/POJK-33-Tahun-2025-Penilaian-Tingkat-Kesehatan-Perusahaan-Perasuransian-Lembaga-Penjamin-dan-Dana-Pensiun.aspx
"https://ojk.go.id/id/regulasi/Documents/Pages/POJK-33-Tahun-2025-Penilaian-Tingkat-Kesehatan-Perusahaan-Perasuransian-Lembaga-Penjamin-dan-Dana-Pensiun/Abstrak%20POJK%2033%20Tahun%202025%20Penilaian%20Tingkat%20Kesehatan%20Perusahaan%20Perasuransian,%20Lembaga%20Penjamin,%20dan%20Dana%20Pensiun.pdf","Abstrak POJK 33 Tahun 2025 Penilaian Tingkat Kesehatan Perusahaan Perasuransian, Lembaga Penjamin, dan Dana Pensiun.pdf",Penilaian Tingkat Kesehatan Perusahaan Perasuransian Lembaga Penjamin dan Dana Pensiun,abstrak,33 Tahun 2025,POJK,PPDP,Asuransi; Dana Pensiun; Lembaga Penjaminan,2026-01-01,141697,head,,https://ojk.go.id/id/regulasi/Pages/POJK-33-Tahun-2025-Penilaian-Tingkat-Kesehatan-Perusahaan-Perasuransian-Lembaga-Penjamin-dan-Dana-Pensiun.aspx
"https://ojk.go.id/id/regulasi/Documents/Pages/POJK-33-Tahun-2025-Penilaian-Tingkat-Kesehatan-Perusahaan-Perasuransian-Lembaga-Penjamin-dan-Dana-Pensiun/FAQ%20POJK%2033%20Tahun%202025%20Penilaian%20Tingkat%20Kesehatan%20Perusahaan%20Perasuransian,%20Lembaga%20Penjamin,%20dan%20Dana%20Pensiun.pdf","FAQ POJK 33 Tahun 2025 Penilaian Tingkat Kesehatan Perusahaan Perasuransian, Lembaga Penjamin, dan Dana Pensiun.pdf",Penilaian Tingkat Kesehatan Perusahaan Perasuransian Lembaga Penjamin dan Dana Pensiun,faq,33 Tahun 2025,POJK,PPDP,Asuransi; Dana Pensiun; Lembaga Penjaminan,2026-01-01,199626,head,,https://ojk.go.id/id/regulasi/Pages/POJK-33-Tahun-2025-Penilaian-Tingkat-Kesehatan-Perusahaan-Perasuransian-Lembaga-Penjamin-dan-Dana-Pensiun.aspx
"https://ojk.go.id/id/regulasi/Documents/Pages/POJK-28-Tahun-2025-Penerapan-Manajemen-Risiko-bagi-Perusahaan-Perasuransian,-Lembaga-Penjamin,-dan-Dana-Pensiun/POJK%2028%20Tahun%202025%20Penerapan%20Manajemen%20Risiko%20bagi%20Perusahaan%20Perasuransian,%20Lembaga%20Penjamin,%20dan%20Dana%20Pensiun.pdf","POJK 28 Tahun 2025 Penerapan Manajemen Risiko bagi Perusahaan Perasuransian, Lembaga Penjamin, dan Dana Pensiun.pdf","Penerapan Manajemen Risiko bagi Perusahaan Perasuransian, Lembaga Penjamin, dan Dana Pensiun",utama,28 Tahun 2025,POJK,PPDP,Asuransi; Dana Pensiun; Lembaga Penjaminan,2026-01-01,1610963,head,,"https://ojk.go.id/id/regulasi/Pages/POJK-28-Tahun-2025-Penerapan-Manajemen-Risiko-bagi-Perusahaan-Perasuransian,-Lembaga-Penjamin,-dan-Dana-Pensiun.aspx"
"https://ojk.go.id/id/regulasi/Documents/Pages/POJK-28-Tahun-2025-Penerapan-Manajemen-Risiko-bagi-Perusahaan-Perasuransian,-Lembaga-Penjamin,-dan-Dana-Pensiun/Abstrak%20POJK%2028%20Tahun%202025%20Penerapan%20Manajemen%20Risiko%20bagi%20Perusahaan%20Perasuransian,%20Lembaga%20Penjamin,%20dan%20Dana%20Pensiun.pdf","Abstrak POJK 28 Tahun 2025 Penerapan Manajemen Risiko bagi Perusahaan Perasuransian, Lembaga Penjamin, dan Dana Pensiun.pdf","Penerapan Manajemen Risiko bagi Perusahaan Perasuransian, Lembaga Penjamin, dan Dana Pensiun",abstrak,28 Tahun 2025,POJK,PPDP,Asuransi; Dana Pensiun; Lembaga Penjaminan,2026-01-01,137152,head,,"https://ojk.go.id/id/regulasi/Pages/POJK-28-Tahun-2025-Penerapan-Manajemen-Risiko-bagi-Perusahaan-Perasuransian,-Lembaga-Penjamin,-dan-Dana-Pensiun.aspx"
"https://ojk.go.id/id/regulasi/Documents/Pages/POJK-28-Tahun-2025-Penerapan-Manajemen-Risiko-bagi-Perusahaan-Perasuransian,-Lembaga-Penjamin,-dan-Dana-Pensiun/FAQ%20POJK%2028%20Tahun%202025%20Penerapan%20Manajemen%20Risiko%20bagi%20Perusahaan%20Perasuransian,%20Lembaga%20Penjamin,%20dan%20Dana%20Pensiun.pdf","FAQ POJK 28 Tahun 2025 Penerapan Manajemen Risiko bagi Perusahaan Perasuransian, Lembaga Penjamin, dan Dana Pensiun.pdf","Penerapan Manajemen Risiko bagi Perusahaan Perasuransian, Lembaga Penjamin, dan Dana Pensiun",faq,28 Tahun 2025,POJK,PPDP,Asuransi; Dana Pensiun; Lembaga Penjaminan,2026-01-01,196158,head,,"https://ojk.go.id/id/regulasi/Pages/POJK-28-Tahun-2025-Penerapan-Manajemen-Risiko-bagi-Perusahaan-Perasuransian,-Lembaga-Penjamin,-dan-Dana-Pensiun.aspx"
https://ojk.go.id/id/regulasi/Documents/Pages/48-PADK06-2025-Penerapan-Manajemen-Risiko-Bagi-Lembaga-PVML/PADK%2048-PADK06-2025%20Penerapan%20Manajemen%20Risiko%20Bagi%20Lembaga%20PVML.pdf,PADK 48-PADK06-2025 Penerapan Manajemen Risiko Bagi Lembaga PVML.pdf,"Penerapan Manajemen Risiko Bagi Lembaga Pembiayaan, Perusahaan Modal Ventura, Lembaga Keuangan Mikro, dan Lembaga Jasa Keuangan Lainnya",utama,48/PADK.06/2025,PERATURAN ADK,PVML,Lembaga Pembiayaan; Lembaga Keuangan Mikro; Lembaga Jasa Keuangan Lainnya; Perusahaan Modal Ventura; Peraturan Lainnya,2025-01-01,1655258,head,,https://ojk.go.id/id/regulasi/Pages/48-PADK06-2025-Penerapan-Manajemen-Risiko-Bagi-Lembaga-PVML.aspx
https://ojk.go.id/id/regulasi/Documents/Pages/48-PADK06-2025-Penerapan-Manajemen-Risiko-Bagi-Lembaga-PVML/Abstrak%20PADK%2048-PADK06-2025%20Penerapan%20Manajemen%20Risiko%20Bagi%20Lembaga%20PVML.pdf,Abstrak PADK 48-PADK06-2025 Penerapan Manajemen Risiko Bagi Lembaga PVML.pdf,"Penerapan Manajemen Risiko Bagi Lembaga Pembiayaan, Perusahaan Modal Ventura, Lembaga Keuangan Mikro, dan Lembaga Jasa Keuangan Lainnya",abstrak,48/PADK.06/2025,PERATURAN ADK,PVML,Lembaga Pembiayaan; Lembaga Keuangan Mikro; Lembaga Jasa Keuangan Lainnya; Perusahaan Modal Ventura; Peraturan Lainnya,2025-01-01,125030,head,,https://ojk.go.id/id/regulasi/Pages/48-PADK06-2025-Penerapan-Manajemen-Risiko-Bagi-Lembaga-PVML.aspx
https://ojk.go.id/id/regulasi/Documents/Pages/48-PADK06-2025-Penerapan-Manajemen-Risiko-Bagi-Lembaga-PVML/FAQ%20PADK%2048-PADK06-2025%20Penerapan%20Manajemen%20Risiko%20Bagi%20Lembaga%20PVML.pdf,FAQ PADK 48-PADK06-2025 Penerapan Manajemen Risiko Bagi Lembaga PVML.pdf,"Penerapan Manajemen Risiko Bagi Lembaga Pembiayaan, Perusahaan Modal Ventura, Lembaga Keuangan Mikro, dan Lembaga Jasa Keuangan Lainnya",faq,48/PADK.06/2025,PERATURAN ADK,PVML,Lembaga Pembiayaan; Lembaga Keuangan Mikro; Lembaga Jasa Keuangan Lainnya; Perusahaan Modal Ventura; Peraturan Lainnya,2025-01-01,187327,head,,https://ojk.go.id/id/regulasi/Pages/48-PADK06-2025-Penerapan-Manajemen-Risiko-Bagi-Lembaga-PVML.aspx
"https://ojk.go.id/id/regulasi/Documents/Pages/PADK-46-PADK05-2025-Lini-Usaha-Asuransi-Umum,-Asuransi-Umum-Syariah,-Asuransi-Jiwa,-dan-Asuransi-Jiwa-Syariah/PADK%2046-PADK05-2025%20Lini%20Usaha%20Asuransi%20Umum,%20Asuransi%20Umum%20Syariah,%20Asuransi%20Jiwa,%20dan%20Asuransi%20Jiwa%20Syariah.pdf","PADK 46-PADK05-2025 Lini Usaha Asuransi Umum, Asuransi Umum Syariah, Asuransi Jiwa, dan Asuransi Jiwa Syariah.pdf","Lini Usaha Asuransi Umum, Asuransi Umum Syariah, Asuransi Jiwa, dan Asuransi Jiwa Syariah",utama,46/PADK.05/2025,PERATURAN ADK,PPDP,Asuransi,2025-01-01,209026,head,,"https://ojk.go.id/id/regulasi/Pages/PADK-46-PADK05-2025-Lini-Usaha-Asuransi-Umum,-Asuransi-Umum-Syariah,-Asuransi-Jiwa,-dan-Asuransi-Jiwa-Syariah.aspx"
"https://ojk.go.id/id/regulasi/Documents/Pages/PADK-46-PADK05-2025-Lini-Usaha-Asuransi-Umum,-Asuransi-Umum-Syariah,-Asuransi-Jiwa,-dan-Asuransi-Jiwa-Syariah/Abstrak%20PADK%2046-PADK05-2025%20Lini%20Usaha%20Asuransi%20Umum,%20Asuransi%20Umum%20Syariah,%20Asuransi%20Jiwa,%20dan%20Asuransi%20Jiwa%20Syar.pdf","Abstrak PADK 46-PADK05-2025 Lini Usaha Asuransi Umum, Asuransi Umum Syariah, Asuransi Jiwa, dan Asuransi Jiwa Syar.pdf","Lini Usaha Asuransi Umum, Asuransi Umum Syariah, Asuransi Jiwa, dan Asuransi Jiwa Syariah",abstrak,46/PADK.05/2025,PERATURAN ADK,PPDP,Asuransi,2025-01-01,185639,head,,"https://ojk.go.id/id/regulasi/Pages/PADK-46-PADK05-2025-Lini-Usaha-Asuransi-Umum,-Asuransi-Umum-Syariah,-Asuransi-Jiwa,-dan-Asuransi-Jiwa-Syariah.aspx"
"https://ojk.go.id/id/regulasi/Documents/Pages/PADK-46-PADK05-2025-Lini-Usaha-Asuransi-Umum,-Asuransi-Umum-Syariah,-Asuransi-Jiwa,-dan-Asuransi-Jiwa-Syariah/FAQ%20PADK%2046-PADK05-2025%20Lini%20Usaha%20Asuransi%20Umum,%20Asuransi%20Umum%20Syariah,%20Asuransi%20Jiwa,%20dan%20Asuransi%20Jiwa%20Syariah.pdf","FAQ PADK 46-PADK05-2025 Lini Usaha Asuransi Umum, Asuransi Umum Syariah, Asuransi Jiwa, dan Asuransi Jiwa Syariah.pdf","Lini Usaha Asuransi Umum, Asuransi Umum Syariah, Asuransi Jiwa, dan Asuransi Jiwa Syariah",faq,46/PADK.05/2025,PERATURAN ADK,PPDP,Asuransi,2025-01-01,207046,head,,"https://ojk.go.id/id/regulasi/Pages/PADK-46-PADK05-2025-Lini-Usaha-Asuransi-Umum,-Asuransi-Umum-Syariah,-Asuransi-Jiwa,-dan-Asuransi-Jiwa-Syariah.aspx"
https://ojk.go.id/id/regulasi/Documents/Pages/POJK-42-Tahun-2025-Integritas-Pelaporan-Keuangan-PVML/POJK%2042%20Tahun%202025%20Integritas%20Pelaporan%20Keuangan%20PVML.pdf,POJK 42 Tahun 2025 Integritas Pelaporan Keuangan PVML.pdf,"Integritas Pelaporan Keuangan Lembaga Pembiayaan, Perusahaan Modal Ventura, Lembaga Keuangan Mikro, dan Lembaga Jasa Keuangan Lainnya",utama,42 Tahun 2025,POJK,PVML,Lembaga Pembiayaan; Lembaga Keuangan Mikro; Lembaga Jasa Keuangan Lainnya; Perusahaan Modal Ventura; Peraturan Lainnya,2025-01-01,1536642,head,,https://ojk.go.id/id/regulasi/Pages/POJK-42-Tahun-2025-Integritas-Pelaporan-Keuangan-PVML.aspx
https://ojk.go.id/id/regulasi/Documents/Pages/POJK-42-Tahun-2025-Integritas-Pelaporan-Keuangan-PVML/Abstrak%20POJK%2042%20Tahun%202025%20Integritas%20Pelaporan%20Keuangan%20PVML.pdf,Abstrak POJK 42 Tahun 2025 Integritas Pelaporan Keuangan PVML.pdf,"Integritas Pelaporan Keuangan Lembaga Pembiayaan, Perusahaan Modal Ventura, Lembaga Keuangan Mikro, dan Lembaga Jasa Keuangan Lainnya",abstrak,42 Tahun 2025,POJK,PVML,Lembaga Pembiayaan; Lembaga Keuangan Mikro; Lembaga Jasa Keuangan Lainnya; Perusahaan Modal Ventura; Peraturan Lainnya,2025-01-01,139666,head,,https://ojk.go.id/id/regulasi/Pages/POJK-42-Tahun-2025-Integritas-Pelaporan-Keuangan-PVML.aspx
https://ojk.go.id/id/regulasi/Documents/Pages/POJK-42-Tahun-2025-Integritas-Pelaporan-Keuangan-PVML/FAQ%20POJK%2042%20Tahun%202025%20Integritas%20Pelaporan%20Keuangan%20PVML.pdf,FAQ POJK 42 Tahun 2025 Integritas Pelaporan Keuangan PVML.pdf,"Integritas Pelaporan Keuangan Lembaga Pembiayaan, Perusahaan Modal Ventura, Lembaga Keuangan Mikro, dan Lembaga Jasa Keuangan Lainnya",faq,42 Tahun 2025,POJK,PVML,Lembaga Pembiayaan; Lembaga Keuangan Mikro; Lembaga Jasa Keuangan Lainnya; Perusahaan Modal Ventura; Peraturan Lainnya,2025-01-01,202553,head,,https://ojk.go.id/id/regulasi/Pages/POJK-42-Tahun-2025-Integritas-Pelaporan-Keuangan-PVML.aspx
"https://ojk.go.id/id/regulasi/Documents/Pages/POJK-41-Tahun-2025-Kantor-Perwakilan-PVML-yang-Berkantor-Pusat-di-Luar-Negeri/POJK%2041%20Tahun%202025%20Kantor%20Perwakilan%20Lembaga%20Pembiayaan,%20Perusahaan%20Modal%20Ventura,%20dan%20Lembaga%20Jasa%20Keuangan%20Lainnya%20yang%20Berkantor%20Pusat%20di%20Luar%20Negeri.pdf","POJK 41 Tahun 2025 Kantor Perwakilan Lembaga Pembiayaan, Perusahaan Modal Ventura, dan Lembaga Jasa Keuangan Lainnya yang Berkantor Pusat di Luar Negeri.pdf","Kantor Perwakilan Lembaga Pembiayaan, Perusahaan Modal Ventura, dan Lembaga Jasa Keuangan Lainnya yang Berkantor Pusat di Luar Negeri",utama,41 Tahun 2025,POJK,PVML,Peraturan Lainnya,2025-01-01,1803298,head,,https://ojk.go.id/id/regulasi/Pages/POJK-41-Tahun-2025-Kantor-Perwakilan-PVML-yang-Berkantor-Pusat-di-Luar-Negeri.aspx
"https://ojk.go.id/id/regulasi/Documents/Pages/POJK-41-Tahun-2025-Kantor-Perwakilan-PVML-yang-Berkantor-Pusat-di-Luar-Negeri/Abstrak%20POJK%2041%20Tahun%202025%20Kantor%20Perwakilan%20Lembaga%20Pembiayaan,%20Perusahaan%20Modal%20Ventura,%20dan%20Lembaga%20Jasa%20Keuangan%20Lainnya%20yang%20Berkantor%20Pusat%20di%20Luar%20Negeri.pdf","Abstrak POJK 41 Tahun 2025 Kantor Perwakilan Lembaga Pembiayaan, Perusahaan Modal Ventura, dan Lembaga Jasa Keuangan Lainnya yang Berkantor Pusat di Luar Negeri.pdf","Kantor Perwakilan Lembaga Pembiayaan, Perusahaan Modal Ventura, dan Lembaga Jasa Keuangan Lainnya yang Berkantor Pusat di Luar Negeri",abstrak,41 Tahun 2025,POJK,PVML,Peraturan Lainnya,2025-01-01,140339,head,,https://ojk.go.id/id/regulasi/Pages/POJK-41-Tahun-2025-Kantor-Perwakilan-PVML-yang-Berkantor-Pusat-di-Luar-Negeri.aspx
"https://ojk.go.id/id/regulasi/Documents/Pages/POJK-41-Tahun-2025-Kantor-Perwakilan-PVML-yang-Berkantor-Pusat-di-Luar-Negeri/FAQ%20POJK%2041%20Tahun%202025%20Kantor%20Perwakilan%20Lembaga%20Pembiayaan,%20Perusahaan%20Modal%20Ventura,%20dan%20Lembaga%20Jasa%20Keuangan%20Lainnya%20yang%20Berkantor%20Pusat%20di%20Luar%20Negeri.pdf","FAQ POJK 41 Tahun 2025 Kantor Perwakilan Lembaga Pembiayaan, Perusahaan Modal Ventura, dan Lembaga Jasa Keuangan Lainnya yang Berkantor Pusat di Luar Negeri.pdf","Kantor Perwakilan Lembaga Pembiayaan, Perusahaan Modal Ventura, dan Lembaga Jasa Keuangan Lainnya yang Berkantor Pusat di Luar Negeri",faq,41 Tahun 2025,POJK,PVML,Peraturan Lainnya,2025-01-01,182871,head,,https://ojk.go.id/id/regulasi/Pages/POJK-41-Tahun-2025-Kantor-Perwakilan-PVML-yang-Berkantor-Pusat-di-Luar-Negeri.aspx
https://ojk.go.id/id/regulasi/Documents/Pages/POJK-39-Tahun-2025-Tata-Cara-Penagihan-Sanksi-Administratif-Berupa-Denda-di-SJK/POJK%2039%20Tahun%202025%20Tata%20Cara%20Penagihan%20Sanksi%20Administratif%20Berupa%20Denda%20di%20SJK.pdf,POJK 39 Tahun 2025 Tata Cara Penagihan Sanksi Administratif Berupa Denda di SJK.pdf,Tata Cara Penagihan Sanksi Administratif Berupa Denda di Sektor Jasa Keuangan,utama,39 Tahun 2025,POJK,OJK Wide,Peraturan Lainnya,2025-01-01,1651442,head,,https://ojk.go.id/id/regulasi/Pages/POJK-39-Tahun-2025-Tata-Cara-Penagihan-Sanksi-Administratif-Berupa-Denda-di-SJK.aspx
https://ojk.go.id/id/regulasi/Documents/Pages/POJK-39-Tahun-2025-Tata-Cara-Penagihan-Sanksi-Administratif-Berupa-Denda-di-SJK/Abstrak%20POJK%2039%20Tahun%202025%20Tata%20Cara%20Penagihan%20Sanksi%20Administratif%20Berupa%20Denda%20di%20SJK.pdf,Abstrak POJK 39 Tahun 2025 Tata Cara Penagihan Sanksi Administratif Berupa Denda di SJK.pdf,Tata Cara Penagihan Sanksi Administratif Berupa Denda di Sektor Jasa Keuangan,abstrak,39 Tahun 2025,POJK,OJK Wide,Peraturan Lainnya,2025-01-01,166176,head,,https://ojk.go.id/id/regulasi/Pages/POJK-39-Tahun-2025-Tata-Cara-Penagihan-Sanksi-Administratif-Berupa-Denda-di-SJK.aspx
https://ojk.go.id/id/regulasi/Documents/Pages/POJK-39-Tahun-2025-Tata-Cara-Penagihan-Sanksi-Administratif-Berupa-Denda-di-SJK/FAQ%20POJK%2039%20Tahun%202025%20Tata%20Cara%20Penagihan%20Sanksi%20Administratif%20Berupa%20Denda%20di%20SJK.pdf,FAQ POJK 39 Tahun 2025 Tata Cara Penagihan Sanksi Administratif Berupa Denda di SJK.pdf,Tata Cara Penagihan Sanksi Administratif Berupa Denda di Sektor Jasa Keuangan,faq,39 Tahun 2025,POJK,OJK Wide,Peraturan Lainnya,2025-01-01,177914,head,,https://ojk.go.id/id/regulasi/Pages/POJK-39-Tahun-2025-Tata-Cara-Penagihan-Sanksi-Administratif-Berupa-Denda-di-SJK.aspx
https://ojk.go.id/id/regulasi/Documents/Pages/POJK-38-Tahun-2025-Gugatan-oleh-OJK-untuk-Pelindungan-Konsumen-di-Sektor-Jasa-Keuangan/POJK%2038%20Tahun%202025%20Gugatan%20oleh%20OJK%20untuk%20Pelindungan%20Konsumen%20di%20Sektor%20Jasa%20Keuangan.pdf,POJK 38 Tahun 2025 Gugatan oleh OJK untuk Pelindungan Konsumen di Sektor Jasa Keuangan.pdf,Gugatan oleh Otoritas Jasa Keuangan untuk Pelindungan Konsumen di Sektor Jasa Keuangan,utama,38 Tahun 2025,POJK,EPK,Peraturan Lainnya,2025-01-01,1689964,head,,https://ojk.go.id/id/regulasi/Pages/POJK-38-Tahun-2025-Gugatan-oleh-OJK-untuk-Pelindungan-Konsumen-di-Sektor-Jasa-Keuangan.aspx
https://ojk.go.id/id/regulasi/Documents/Pages/POJK-38-Tahun-2025-Gugatan-oleh-OJK-untuk-Pelindungan-Konsumen-di-Sektor-Jasa-Keuangan/Abstrak%20POJK%2038%20Tahun%202025%20Gugatan%20oleh%20OJK%20untuk%20Pelindungan%20Konsumen%20di%20Sektor%20Jasa%20Keuangan.pdf,Abstrak POJK 38 Tahun 2025 Gugatan oleh OJK untuk Pelindungan Konsumen di Sektor Jasa Keuangan.pdf,Gugatan oleh Otoritas Jasa Keuangan untuk Pelindungan Konsumen di Sektor Jasa Keuangan,abstrak,38 Tahun 2025,POJK,EPK,Peraturan Lainnya,2025-01-01,119465,head,,https://ojk.go.id/id/regulasi/Pages/POJK-38-Tahun-2025-Gugatan-oleh-OJK-untuk-Pelindungan-Konsumen-di-Sektor-Jasa-Keuangan.aspx
https://ojk.go.id/id/regulasi/Documents/Pages/POJK-38-Tahun-2025-Gugatan-oleh-OJK-untuk-Pelindungan-Konsumen-di-Sektor-Jasa-Keuangan/FAQ%20POJK%2038%20Tahun%202025%20Gugatan%20oleh%20OJK%20untuk%20Pelindungan%20Konsumen%20di%20Sektor%20Jasa%20Keuangan.pdf,FAQ POJK 38 Tahun 2025 Gugatan oleh OJK untuk Pelindungan Konsumen di Sektor Jasa Keuangan.pdf,Gugatan oleh Otoritas Jasa Keuangan untuk Pelindungan Konsumen di Sektor Jasa Keuangan,faq,38 Tahun 2025,POJK,EPK,Peraturan Lainnya,2025-01-01,198453,head,,https://ojk.go.id/id/regulasi/Pages/POJK-38-Tahun-2025-Gugatan-oleh-OJK-untuk-Pelindungan-Konsumen-di-Sektor-Jasa-Keuangan.aspx
https://ojk.go.id/id/regulasi/Documents/Pages/POJK-35-Tahun-2025-Perubahan-POJK-46-Tahun-2024/POJK%2035%20Tahun%202025%20Perubahan%20POJK%2046%20Tahun%202024%20Pengembangan%20dan%20Penguatan%20Perusahaan%20Pembiayaan%20Perusahaan%20Pembiayaan%20Infrastruktur%20dan%20PMV.pdf,POJK 35 Tahun 2025 Perubahan POJK 46 Tahun 2024 Pengembangan dan Penguatan Perusahaan Pembiayaan Perusahaan Pembiayaan Infrastruktur dan PMV.pdf,"Perubahan ​Peraturan Otoritas Jasa Keuangan 46 Tahun 2024 tentang Pengembangan dan Penguatan Perusahaan Pembiayaan, Perusahaan Pembiayaan Infrastruktur, dan Perusahaan Modal Ventura",utama,35 Tahun 2025,POJK,PVML,Perusahaan Modal Ventura; Peraturan Lainnya,2025-01-01,1905282,head,,https://ojk.go.id/id/regulasi/Pages/POJK-35-Tahun-2025-Perubahan-POJK-46-Tahun-2024.aspx
https://ojk.go.id/id/regulasi/Documents/Pages/POJK-35-Tahun-2025-Perubahan-POJK-46-Tahun-2024/Abstrak%20POJK%2035%20Tahun%202025%20Perubahan%20POJK%2046%20Tahun%202024%20Pengembangan%20dan%20Penguatan%20Perusahaan%20Pembiayaan%20Perusahaan%20Pembiayaan%20Infrastruktur%20dan%20PMV.pdf,Abstrak POJK 35 Tahun 2025 Perubahan POJK 46 Tahun 2024 Pengembangan dan Penguatan Perusahaan Pembiayaan Perusahaan Pembiayaan Infrastruktur dan PMV.pdf,"Perubahan ​Peraturan Otoritas Jasa Keuangan 46 Tahun 2024 tentang Pengembangan dan Penguatan Perusahaan Pembiayaan, Perusahaan Pembiayaan Infrastruktur, dan Perusahaan Modal Ventura",abstrak,35 Tahun 2025,POJK,PVML,Perusahaan Modal Ventura; Peraturan Lainnya,2025-01-01,144162,head,,https://ojk.go.id/id/regulasi/Pages/POJK-35-Tahun-2025-Perubahan-POJK-46-Tahun-2024.aspx
https://ojk.go.id/id/regulasi/Documents/Pages/POJK-35-Tahun-2025-Perubahan-POJK-46-Tahun-2024/FAQ%20POJK%2035%20Tahun%202025%20Perubahan%20POJK%2046%20Tahun%202024%20Pengembangan%20dan%20Penguatan%20Perusahaan%20Pembiayaan%20Perusahaan%20Pembiayaan%20Infrastruktur%20dan%20PMV.pdf,FAQ POJK 35 Tahun 2025 Perubahan POJK 46 Tahun 2024 Pengembangan dan Penguatan Perusahaan Pembiayaan Perusahaan Pembiayaan Infrastruktur dan PMV.pdf,"Perubahan ​Peraturan Otoritas Jasa Keuangan 46 Tahun 2024 tentang Pengembangan dan Penguatan Perusahaan Pembiayaan, Perusahaan Pembiayaan Infrastruktur, dan Perusahaan Modal Ventura",faq,35 Tahun 2025,POJK,PVML,Perusahaan Modal Ventura; Peraturan Lainnya,2025-01-01,228899,head,,https://ojk.go.id/id/regulasi/Pages/POJK-35-Tahun-2025-Perubahan-POJK-46-Tahun-2024.aspx
https://ojk.go.id/id/regulasi/Documents/Pages/POJK-34-Tahun-2025-Penyelenggaraan-Teknologi-Informasi-oleh-Bank-Perekonomian-Rakyat-dan-Bank-Perekonomian-Rakyat-Syariah/POJK%2034%20Tahun%202025%20Penyelenggaraan%20Teknologi%20Informasi%20oleh%20Bank%20Perekonomian%20Rakyat%20dan%20Bank%20Perekonomian%20Rakyat%20Syariah.pdf,POJK 34 Tahun 2025 Penyelenggaraan Teknologi Informasi oleh Bank Perekonomian Rakyat dan Bank Perekonomian Rakyat Syariah.pdf,Penyelenggaraan Teknologi Informasi oleh Bank Perekonomian Rakyat dan Bank Perekonomian Rakyat Syariah,utama,34 Tahun 2025,POJK,Perbankan,BPR; BPRS,2025-01-01,1746988,head,,https://ojk.go.id/id/regulasi/Pages/POJK-34-Tahun-2025-Penyelenggaraan-Teknologi-Informasi-oleh-Bank-Perekonomian-Rakyat-dan-Bank-Perekonomian-Rakyat-Syariah.aspx
https://ojk.go.id/id/regulasi/Documents/Pages/POJK-34-Tahun-2025-Penyelenggaraan-Teknologi-Informasi-oleh-Bank-Perekonomian-Rakyat-dan-Bank-Perekonomian-Rakyat-Syariah/Abstrak%20POJK%2034%20Tahun%202025%20Penyelenggaraan%20Teknologi%20Informasi%20oleh%20Bank%20Perekonomian%20Rakyat%20dan%20Bank%20Perekonomian%20Rakyat%20Syariah.pdf,Abstrak POJK 34 Tahun 2025 Penyelenggaraan Teknologi Informasi oleh Bank Perekonomian Rakyat dan Bank Perekonomian Rakyat Syariah.pdf,Penyelenggaraan Teknologi Informasi oleh Bank Perekonomian Rakyat dan Bank Perekonomian Rakyat Syariah,abstrak,34 Tahun 2025,POJK,Perbankan,BPR; BPRS,2025-01-01,146023,head,,https://ojk.go.id/id/regulasi/Pages/POJK-34-Tahun-2025-Penyelenggaraan-Teknologi-Informasi-oleh-Bank-Perekonomian-Rakyat-dan-Bank-Perekonomian-Rakyat-Syariah.aspx
https://ojk.go.id/id/regulasi/Documents/Pages/POJK-34-Tahun-2025-Penyelenggaraan-Teknologi-Informasi-oleh-Bank-Perekonomian-Rakyat-dan-Bank-Perekonomian-Rakyat-Syariah/FAQ%20POJK%2034%20Tahun%202025%20Penyelenggaraan%20Teknologi%20Informasi%20oleh%20Bank%20Perekonomian%20Rakyat%20dan%20Bank%20Perekonomian%20Rakyat%20Syariah.pdf,FAQ POJK 34 Tahun 2025 Penyelenggaraan Teknologi Informasi oleh Bank Perekonomian Rakyat dan Bank Perekonomian Rakyat Syariah.pdf,Penyelenggaraan Teknologi Informasi oleh Bank Perekonomian Rakyat dan Bank Perekonomian Rakyat Syariah,faq,34 Tahun 2025,POJK,Perbankan,BPR; BPRS,2025-01-01,227687,head,,https://ojk.go.id/id/regulasi/Pages/POJK-34-Tahun-2025-Penyelenggaraan-Teknologi-Informasi-oleh-Bank-Perekonomian-Rakyat-dan-Bank-Perekonomian-Rakyat-Syariah.aspx
https://ojk.go.id/id/regulasi/Documents/Pages/PADK-43-PADK03-2025-Penyelenggaraan-Teknologi-Informasi-oleh-BPR-BPRS/PADK%2043-PADK03-2025%20Penyelenggaraan%20Teknologi%20Informasi%20oleh%20BPR%20BPRS.pdf,PADK 43-PADK03-2025 Penyelenggaraan Teknologi Informasi oleh BPR BPRS.pdf,Penyelenggaraan Teknologi Informasi oleh Bank Perekonomian Rakyat dan Bank Perekonomian Rakyat Syariah,utama,43/PADK.03/2025,PERATURAN ADK,Perbankan,BPR; BPRS,2025-01-01,1954774,head,,https://ojk.go.id/id/regulasi/Pages/PADK-43-PADK03-2025-Penyelenggaraan-Teknologi-Informasi-oleh-BPR-BPRS.aspx
https://ojk.go.id/id/regulasi/Documents/Pages/PADK-43-PADK03-2025-Penyelenggaraan-Teknologi-Informasi-oleh-BPR-BPRS/Abstrak%20PADK%2043-PADK03-2025%20Penyelenggaraan%20Teknologi%20Informasi%20oleh%20BPR%20BPRS.pdf,Abstrak PADK 43-PADK03-2025 Penyelenggaraan Teknologi Informasi oleh BPR BPRS.pdf,Penyelenggaraan Teknologi Informasi oleh Bank Perekonomian Rakyat dan Bank Perekonomian Rakyat Syariah,abstrak,43/PADK.03/2025,PERATURAN ADK,Perbankan,BPR; BPRS,2025-01-01,153545,head,,https://ojk.go.id/id/regulasi/Pages/PADK-43-PADK03-2025-Penyelenggaraan-Teknologi-Informasi-oleh-BPR-BPRS.aspx
https://ojk.go.id/id/regulasi/Documents/Pages/PADK-43-PADK03-2025-Penyelenggaraan-Teknologi-Informasi-oleh-BPR-BPRS/FAQ%20PADK%2043-PADK03-2025%20Penyelenggaraan%20Teknologi%20Informasi%20oleh%20BPR%20BPRS.pdf,FAQ PADK 43-PADK03-2025 Penyelenggaraan Teknologi Informasi oleh BPR BPRS.pdf,Penyelenggaraan Teknologi Informasi oleh Bank Perekonomian Rakyat dan Bank Perekonomian Rakyat Syariah,faq,43/PADK.03/2025,PERATURAN ADK,Perbankan,BPR; BPRS,2025-01-01,225791,head,,https://ojk.go.id/id/regulasi/Pages/PADK-43-PADK03-2025-Penyelenggaraan-Teknologi-Informasi-oleh-BPR-BPRS.aspx
